time_s,cart_x_m,theta_rad,cart_v_mps,theta_dot_radps,force_N,solve_time_ms,solver_success,solver_status,first_x_ddot_mps2,first_theta_ddot_radps2,passive_hinge_id_residual_Nm
0.010000,-0.000011123,0.080223217,0.000000000,0.000000000,6.613993119,14.992716,1,Solve_Succeeded,6.180576080,-13.421468490,-6.938893903907e-17
0.020000,0.000595810,0.079104419,0.051589318,-0.095097826,6.613993119,14.992716,1,Solve_Succeeded,6.180576080,-13.421468490,-6.938893903907e-17
0.030000,0.001820974,0.076640196,0.111877353,-0.223723652,1.849771170,3.030854,1,Solve_Succeeded,1.653393614,-2.241099101,-6.938893903907e-18
0.040000,0.003211481,0.073951818,0.134974726,-0.262070691,1.849771170,3.030854,1,Solve_Succeeded,1.653393614,-2.241099101,-6.938893903907e-18
0.050000,0.004767719,0.071031736,0.152526405,-0.287517520,0.144423644,3.430592,1,Solve_Succeeded,0.038746301,1.642142688,0.000000000000e+00
0.060000,0.006327833,0.068275870,0.155488673,-0.277376226,0.144423644,3.430592,1,Solve_Succeeded,0.038746301,1.642142688,0.000000000000e+00
0.070000,0.007892201,0.065676563,0.156294558,-0.262547572,0.254763200,2.726565,1,Solve_Succeeded,0.151098595,1.231259848,0.000000000000e+00
0.080000,0.009471678,0.063200402,0.157699763,-0.249855830,0.254763200,2.726565,1,Solve_Succeeded,0.151098595,1.231259848,0.000000000000e+00
0.090000,0.011066606,0.060840472,0.159223821,-0.238072372,0.395032309,3.987746,1,Solve_Succeeded,0.291259409,0.763542557,-6.938893903907e-18
0.100000,0.012690659,0.058556910,0.161928091,-0.229813625,0.395032309,3.987746,1,Solve_Succeeded,0.291259409,0.763542557,-6.938893903907e-18
0.110000,0.014344154,0.056343329,0.164836277,-0.222626510,0.378260941,2.931402,1,Solve_Succeeded,0.281529273,0.677629902,0.000000000000e+00
0.120000,0.016025801,0.054197516,0.167665459,-0.215788058,0.378260941,2.931402,1,Solve_Succeeded,0.281529273,0.677629902,0.000000000000e+00
0.130000,0.017735899,0.052113471,0.170508104,-0.209511987,0.334315153,4.941488,1,Solve_Succeeded,0.245571783,0.663671058,-3.469446951954e-18
0.140000,0.019470553,0.050095797,0.173021818,-0.202929103,0.334315153,4.941488,1,Solve_Succeeded,0.245571783,0.663671058,-3.469446951954e-18
0.150000,0.021230044,0.048138851,0.175510016,-0.196779774,0.301722682,3.181657,1,Solve_Succeeded,0.220069575,0.629912907,0.000000000000e+00
0.160000,0.023011542,0.046244898,0.177753797,-0.190502976,0.301722682,3.181657,1,Solve_Succeeded,0.220069575,0.629912907,0.000000000000e+00
0.170000,0.024815309,0.044408641,0.179983300,-0.184657264,0.275092775,2.749685,1,Solve_Succeeded,0.199906939,0.588835098,3.469446951954e-18
0.180000,0.026639067,0.042631269,0.182016898,-0.178775252,0.275092775,2.749685,1,Solve_Succeeded,0.199906939,0.588835098,3.469446951954e-18
0.190000,0.028483062,0.040907810,0.184042137,-0.173310332,0.249938956,3.236842,1,Solve_Succeeded,0.180833585,0.550666639,0.000000000000e+00
0.200000,0.030345140,0.039239417,0.185882977,-0.167809923,0.249938956,3.236842,1,Solve_Succeeded,0.180833585,0.550666639,0.000000000000e+00
0.210000,0.032225534,0.037621424,0.187715910,-0.162700853,0.225901692,2.837812,1,Solve_Succeeded,0.162527241,0.515844046,0.000000000000e+00
0.220000,0.034122180,0.036055016,0.189372304,-0.157549843,0.225901692,2.837812,1,Solve_Succeeded,0.162527241,0.515844046,0.000000000000e+00
0.230000,0.036035297,0.034535810,0.191020776,-0.152764985,0.203237315,2.707689,1,Solve_Succeeded,0.145250331,0.483376001,0.000000000000e+00
0.240000,0.037962939,0.033064941,0.192502653,-0.147938601,0.203237315,2.707689,1,Solve_Succeeded,0.145250331,0.483376001,0.000000000000e+00
0.250000,0.039905310,0.031638295,0.193976976,-0.143455739,0.181938236,2.581038,1,Solve_Succeeded,0.129012782,0.452925941,0.000000000000e+00
0.260000,0.041860583,0.030256940,0.195294714,-0.138933486,0.181938236,2.581038,1,Solve_Succeeded,0.129012782,0.452925941,0.000000000000e+00
0.270000,0.043828949,0.028917013,0.196605348,-0.134733811,0.161902456,2.806728,1,Solve_Succeeded,0.113733619,0.424404185,0.000000000000e+00
0.280000,0.045808689,0.027619526,0.197768664,-0.130496471,0.161902456,2.806728,1,Solve_Succeeded,0.113733619,0.424404185,0.000000000000e+00
0.290000,0.047799982,0.026360849,0.198925277,-0.126562044,0.143041077,3.217013,1,Solve_Succeeded,0.099343371,0.397710908,1.734723475977e-18
0.300000,0.049801211,0.025141942,0.199943175,-0.122591383,0.143041077,3.217013,1,Solve_Succeeded,0.099343371,0.397710908,1.734723475977e-18
0.310000,0.051812543,0.023959396,0.200954734,-0.118905176,0.125280635,3.472124,1,Solve_Succeeded,0.085786338,0.372729525,0.000000000000e+00
0.320000,0.053832454,0.022814121,0.201835642,-0.115184086,0.125280635,3.472124,1,Solve_Succeeded,0.085786338,0.372729525,0.000000000000e+00
0.330000,0.055861103,0.021702915,0.202710551,-0.111730154,0.108553452,2.639916,1,Solve_Succeeded,0.073011448,0.349348406,-1.734723475977e-18
0.340000,0.057897054,0.020626643,0.203462376,-0.108242641,0.108553452,2.639916,1,Solve_Succeeded,0.073011448,0.349348406,-1.734723475977e-18
0.350000,0.059940456,0.019582294,0.204208522,-0.105006081,0.092795516,2.969859,1,Solve_Succeeded,0.060970297,0.327464694,0.000000000000e+00
0.360000,0.061989955,0.018570691,0.204838685,-0.101737181,0.092795516,2.969859,1,Solve_Succeeded,0.060970297,0.327464694,0.000000000000e+00
0.370000,0.064045692,0.017589003,0.205463468,-0.098704048,0.077946732,3.290797,1,Solve_Succeeded,0.049617423,0.306982588,0.000000000000e+00
0.380000,0.066106391,0.016638013,0.205978928,-0.095639756,0.077946732,3.290797,1,Solve_Succeeded,0.049617423,0.306982588,0.000000000000e+00
0.390000,0.068172184,0.015715059,0.206489291,-0.092796999,0.063950897,3.335885,1,Solve_Succeeded,0.038910340,0.287812336,0.000000000000e+00
0.400000,0.070241869,0.014820887,0.206896579,-0.089924206,0.063950897,3.335885,1,Solve_Succeeded,0.038910340,0.287812336,0.000000000000e+00
0.410000,0.072315570,0.013952993,0.207299033,-0.087259609,0.050755446,2.823749,1,Solve_Succeeded,0.028809337,0.269869865,0.000000000000e+00
0.420000,0.074392151,0.013112086,0.207604277,-0.084566048,0.050755446,2.823749,1,Solve_Succeeded,0.028809337,0.269869865,0.000000000000e+00
0.430000,0.076471731,0.012295812,0.207904935,-0.082068179,0.038311192,3.059852,1,Solve_Succeeded,0.019277267,0.253076475,0.000000000000e+00
0.440000,0.078553239,0.011504846,0.208113888,-0.079542368,0.038311192,3.059852,1,Solve_Succeeded,0.019277267,0.253076475,0.000000000000e+00
0.450000,0.080636784,0.010736973,0.208318488,-0.077200526,0.026572107,2.851378,1,Solve_Succeeded,0.010279380,0.237358506,0.000000000000e+00
0.460000,0.082721358,0.009992836,0.208436551,-0.074831720,0.026572107,2.851378,1,Solve_Succeeded,0.010279380,0.237358506,0.000000000000e+00
0.470000,0.084807064,0.009270352,0.208550481,-0.072635893,0.015495117,3.486406,1,Solve_Succeeded,0.001783170,0.222647014,0.000000000000e+00
0.480000,0.086892948,0.008570133,0.208582726,-0.070414034,0.015495117,3.486406,1,Solve_Succeeded,0.001783170,0.222647014,0.000000000000e+00
0.490000,0.088979109,0.007890218,0.208611044,-0.068354850,0.005039913,3.159591,1,Solve_Succeeded,-0.006241777,0.208877466,-8.673617379884e-19
0.500000,0.091064645,0.007231191,0.208562236,-0.066270527,0.005039913,3.159591,1,Solve_Succeeded,-0.006241777,0.208877466,-8.673617379884e-19
0.510000,0.093149649,0.006591207,0.208509695,-0.064339216,-0.004831225,3.487685,1,Solve_Succeeded,-0.013823917,0.195989462,4.336808689942e-19
0.520000,0.095233271,0.005970822,0.208384310,-0.062383620,-0.004831225,3.487685,1,Solve_Succeeded,-0.013823917,0.195989462,4.336808689942e-19
0.530000,0.097315597,0.005368299,0.208255376,-0.060571974,-0.014153598,2.701034,1,Solve_Succeeded,-0.020989871,0.183926469,-8.673617379884e-19
0.540000,0.099395825,0.004784169,0.208057622,-0.058736862,-0.014153598,2.701034,1,Solve_Succeeded,-0.020989871,0.183926469,-8.673617379884e-19
0.550000,0.101474034,0.004216797,0.207856491,-0.057037199,-0.022960242,2.760240,1,Solve_Succeeded,-0.027764551,0.172635572,-4.336808689942e-19
0.560000,0.103549468,0.003666687,0.207590323,-0.055314856,-0.022960242,2.760240,1,Solve_Succeeded,-0.027764551,0.172635572,-4.336808689942e-19
0.570000,0.105622202,0.003132302,0.207320942,-0.053719988,-0.031282071,2.697126,1,Solve_Succeeded,-0.034171263,0.162067245,0.000000000000e+00
0.580000,0.107691519,0.002614123,0.206990078,-0.052103193,-0.031282071,2.697126,1,Solve_Succeeded,-0.034171263,0.162067245,0.000000000000e+00
0.590000,0.109757491,0.002110701,0.206656157,-0.050606392,-0.039148018,4.296437,1,Solve_Succeeded,-0.040231817,0.152175134,-4.336808689942e-19
0.600000,0.111819440,0.001622496,0.206264098,-0.049088390,-0.039148018,4.296437,1,Solve_Succeeded,-0.040231817,0.152175134,-4.336808689942e-19
0.610000,0.113877435,0.001148142,0.205869126,-0.047683359,-0.046585158,2.876850,1,Solve_Succeeded,-0.045966623,0.142915851,-5.421010862428e-19
0.620000,0.115930832,0.000688079,0.205419163,-0.046257826,-0.046585158,2.876850,1,Solve_Succeeded,-0.045966623,0.142915851,-5.421010862428e-19
0.630000,0.117979697,0.000241020,0.204966425,-0.044938674,-0.053618832,3.365673,1,Solve_Succeeded,-0.051394775,0.134248788,-2.710505431214e-19
0.640000,0.120023423,-0.000192614,0.204461659,-0.043599692,-0.053618832,3.365673,1,Solve_Succeeded,-0.051394775,0.134248788,-2.710505431214e-19
0.650000,0.122062070,-0.000614037,0.203954247,-0.042360905,-0.060272754,2.827106,1,Solve_Succeeded,-0.056534146,0.126135935,-2.168404344971e-19
0.660000,0.124095064,-0.001022846,0.203397595,-0.041102937,-0.060272754,2.827106,1,Solve_Succeeded,-0.056534146,0.126135935,-2.168404344971e-19
0.670000,0.126122461,-0.001420186,0.202838421,-0.039939355,-0.066569118,3.922063,1,Solve_Succeeded,-0.061401458,0.118541718,-2.168404344971e-19
0.680000,0.128143719,-0.001805672,0.202232632,-0.038757218,-0.066569118,3.922063,1,Solve_Succeeded,-0.061401458,0.118541718,-2.168404344971e-19
0.690000,0.130158890,-0.002180383,0.201624438,-0.037664013,-0.072528696,3.076727,1,Solve_Succeeded,-0.066012363,0.111432841,2.168404344971e-19
0.700000,0.132167460,-0.002543951,0.200972103,-0.036552856,-0.072528696,3.076727,1,Solve_Succeeded,-0.066012363,0.111432841,2.168404344971e-19
0.710000,0.134169479,-0.002897393,0.200317474,-0.035525509,-0.078170927,3.798735,1,Solve_Succeeded,-0.070381507,0.104778138,-6.505213034913e-19
0.720000,0.136164460,-0.003240358,0.199621036,-0.034480797,-0.078170927,3.798735,1,Solve_Succeeded,-0.070381507,0.104778138,-6.505213034913e-19
0.730000,0.138152452,-0.003573804,0.198922409,-0.033515079,-0.083514006,2.973704,1,Solve_Succeeded,-0.074522597,0.098548442,-4.336808689942e-19
0.740000,0.140132991,-0.003897396,0.198184172,-0.032532563,-0.083514006,2.973704,1,Solve_Succeeded,-0.074522597,0.098548442,-4.336808689942e-19
0.750000,0.142106123,-0.004212039,0.197443845,-0.031624518,-0.088574963,3.681776,1,Solve_Succeeded,-0.078448462,0.092716452,1.301042606983e-18
0.760000,0.144071410,-0.004517410,0.196665984,-0.030700224,-0.088574963,3.681776,1,Solve_Succeeded,-0.078448462,0.092716452,1.301042606983e-18
0.770000,0.146028895,-0.004814364,0.195886126,-0.029846150,-0.093369738,3.144669,1,Solve_Succeeded,-0.082171109,0.087256616,4.336808689942e-19
0.780000,0.147978163,-0.005102593,0.195070693,-0.028976360,-0.093369738,3.144669,1,Solve_Succeeded,-0.082171109,0.087256616,4.336808689942e-19
0.790000,0.149919254,-0.005382903,0.194253353,-0.028172791,-0.097913248,3.030237,1,Solve_Succeeded,-0.085701778,0.082145019,-4.336808689942e-19
0.800000,0.151851775,-0.005654998,0.193402287,-0.027354025,-0.097913248,3.030237,1,Solve_Succeeded,-0.085701778,0.082145019,-4.336808689942e-19
0.810000,0.153775764,-0.005919641,0.192549400,-0.026597720,-0.102219459,2.843727,1,Solve_Succeeded,-0.089050988,0.077359276,-4.336808689942e-19
0.820000,0.155690848,-0.006176547,0.191664533,-0.025826722,-0.102219459,2.843727,1,Solve_Succeeded,-0.089050988,0.077359276,-4.336808689942e-19
0.830000,0.157597062,-0.006426437,0.190777927,-0.025114647,-0.106301443,2.745386,1,Solve_Succeeded,-0.092228585,0.072878440,4.336808689942e-19
0.840000,0.159494054,-0.006669039,0.189860993,-0.024388371,-0.106301443,2.745386,1,Solve_Succeeded,-0.092228585,0.072878440,4.336808689942e-19
0.850000,0.161381857,-0.006905032,0.188942397,-0.023717688,-0.110171436,3.333740,1,Solve_Succeeded,-0.095243788,0.068682903,-8.673617379884e-19
0.860000,0.163260136,-0.007134158,0.187995035,-0.023033283,-0.110171436,3.333740,1,Solve_Succeeded,-0.095243788,0.068682903,-8.673617379884e-19
0.870000,0.165128922,-0.007357056,0.187046085,-0.022401335,-0.113840895,3.675318,1,Solve_Succeeded,-0.098105225,0.064754313,0.000000000000e+00
0.880000,0.166987898,-0.007573478,0.186069848,-0.021756133,-0.113840895,3.675318,1,Solve_Succeeded,-0.098105225,0.064754313,0.000000000000e+00
0.890000,0.168837093,-0.007784032,0.185092093,-0.021160437,-0.117320543,3.322505,1,Solve_Succeeded,-0.100820976,0.061075496,8.673617379884e-19
0.900000,0.170676206,-0.007988477,0.184088452,-0.020551943,-0.117320543,3.322505,1,Solve_Succeeded,-0.100820976,0.061075496,8.673617379884e-19
0.910000,0.172505266,-0.008187388,0.183083360,-0.019990173,-0.120620422,3.039102,1,Solve_Succeeded,-0.103398604,0.057630377,0.000000000000e+00
0.920000,0.174323986,-0.008380535,0.182053708,-0.019416051,-0.120620422,3.039102,1,Solve_Succeeded,-0.103398604,0.057630377,0.000000000000e+00
0.930000,0.176132394,-0.008568460,0.181022671,-0.018886033,-0.123749933,3.524159,1,Solve_Succeeded,-0.105845193,0.054403912,0.000000000000e+00
0.940000,0.177930216,-0.008750945,0.179968331,-0.018344098,-0.123749933,3.524159,1,Solve_Succeeded,-0.105845193,0.054403912,0.000000000000e+00
0.950000,0.179717480,-0.008928500,0.178912667,-0.017843796,-0.126717879,2.866389,1,Solve_Succeeded,-0.108167374,0.051382021,8.673617379884e-19
0.960000,0.181493927,-0.009100916,0.177834895,-0.017332004,-0.126717879,2.866389,1,Solve_Succeeded,-0.108167374,0.051382021,8.673617379884e-19
0.970000,0.183259581,-0.009268678,0.176755858,-0.016859514,-0.129532504,2.567934,1,Solve_Succeeded,-0.110371357,0.048551527,0.000000000000e+00
0.980000,0.185014199,-0.009431584,0.175655846,-0.016375954,-0.129532504,2.567934,1,Solve_Succeeded,-0.110371357,0.048551527,0.000000000000e+00
0.990000,0.186757802,-0.009590091,0.174554626,-0.015929494,-0.132201529,2.958489,1,Solve_Succeeded,-0.112462961,0.045900096,8.673617379884e-19
1.000000,0.188490158,-0.009744008,0.173433508,-0.015472376,-0.132201529,2.958489,1,Solve_Succeeded,-0.112462961,0.045900096,8.673617379884e-19
1.010000,0.190211290,-0.009893766,0.172311237,-0.015050281,-0.134732183,3.060379,1,Solve_Succeeded,-0.114447634,0.043416187,0.000000000000e+00
1.020000,0.191920977,-0.010039182,0.171170091,-0.014617930,-0.134732183,3.060379,1,Solve_Succeeded,-0.114447634,0.043416187,0.000000000000e+00
1.030000,0.193619240,-0.010180664,0.170027845,-0.014218641,-0.137131241,3.063717,1,Solve_Succeeded,-0.116330481,0.041088999,0.000000000000e+00
1.040000,0.195305870,-0.010318037,0.168867699,-0.013809493,-0.137131241,3.063717,1,Solve_Succeeded,-0.116330481,0.041088999,0.000000000000e+00
1.050000,0.196980885,-0.010451686,0.167706503,-0.013431551,-0.139405048,2.800187,1,Solve_Succeeded,-0.118116282,0.038908422,8.673617379884e-19
1.060000,0.198644090,-0.010581443,0.166528335,-0.013044139,-0.139405048,2.800187,1,Solve_Succeeded,-0.118116282,0.038908422,8.673617379884e-19
1.070000,0.200295500,-0.010707674,0.165349165,-0.012686181,-0.141559548,2.731595,1,Solve_Succeeded,-0.119809521,0.036864995,-8.673617379884e-19
1.080000,0.201934930,-0.010830217,0.164153909,-0.012319136,-0.141559548,2.731595,1,Solve_Succeeded,-0.119809521,0.036864995,-8.673617379884e-19
1.090000,0.203562396,-0.010949417,0.162957698,-0.011979886,-0.143600313,2.906505,1,Solve_Succeeded,-0.121414395,0.034949864,0.000000000000e+00
1.100000,0.205177721,-0.011065123,0.161746244,-0.011631926,-0.143600313,2.906505,1,Solve_Succeeded,-0.121414395,0.034949864,0.000000000000e+00
1.110000,0.206780920,-0.011177657,0.160533880,-0.011310189,-0.145532564,2.682455,1,Solve_Succeeded,-0.122934842,0.033154745,0.000000000000e+00
1.120000,0.208371826,-0.011286875,0.159307080,-0.010980115,-0.145532564,2.682455,1,Solve_Succeeded,-0.122934842,0.033154745,0.000000000000e+00
1.130000,0.209950454,-0.011393084,0.158079413,-0.010674776,-0.147361193,2.863006,1,Solve_Succeeded,-0.124374551,0.031471882,0.000000000000e+00
1.140000,0.211516644,-0.011496146,0.156838079,-0.010361465,-0.147361193,2.863006,1,Solve_Succeeded,-0.124374551,0.031471882,0.000000000000e+00
1.150000,0.213070411,-0.011596349,0.155595922,-0.010071481,-0.149090789,2.912247,1,Solve_Succeeded,-0.125736983,0.029894020,0.000000000000e+00
1.160000,0.214611605,-0.011693563,0.154340834,-0.009773885,-0.149090789,2.912247,1,Solve_Succeeded,-0.125736983,0.029894020,0.000000000000e+00
1.170000,0.216140238,-0.011788059,0.153084963,-0.009498278,-0.150725653,3.709471,1,Solve_Succeeded,-0.127025384,0.028414368,-8.673617379884e-19
1.180000,0.217656169,-0.011879714,0.151816867,-0.009215416,-0.150725653,3.709471,1,Solve_Succeeded,-0.127025384,0.028414368,-8.673617379884e-19
1.190000,0.219159410,-0.011968784,0.150548028,-0.008953274,-0.152269820,2.927351,1,Solve_Succeeded,-0.128242796,0.027026570,0.000000000000e+00
1.200000,0.220649827,-0.012055152,0.149267638,-0.008684228,-0.152269820,2.927351,1,Solve_Succeeded,-0.128242796,0.027026570,0.000000000000e+00
1.210000,0.222127432,-0.012139058,0.147986543,-0.008434696,-0.153727073,2.639640,1,Solve_Succeeded,-0.129392077,0.025724680,0.000000000000e+00
1.220000,0.223592097,-0.012220393,0.146694547,-0.008178607,-0.153727073,2.639640,1,Solve_Succeeded,-0.129392077,0.025724680,0.000000000000e+00
1.230000,0.225043835,-0.012299382,0.145401882,-0.007940887,-0.155100966,3.886959,1,Solve_Succeeded,-0.130475907,0.024503134,-8.673617379884e-19
1.240000,0.226482525,-0.012375921,0.144098938,-0.007696954,-0.155100966,3.886959,1,Solve_Succeeded,-0.130475907,0.024503134,-8.673617379884e-19
1.250000,0.227908178,-0.012450224,0.142795361,-0.007470299,-0.156394828,2.731287,1,Solve_Succeeded,-0.131496804,0.023356724,8.673617379884e-19
1.260000,0.229320681,-0.012522191,0.141482102,-0.007237770,-0.156394828,2.731287,1,Solve_Succeeded,-0.131496804,0.023356724,8.673617379884e-19
1.270000,0.230720045,-0.012592025,0.140168247,-0.007021483,-0.157611791,2.844639,1,Solve_Succeeded,-0.132457131,0.022280578,-8.673617379884e-19
1.280000,0.232106164,-0.012659630,0.138845283,-0.006799656,-0.157611791,2.844639,1,Solve_Succeeded,-0.132457131,0.022280578,-8.673617379884e-19
1.290000,0.233479045,-0.012725196,0.137521757,-0.006593084,-0.158754791,2.782682,1,Solve_Succeeded,-0.133359107,0.021270134,0.000000000000e+00
1.300000,0.234838591,-0.012788635,0.136189676,-0.006381302,-0.158754791,2.782682,1,Solve_Succeeded,-0.133359107,0.021270134,0.000000000000e+00
1.310000,0.236184810,-0.012850125,0.134857067,-0.006183834,-0.159826589,3.469611,1,Solve_Succeeded,-0.134204821,0.020321128,0.000000000000e+00
1.320000,0.237517609,-0.012909583,0.133516434,-0.005981485,-0.159826589,3.469611,1,Solve_Succeeded,-0.134204821,0.020321128,0.000000000000e+00
1.330000,0.238836995,-0.012967175,0.132175306,-0.005792552,-0.160829777,2.627244,1,Solve_Succeeded,-0.134996233,0.019429567,0.000000000000e+00
1.340000,0.240142882,-0.013022824,0.130826669,-0.005599061,-0.160829777,2.627244,1,Solve_Succeeded,-0.134996233,0.019429567,0.000000000000e+00
1.350000,0.241435277,-0.013076686,0.129477568,-0.005418128,-0.161766796,3.892909,1,Solve_Succeeded,-0.135735189,0.018591715,2.602085213965e-18
1.360000,0.242714098,-0.013128689,0.128121453,-0.005232959,-0.161766796,3.892909,1,Solve_Succeeded,-0.135735189,0.018591715,2.602085213965e-18
1.370000,0.243979354,-0.013178978,0.126764906,-0.005059528,-0.162639937,4.029255,1,Solve_Succeeded,-0.136423424,0.017804077,0.000000000000e+00
1.380000,0.245230966,-0.013227487,0.125401825,-0.004882180,-0.162639937,4.029255,1,Solve_Succeeded,-0.136423424,0.017804077,0.000000000000e+00
1.390000,0.246468944,-0.013274351,0.124038341,-0.004715786,-0.163451358,2.683135,1,Solve_Succeeded,-0.137062573,0.017063383,0.000000000000e+00
1.400000,0.247693215,-0.013319509,0.122668787,-0.004545788,-0.163451358,2.683135,1,Solve_Succeeded,-0.137062573,0.017063383,0.000000000000e+00
1.410000,0.248903786,-0.013363087,0.121298859,-0.004385996,-0.164203089,3.229319,1,Solve_Succeeded,-0.137654176,0.016366573,0.000000000000e+00
1.420000,0.250100591,-0.013405028,0.119923309,-0.004222911,-0.164203089,3.229319,1,Solve_Succeeded,-0.137654176,0.016366573,0.000000000000e+00
1.430000,0.251283637,-0.013445450,0.118547416,-0.004069313,-0.164897044,2.656512,1,Solve_Succeeded,-0.138199683,0.015710785,0.000000000000e+00
1.440000,0.252452864,-0.013484301,0.117166334,-0.003912732,-0.164897044,2.656512,1,Solve_Succeeded,-0.138199683,0.015710785,0.000000000000e+00
1.450000,0.253608275,-0.013521690,0.115784937,-0.003764948,-0.165535024,3.109602,1,Solve_Succeeded,-0.138700461,0.015093339,1.734723475977e-18
1.460000,0.254749817,-0.013557569,0.114398774,-0.003614488,-0.165535024,3.109602,1,Solve_Succeeded,-0.138700461,0.015093339,1.734723475977e-18
1.470000,0.255877493,-0.013592040,0.113012322,-0.003472163,-0.166118729,4.313382,1,Solve_Succeeded,-0.139157802,0.014511730,-1.734723475977e-18
1.480000,0.256991254,-0.013625059,0.111621513,-0.003327465,-0.166118729,4.313382,1,Solve_Succeeded,-0.139157802,0.014511730,-1.734723475977e-18
1.490000,0.258091104,-0.013656720,0.110230444,-0.003190268,-0.166649762,4.184421,1,Solve_Succeeded,-0.139572924,0.013963614,0.000000000000e+00
1.500000,0.259176996,-0.013686984,0.108835414,-0.003050999,-0.166649762,4.184421,1,Solve_Succeeded,-0.139572924,0.013963614,0.000000000000e+00
1.510000,0.260248935,-0.013715937,0.107440149,-0.002918619,-0.167129636,4.325334,1,Solve_Succeeded,-0.139946979,0.013446798,-1.734723475977e-18
1.520000,0.261306880,-0.013743545,0.106041311,-0.002784465,-0.167129636,4.325334,1,Solve_Succeeded,-0.139946979,0.013446798,-1.734723475977e-18
1.530000,0.262350834,-0.013769885,0.104642264,-0.002656613,-0.167559779,4.374878,1,Solve_Succeeded,-0.140281054,0.012959230,0.000000000000e+00
1.540000,0.263380759,-0.013794930,0.103240018,-0.002527283,-0.167559779,4.374878,1,Solve_Succeeded,-0.140281054,0.012959230,0.000000000000e+00
1.550000,0.264396660,-0.013818748,0.101837590,-0.002403689,-0.167941545,4.399358,1,Solve_Succeeded,-0.140576181,0.012498991,0.000000000000e+00
1.560000,0.265398504,-0.013841317,0.100432329,-0.002278910,-0.167941545,4.399358,1,Solve_Succeeded,-0.140576181,0.012498991,0.000000000000e+00
1.570000,0.266386293,-0.013862700,0.099026911,-0.002159322,-0.168276211,4.153308,1,Solve_Succeeded,-0.140833335,0.012064287,1.734723475977e-18
1.580000,0.267359998,-0.013882875,0.097619015,-0.002038838,-0.168276211,4.153308,1,Solve_Succeeded,-0.140833335,0.012064287,1.734723475977e-18
1.590000,0.268319623,-0.013901901,0.096210987,-0.001923020,-0.168564987,4.507174,1,Solve_Succeeded,-0.141053441,0.011653437,0.000000000000e+00
1.600000,0.269265143,-0.013919762,0.094800829,-0.001806593,-0.168564987,4.507174,1,Solve_Succeeded,-0.141053441,0.011653437,0.000000000000e+00
1.610000,0.270196560,-0.013936507,0.093390564,-0.001694325,-0.168809022,4.317851,1,Solve_Succeeded,-0.141237376,0.011264871,0.000000000000e+00
1.620000,0.271113853,-0.013952125,0.091978506,-0.001581734,-0.168809022,4.317851,1,Solve_Succeeded,-0.141237376,0.011264871,0.000000000000e+00
1.630000,0.272017025,-0.013966661,0.090566366,-0.001472811,-0.169009403,4.291679,1,Solve_Succeeded,-0.141385973,0.010897121,0.000000000000e+00
1.640000,0.272906058,-0.013980107,0.089152764,-0.001363847,-0.169009403,4.291679,1,Solve_Succeeded,-0.141385973,0.010897121,0.000000000000e+00
1.650000,0.273780954,-0.013992502,0.087739103,-0.001258077,-0.169167163,4.103228,1,Solve_Succeeded,-0.141500026,0.010548812,0.000000000000e+00
1.660000,0.274641701,-0.014003841,0.086324304,-0.001152547,-0.169167163,4.103228,1,Solve_Succeeded,-0.141500026,0.010548812,0.000000000000e+00
1.670000,0.275488299,-0.014014157,0.084909469,-0.001049751,-0.169283284,4.049199,1,Solve_Succeeded,-0.141580287,0.010218660,0.000000000000e+00
1.680000,0.276320738,-0.014023451,0.083493811,-0.000947474,-0.169283284,4.049199,1,Solve_Succeeded,-0.141580287,0.010218660,0.000000000000e+00
1.690000,0.277139022,-0.014031750,0.082078141,-0.000847485,-0.169358701,4.021778,1,Solve_Succeeded,-0.141627476,0.009905463,0.000000000000e+00
1.700000,0.277943142,-0.014039057,0.080661957,-0.000748291,-0.169358701,4.021778,1,Solve_Succeeded,-0.141627476,0.009905463,0.000000000000e+00
1.710000,0.278733101,-0.014045395,0.079245783,-0.000650955,-0.169394302,4.082809,1,Solve_Succeeded,-0.141642276,0.009608097,1.734723475977e-18
1.720000,0.279508895,-0.014050772,0.077829398,-0.000554686,-0.169394302,4.082809,1,Solve_Succeeded,-0.141642276,0.009608097,1.734723475977e-18
1.730000,0.280270526,-0.014055203,0.076413044,-0.000459857,-0.169390937,3.294341,1,Solve_Succeeded,-0.141625344,0.009325513,1.734723475977e-18
1.740000,0.281017995,-0.014058702,0.074996776,-0.000366366,-0.169390937,3.294341,1,Solve_Succeeded,-0.141625344,0.009325513,1.734723475977e-18
1.750000,0.281751301,-0.014061278,0.073580562,-0.000273908,-0.169349414,2.998692,1,Solve_Succeeded,-0.141577303,0.009056727,0.000000000000e+00
1.760000,0.282470450,-0.014062948,0.072164723,-0.000183058,-0.169349414,2.998692,1,Solve_Succeeded,-0.141577303,0.009056727,0.000000000000e+00
1.770000,0.283175441,-0.014063717,0.070748960,-0.000092846,-0.169270508,2.783905,1,Solve_Succeeded,-0.141498754,0.008800822,0.000000000000e+00
1.780000,0.283866282,-0.014063607,0.069333857,-0.000004507,-0.169270508,2.783905,1,Solve_Succeeded,-0.141498754,0.008800822,0.000000000000e+00
1.790000,0.284542974,-0.014062615,0.067918850,0.000083577,-0.169154958,2.877514,1,Solve_Succeeded,-0.141390269,0.008556939,-1.734723475977e-18
1.800000,0.285205526,-0.014060769,0.066504782,0.000169523,-0.169154958,2.877514,1,Solve_Succeeded,-0.141390269,0.008556939,-1.734723475977e-18
1.810000,0.285853939,-0.014058061,0.065090833,0.000255588,-0.169003474,2.895052,1,Solve_Succeeded,-0.141252401,0.008324275,0.000000000000e+00
1.820000,0.286488227,-0.014054521,0.063678095,0.000339254,-0.169003474,2.895052,1,Solve_Succeeded,-0.141252401,0.008324275,0.000000000000e+00
1.830000,0.287108389,-0.014050138,0.062265497,0.000423402,-0.168816737,3.334045,1,Solve_Succeeded,-0.141085679,0.008102081,0.000000000000e+00
1.840000,0.287714443,-0.014044945,0.060854379,0.000504891,-0.168816737,3.334045,1,Solve_Succeeded,-0.141085679,0.008102081,0.000000000000e+00
1.850000,0.288306387,-0.014038928,0.059443422,0.000587218,-0.168595401,2.886262,1,Solve_Succeeded,-0.140890611,0.007889655,-1.734723475977e-18
1.860000,0.288884242,-0.014032121,0.058034208,0.000666628,-0.168595401,2.886262,1,Solve_Succeeded,-0.140890611,0.007889655,-1.734723475977e-18
1.870000,0.289448008,-0.014024507,0.056625175,0.000747221,-0.168340093,3.257900,1,Solve_Succeeded,-0.140667691,0.007686342,0.000000000000e+00
1.880000,0.289997706,-0.014016124,0.055218145,0.000824644,-0.168340093,3.257900,1,Solve_Succeeded,-0.140667691,0.007686342,0.000000000000e+00
1.890000,0.290533337,-0.014006949,0.053811315,0.000903585,-0.168051421,2.946371,1,Solve_Succeeded,-0.140417391,0.007491531,1.734723475977e-18
1.900000,0.291054925,-0.013997025,0.052406743,0.000979104,-0.168051421,2.946371,1,Solve_Succeeded,-0.140417391,0.007491531,1.734723475977e-18
1.910000,0.291562471,-0.013986323,0.051002392,0.001056471,-0.167729968,3.751090,1,Solve_Succeeded,-0.140140170,0.007304648,0.000000000000e+00
1.920000,0.292056003,-0.013974892,0.049600547,0.001130166,-0.167729968,3.751090,1,Solve_Succeeded,-0.140140170,0.007304648,0.000000000000e+00
1.930000,0.292535519,-0.013962697,0.048198944,0.001206029,-0.167376298,2.685746,1,Solve_Succeeded,-0.139836472,0.007125160,1.734723475977e-18
1.940000,0.293001051,-0.013949791,0.046800093,0.001277972,-0.167376298,2.685746,1,Solve_Succeeded,-0.139836472,0.007125160,1.734723475977e-18
1.950000,0.293452598,-0.013936135,0.045401502,0.001352398,-0.166990957,2.627724,1,Solve_Succeeded,-0.139506727,0.006952568,0.000000000000e+00
1.960000,0.293890194,-0.013921785,0.044005906,0.001422659,-0.166990957,2.627724,1,Solve_Succeeded,-0.139506727,0.006952568,0.000000000000e+00
1.970000,0.294313838,-0.013906699,0.042610589,0.001495709,-0.166574475,2.691712,1,Solve_Succeeded,-0.139151352,0.006786405,0.000000000000e+00
1.980000,0.294723566,-0.013890934,0.041218505,0.001564351,-0.166574475,2.691712,1,Solve_Succeeded,-0.139151352,0.006786405,0.000000000000e+00
1.990000,0.295119377,-0.013874447,0.039826719,0.001636082,-0.166127364,3.047935,1,Solve_Succeeded,-0.138770752,0.006626235,0.000000000000e+00
2.000000,0.295501311,-0.013857297,0.038438399,0.001703165,-0.166127364,3.047935,1,Solve_Succeeded,-0.138770752,0.006626235,0.000000000000e+00
2.010000,0.295869366,-0.013839436,0.037050396,0.001773630,-0.165650122,2.835833,1,Solve_Succeeded,-0.138365323,0.006471654,-1.734723475977e-18
2.020000,0.296223584,-0.013820928,0.035666091,0.001839209,-0.165650122,2.835833,1,Solve_Succeeded,-0.138365323,0.006471654,-1.734723475977e-18
2.030000,0.296563963,-0.013801722,0.034282120,0.001908458,-0.165143235,2.803641,1,Solve_Succeeded,-0.137935449,0.006322281,-1.734723475977e-18
2.040000,0.296890548,-0.013781882,0.032902073,0.001972585,-0.165143235,2.803641,1,Solve_Succeeded,-0.137935449,0.006322281,-1.734723475977e-18
2.050000,0.297203337,-0.013761356,0.031522378,0.002040663,-0.164607174,2.691850,1,Solve_Succeeded,-0.137481506,0.006177761,-1.734723475977e-18
2.060000,0.297502378,-0.013740211,0.030146832,0.002103386,-0.164607174,2.691850,1,Solve_Succeeded,-0.137481506,0.006177761,-1.734723475977e-18
2.070000,0.297787668,-0.013718390,0.028771655,0.002170336,-0.164042399,2.992924,1,Solve_Succeeded,-0.137003862,0.006037765,0.000000000000e+00
2.080000,0.298059257,-0.013695964,0.027400846,0.002231700,-0.164042399,2.992924,1,Solve_Succeeded,-0.137003862,0.006037765,0.000000000000e+00
2.090000,0.298317143,-0.013672873,0.026030425,0.002297561,-0.163449361,2.697070,1,Solve_Succeeded,-0.136502876,0.005901984,0.000000000000e+00
2.100000,0.298561379,-0.013649191,0.024664588,0.002357607,-0.163449361,2.697070,1,Solve_Succeeded,-0.136502876,0.005901984,0.000000000000e+00
2.110000,0.298791961,-0.013624852,0.023299156,0.002422415,-0.162828500,2.690488,1,Solve_Succeeded,-0.135978900,0.005770130,1.734723475977e-18
2.120000,0.299008945,-0.013599936,0.021938521,0.002481182,-0.162828500,2.690488,1,Solve_Succeeded,-0.135978900,0.005770130,1.734723475977e-18
2.130000,0.299212327,-0.013574374,0.020578309,0.002544972,-0.162180246,2.616278,1,Solve_Succeeded,-0.135432280,0.005641935,1.734723475977e-18
2.140000,0.299402167,-0.013548248,0.019223103,0.002602496,-0.162180246,2.616278,1,Solve_Succeeded,-0.135432280,0.005641935,1.734723475977e-18
2.150000,0.299578460,-0.013521484,0.017868337,0.002665298,-0.161505021,2.737426,1,Solve_Succeeded,-0.134863355,0.005517148,0.000000000000e+00
2.160000,0.299741266,-0.013494168,0.016518783,0.002721614,-0.161505021,2.737426,1,Solve_Succeeded,-0.134863355,0.005517148,0.000000000000e+00
2.170000,0.299890582,-0.013466225,0.015169687,0.002783456,-0.160803242,3.880446,1,Solve_Succeeded,-0.134272459,0.005395538,0.000000000000e+00
2.180000,0.300026471,-0.013437741,0.013826007,0.002838594,-0.160803242,3.880446,1,Solve_Succeeded,-0.134272459,0.005395538,0.000000000000e+00
2.190000,0.300148928,-0.013408639,0.012482800,0.002899504,-0.160075314,2.835196,1,Solve_Succeeded,-0.133659921,0.005276886,0.000000000000e+00
2.200000,0.300258020,-0.013379009,0.011145210,0.002953494,-0.160075314,2.835196,1,Solve_Succeeded,-0.133659921,0.005276886,0.000000000000e+00
2.210000,0.300353742,-0.013348768,0.009808110,0.003013496,-0.159321639,3.131091,1,Solve_Succeeded,-0.133026065,0.005160990,0.000000000000e+00
2.220000,0.300436160,-0.013318011,0.008476823,0.003066365,-0.159321639,3.131091,1,Solve_Succeeded,-0.133026065,0.005160990,0.000000000000e+00
2.230000,0.300505272,-0.013286652,0.007146043,0.003125481,-0.158542612,2.606842,1,Solve_Succeeded,-0.132371210,0.005047661,1.734723475977e-18
2.240000,0.300561147,-0.013254788,0.005821271,0.003177254,-0.158542612,2.606842,1,Solve_Succeeded,-0.132371210,0.005047661,1.734723475977e-18
2.250000,0.300603781,-0.013222330,0.004497020,0.003235506,-0.157738622,2.758283,1,Solve_Succeeded,-0.131695673,0.004936724,0.000000000000e+00
2.260000,0.300633244,-0.013189378,0.003178970,0.003286206,-0.157738622,2.758283,1,Solve_Succeeded,-0.131695673,0.004936724,0.000000000000e+00
2.270000,0.300649534,-0.013155841,0.001861457,0.003343614,-0.156910054,2.921491,1,Solve_Succeeded,-0.130999766,0.004828015,-8.673617379884e-19
2.280000,0.300652723,-0.013121821,0.000550332,0.003393263,-0.156910054,2.921491,1,Solve_Succeeded,-0.130999766,0.004828015,-8.673617379884e-19
2.290000,0.300642808,-0.013087223,-0.000760239,0.003449843,-0.156057288,4.140829,1,Solve_Succeeded,-0.130283797,0.004721384,8.673617379884e-19
2.300000,0.300619865,-0.013052152,-0.002064237,0.003498462,-0.156057288,4.140829,1,Solve_Succeeded,-0.130283797,0.004721384,8.673617379884e-19
2.310000,0.300583888,-0.013016511,-0.003367666,0.003554231,-0.155180699,4.537217,1,Solve_Succeeded,-0.129548072,0.004616687,0.000000000000e+00
2.320000,0.300534956,-0.012980409,-0.004664339,0.003601838,-0.155180699,4.537217,1,Solve_Succeeded,-0.129548072,0.004616687,0.000000000000e+00
2.330000,0.300473065,-0.012943744,-0.005960428,0.003656810,-0.154280658,2.828052,1,Solve_Succeeded,-0.128792894,0.004513794,-8.673617379884e-19
2.340000,0.300398294,-0.012906627,-0.007249581,0.003703424,-0.154280658,2.828052,1,Solve_Succeeded,-0.128792894,0.004513794,-8.673617379884e-19
2.350000,0.300310639,-0.012868956,-0.008538135,0.003757614,-0.153357534,2.900571,1,Solve_Succeeded,-0.128018565,0.004412584,0.000000000000e+00
2.360000,0.300210182,-0.012830843,-0.009819575,0.003803250,-0.153357534,2.900571,1,Solve_Succeeded,-0.128018565,0.004412584,0.000000000000e+00
2.370000,0.300096917,-0.012792182,-0.011100403,0.003856670,-0.152411691,2.852389,1,Solve_Succeeded,-0.127225382,0.004312942,0.000000000000e+00
2.380000,0.299970930,-0.012753089,-0.012373942,0.003901343,-0.152411691,2.852389,1,Solve_Succeeded,-0.127225382,0.004312942,0.000000000000e+00
2.390000,0.299832216,-0.012713456,-0.013646854,0.003954006,-0.151443492,2.626164,1,Solve_Succeeded,-0.126413641,0.004214763,0.000000000000e+00
2.400000,0.299680859,-0.012673402,-0.014912307,0.003997731,-0.151443492,2.626164,1,Solve_Succeeded,-0.126413641,0.004214763,0.000000000000e+00
2.410000,0.299516856,-0.012632814,-0.016177117,0.004049645,-0.150453296,2.762390,1,Solve_Succeeded,-0.125583638,0.004117950,0.000000000000e+00
2.420000,0.299340295,-0.012591814,-0.017434299,0.004092435,-0.150453296,2.762390,1,Solve_Succeeded,-0.125583638,0.004117950,0.000000000000e+00
2.430000,0.299151169,-0.012550288,-0.018690825,0.004143611,-0.149441459,3.284345,1,Solve_Succeeded,-0.124735665,0.004022414,8.673617379884e-19
2.440000,0.298949570,-0.012508359,-0.019939557,0.004185478,-0.149441459,3.284345,1,Solve_Succeeded,-0.124735665,0.004022414,8.673617379884e-19
2.450000,0.298735491,-0.012465911,-0.021187619,0.004235925,-0.148408337,2.965905,1,Solve_Succeeded,-0.123870013,0.003928069,0.000000000000e+00
2.460000,0.298509026,-0.012423070,-0.022427723,0.004276880,-0.148408337,2.965905,1,Solve_Succeeded,-0.123870013,0.003928069,0.000000000000e+00
2.470000,0.298270167,-0.012379716,-0.023667143,0.004326606,-0.147354281,2.888873,1,Solve_Succeeded,-0.122986973,0.003834838,0.000000000000e+00
2.480000,0.298019010,-0.012335978,-0.024898445,0.004366661,-0.147354281,2.888873,1,Solve_Succeeded,-0.122986973,0.003834838,0.000000000000e+00
2.490000,0.297755547,-0.012291735,-0.026129050,0.004415671,-0.146279642,2.706341,1,Solve_Succeeded,-0.122086832,0.003742651,0.000000000000e+00
2.500000,0.297479877,-0.012247118,-0.027351379,0.004454836,-0.146279642,2.706341,1,Solve_Succeeded,-0.122086832,0.003742651,0.000000000000e+00
2.510000,0.297191991,-0.012202001,-0.028572997,0.004503139,-0.145184771,2.837301,1,Solve_Succeeded,-0.121169880,0.003651440,0.000000000000e+00
2.520000,0.296891988,-0.012156519,-0.029786184,0.004541422,-0.145184771,2.837301,1,Solve_Succeeded,-0.121169880,0.003651440,0.000000000000e+00
2.530000,0.296579862,-0.012110545,-0.030998647,0.004589023,-0.144070013,3.194253,1,Solve_Succeeded,-0.120236401,0.003561145,0.000000000000e+00
2.540000,0.296255712,-0.012064215,-0.032202525,0.004626433,-0.144070013,3.194253,1,Solve_Succeeded,-0.120236401,0.003561145,0.000000000000e+00
2.550000,0.295919532,-0.012017399,-0.033405668,0.004673337,-0.142935716,3.352404,1,Solve_Succeeded,-0.119286683,0.003471709,0.000000000000e+00
2.560000,0.295571424,-0.011970235,-0.034600076,0.004709883,-0.142935716,3.352404,1,Solve_Succeeded,-0.119286683,0.003471709,0.000000000000e+00
2.570000,0.295211380,-0.011922593,-0.035793735,0.004756096,-0.141782225,3.078707,1,Solve_Succeeded,-0.118321010,0.003383081,-8.673617379884e-19
2.580000,0.294839504,-0.011874612,-0.036978512,0.004791784,-0.141782225,3.078707,1,Solve_Succeeded,-0.118321010,0.003383081,-8.673617379884e-19
2.590000,0.294455789,-0.011826159,-0.038162528,0.004837310,-0.140609884,2.640577,1,Solve_Succeeded,-0.117339666,0.003295213,-8.673617379884e-19
2.600000,0.294060341,-0.011777376,-0.039337517,0.004872148,-0.140609884,2.640577,1,Solve_Succeeded,-0.117339666,0.003295213,-8.673617379884e-19
2.610000,0.293653151,-0.011728127,-0.040511733,0.004916990,-0.139419035,2.986338,1,Solve_Succeeded,-0.116342935,0.003208061,0.000000000000e+00
2.620000,0.293234327,-0.011678557,-0.041676780,0.004950985,-0.139419035,2.986338,1,Solve_Succeeded,-0.116342935,0.003208061,0.000000000000e+00
2.630000,0.292803862,-0.011628527,-0.042841042,0.004995147,-0.138210021,2.709427,1,Solve_Succeeded,-0.115331101,0.003121585,0.000000000000e+00
2.640000,0.292361864,-0.011578186,-0.043995996,0.005028305,-0.138210021,2.709427,1,Solve_Succeeded,-0.115331101,0.003121585,0.000000000000e+00
2.650000,0.291908326,-0.011527391,-0.045150152,0.005071790,-0.136983184,2.811443,1,Solve_Succeeded,-0.114304445,0.003035748,-8.673617379884e-19
2.660000,0.291443357,-0.011476293,-0.046294863,0.005104117,-0.136983184,2.811443,1,Solve_Succeeded,-0.114304445,0.003035748,-8.673617379884e-19
2.670000,0.290966951,-0.011424748,-0.047438765,0.005146927,-0.135738863,2.957685,1,Solve_Succeeded,-0.113263251,0.002950518,0.000000000000e+00
2.680000,0.290479218,-0.011372908,-0.048573088,0.005178428,-0.135738863,2.957685,1,Solve_Succeeded,-0.113263251,0.002950518,0.000000000000e+00
2.690000,0.289980152,-0.011320628,-0.049706591,0.005220567,-0.134477399,2.846602,1,Solve_Succeeded,-0.112207799,0.002865862,-8.673617379884e-19
2.700000,0.289469865,-0.011268062,-0.050830382,0.005251248,-0.134477399,2.846602,1,Solve_Succeeded,-0.112207799,0.002865862,-8.673617379884e-19
2.710000,0.288948350,-0.011215061,-0.051953343,0.005292717,-0.133199132,3.059841,1,Solve_Succeeded,-0.111138371,0.002781754,-8.673617379884e-19
2.720000,0.288415721,-0.011161783,-0.053066463,0.005322583,-0.133199132,3.059841,1,Solve_Succeeded,-0.111138371,0.002781754,-8.673617379884e-19
2.730000,0.287871971,-0.011108077,-0.054178741,0.005363384,-0.131904399,2.955930,1,Solve_Succeeded,-0.110055248,0.002698168,-8.673617379884e-19
2.740000,0.287317215,-0.011054101,-0.055281052,0.005392439,-0.131904399,2.955930,1,Solve_Succeeded,-0.110055248,0.002698168,-8.673617379884e-19
2.750000,0.286751446,-0.010999705,-0.056382510,0.005432574,-0.130593540,2.863946,1,Solve_Succeeded,-0.108958712,0.002615081,0.000000000000e+00
2.760000,0.286174782,-0.010945046,-0.057473878,0.005460823,-0.130593540,2.863946,1,Solve_Succeeded,-0.108958712,0.002615081,0.000000000000e+00
2.770000,0.285587213,-0.010889974,-0.058564382,0.005500293,-0.129266891,2.748109,1,Solve_Succeeded,-0.107849042,0.002532473,-8.673617379884e-19
2.780000,0.284988860,-0.010834648,-0.059644675,0.005527740,-0.129266891,2.748109,1,Solve_Succeeded,-0.107849042,0.002532473,-8.673617379884e-19
2.790000,0.284379714,-0.010778914,-0.060724093,0.005566546,-0.127924792,2.658036,1,Solve_Succeeded,-0.106726519,0.002450325,-8.673617379884e-19
2.800000,0.283759896,-0.010722935,-0.061793182,0.005593195,-0.127924792,2.658036,1,Solve_Succeeded,-0.106726519,0.002450325,-8.673617379884e-19
2.810000,0.283129397,-0.010666554,-0.062861386,0.005631340,-0.126567578,2.738621,1,Solve_Succeeded,-0.105591423,0.002368620,0.000000000000e+00
2.820000,0.282488339,-0.010609937,-0.063919144,0.005657195,-0.126567578,2.738621,1,Solve_Succeeded,-0.105591423,0.002368620,0.000000000000e+00
2.830000,0.281836714,-0.010552924,-0.064976008,0.005694677,-0.125195586,2.803931,1,Solve_Succeeded,-0.104444033,0.002287345,0.000000000000e+00
2.840000,0.281174644,-0.010495682,-0.066022312,0.005719742,-0.125195586,2.803931,1,Solve_Succeeded,-0.104444033,0.002287345,0.000000000000e+00
2.850000,0.280502122,-0.010438052,-0.067067712,0.005756564,-0.123809152,3.888730,1,Solve_Succeeded,-0.103284629,0.002206486,0.000000000000e+00
2.860000,0.279819272,-0.010380200,-0.068102442,0.005780843,-0.123809152,3.888730,1,Solve_Succeeded,-0.103284629,0.002206486,0.000000000000e+00
2.870000,0.279126085,-0.010321967,-0.069136259,0.005817004,-0.122408613,2.802957,1,Solve_Succeeded,-0.102113491,0.002126031,0.000000000000e+00
2.880000,0.278422687,-0.010263520,-0.070159296,0.005840500,-0.122408613,2.802957,1,Solve_Succeeded,-0.102113491,0.002126031,0.000000000000e+00
2.890000,0.277709069,-0.010204697,-0.071181411,0.005876002,-0.120994304,2.763678,1,Solve_Succeeded,-0.100930897,0.002045972,-8.673617379884e-19
2.900000,0.276985358,-0.010145670,-0.072192641,0.005898718,-0.120994304,2.763678,1,Solve_Succeeded,-0.100930897,0.002045972,-8.673617379884e-19
2.910000,0.276251546,-0.010086273,-0.073202940,0.005933560,-0.119566560,2.847095,1,Solve_Succeeded,-0.099737127,0.001966298,-8.673617379884e-19
2.920000,0.275507760,-0.010026679,-0.074202251,0.005955501,-0.119566560,2.847095,1,Solve_Succeeded,-0.099737127,0.001966298,-8.673617379884e-19
2.930000,0.274753991,-0.009966722,-0.075200622,0.005989684,-0.118125716,2.652948,1,Solve_Succeeded,-0.098532460,0.001887003,0.000000000000e+00
2.940000,0.273990370,-0.009906576,-0.076187903,0.006010851,-0.118125716,2.652948,1,Solve_Succeeded,-0.098532460,0.001887003,0.000000000000e+00
2.950000,0.273216887,-0.009846073,-0.077174237,0.006044376,-0.116672106,2.697116,1,Solve_Succeeded,-0.097317172,0.001808081,-8.673617379884e-19
2.960000,0.272433673,-0.009785390,-0.078149383,0.006064774,-0.116672106,2.697116,1,Solve_Succeeded,-0.097317172,0.001808081,-8.673617379884e-19
2.970000,0.271640718,-0.009724355,-0.079123572,0.006097641,-0.115206065,2.607194,1,Solve_Succeeded,-0.096091544,0.001729527,8.673617379884e-19
2.980000,0.270838154,-0.009663148,-0.080086479,0.006117272,-0.115206065,2.607194,1,Solve_Succeeded,-0.096091544,0.001729527,8.673617379884e-19
2.990000,0.270025972,-0.009601596,-0.081048421,0.006149481,-0.113727926,2.671089,1,Solve_Succeeded,-0.094855853,0.001651336,0.000000000000e+00
3.000000,0.269204305,-0.009539879,-0.081998987,0.006168349,-0.113727926,2.671089,1,Solve_Succeeded,-0.094855853,0.001651336,0.000000000000e+00
3.010000,0.268373143,-0.009477825,-0.082948581,0.006199899,-0.112238023,2.712461,1,Solve_Succeeded,-0.093610375,0.001573507,0.000000000000e+00
3.020000,0.267532620,-0.009415613,-0.083886708,0.006218007,-0.112238023,2.712461,1,Solve_Succeeded,-0.093610375,0.001573507,0.000000000000e+00
3.030000,0.266682728,-0.009353069,-0.084823855,0.006248900,-0.110736688,3.070404,1,Solve_Succeeded,-0.092355390,0.001496036,0.000000000000e+00
3.040000,0.265823600,-0.009290376,-0.085749448,0.006266251,-0.110736688,3.070404,1,Solve_Succeeded,-0.092355390,0.001496036,0.000000000000e+00
3.050000,0.264955228,-0.009227358,-0.086674054,0.006296486,-0.109224255,2.907370,1,Solve_Succeeded,-0.091091174,0.001418923,0.000000000000e+00
3.060000,0.264077747,-0.009164198,-0.087587019,0.006313082,-0.109224255,2.907370,1,Solve_Succeeded,-0.091091174,0.001418923,0.000000000000e+00
3.070000,0.263191147,-0.009100719,-0.088498991,0.006342660,-0.107701055,3.034100,1,Solve_Succeeded,-0.089818003,0.001342166,0.000000000000e+00
3.080000,0.262295566,-0.009037106,-0.089399239,0.006358506,-0.107701055,3.034100,1,Solve_Succeeded,-0.089818003,0.001342166,0.000000000000e+00
3.090000,0.261390995,-0.008973181,-0.090298486,0.006387426,-0.106167420,2.724404,1,Solve_Succeeded,-0.088536154,0.001265767,8.673617379884e-19
3.100000,0.260477569,-0.008909129,-0.091185931,0.006402524,-0.106167420,2.724404,1,Solve_Succeeded,-0.088536154,0.001265767,8.673617379884e-19
3.110000,0.259555281,-0.008844771,-0.092072366,0.006430787,-0.104623682,2.626743,1,Solve_Succeeded,-0.087245904,0.001189725,0.000000000000e+00
3.120000,0.258624269,-0.008780294,-0.092946922,0.006445139,-0.104623682,2.626743,1,Solve_Succeeded,-0.087245904,0.001189725,0.000000000000e+00
3.130000,0.257684522,-0.008715518,-0.093820462,0.006472746,-0.103070170,2.651796,1,Solve_Succeeded,-0.085947527,0.001114043,-8.673617379884e-19
3.140000,0.256736182,-0.008650631,-0.094682047,0.006486356,-0.103070170,2.651796,1,Solve_Succeeded,-0.085947527,0.001114043,-8.673617379884e-19
3.150000,0.255779237,-0.008585450,-0.095542611,0.006513306,-0.101507216,2.784989,1,Solve_Succeeded,-0.084641299,0.001038722,0.000000000000e+00
3.160000,0.254813828,-0.008520165,-0.096391146,0.006526178,-0.101507216,2.784989,1,Solve_Succeeded,-0.084641299,0.001038722,0.000000000000e+00
3.170000,0.253839946,-0.008454594,-0.097238654,0.006552470,-0.099935148,2.874024,1,Solve_Succeeded,-0.083327495,0.000963765,0.000000000000e+00
3.180000,0.252857731,-0.008388927,-0.098074064,0.006564607,-0.099935148,2.874024,1,Solve_Succeeded,-0.083327495,0.000963765,0.000000000000e+00
3.190000,0.251867174,-0.008322979,-0.098908441,0.006590243,-0.098354296,3.089597,1,Solve_Succeeded,-0.082006388,0.000889174,0.000000000000e+00
3.200000,0.250868417,-0.008256943,-0.099730651,0.006601647,-0.098354296,3.089597,1,Solve_Succeeded,-0.082006388,0.000889174,0.000000000000e+00
3.210000,0.249861449,-0.008190632,-0.100551823,0.006626627,-0.096764987,2.654214,1,Solve_Succeeded,-0.080678254,0.000814954,0.000000000000e+00
3.220000,0.248846414,-0.008124240,-0.101360763,0.006637302,-0.096764987,2.654214,1,Solve_Succeeded,-0.080678254,0.000814954,0.000000000000e+00
3.230000,0.247823302,-0.008057581,-0.102168659,0.006661626,-0.095167550,2.628234,1,Solve_Succeeded,-0.079343364,0.000741107,0.000000000000e+00
3.240000,0.246792255,-0.007990848,-0.102964262,0.006671575,-0.095167550,2.628234,1,Solve_Succeeded,-0.079343364,0.000741107,0.000000000000e+00
3.250000,0.245753265,-0.007923854,-0.103758815,0.006695244,-0.093562312,2.628304,1,Solve_Succeeded,-0.078001992,0.000667638,8.673617379884e-19
3.260000,0.244706474,-0.007856793,-0.104541015,0.006704470,-0.093562312,2.628304,1,Solve_Succeeded,-0.078001992,0.000667638,8.673617379884e-19
3.270000,0.243651874,-0.007789477,-0.105322160,0.006727484,-0.091949598,2.718923,1,Solve_Succeeded,-0.076654410,0.000594552,0.000000000000e+00
3.280000,0.242589609,-0.007722102,-0.106090894,0.006735990,-0.091949598,2.718923,1,Solve_Succeeded,-0.076654410,0.000594552,0.000000000000e+00
3.290000,0.241519668,-0.007654479,-0.106858568,0.006758350,-0.090329735,2.578080,1,Solve_Succeeded,-0.075300889,0.000521853,0.000000000000e+00
3.300000,0.240442198,-0.007586804,-0.107613776,0.006766140,-0.090329735,2.578080,1,Solve_Succeeded,-0.075300889,0.000521853,0.000000000000e+00
3.310000,0.239357188,-0.007518887,-0.108367920,0.006787846,-0.088703047,2.793476,1,Solve_Succeeded,-0.073941700,0.000449547,0.000000000000e+00
3.320000,0.238264784,-0.007450926,-0.109109546,0.006794923,-0.088703047,2.793476,1,Solve_Succeeded,-0.073941700,0.000449547,0.000000000000e+00
3.330000,0.237164976,-0.007382729,-0.109850103,0.006815976,-0.087069857,2.620965,1,Solve_Succeeded,-0.072577113,0.000377638,0.000000000000e+00
3.340000,0.236057910,-0.007314494,-0.110578092,0.006822344,-0.087069857,2.620965,1,Solve_Succeeded,-0.072577113,0.000377638,0.000000000000e+00
3.350000,0.234943577,-0.007246031,-0.111305007,0.006842744,-0.085430489,2.785070,1,Solve_Succeeded,-0.071207397,0.000306132,0.000000000000e+00
3.360000,0.233822124,-0.007177537,-0.112019308,0.006848407,-0.085430489,2.785070,1,Solve_Succeeded,-0.071207397,0.000306132,0.000000000000e+00
3.370000,0.232693540,-0.007108820,-0.112732530,0.006868154,-0.083785265,3.052887,1,Solve_Succeeded,-0.069832822,0.000235035,-8.673617379884e-19
3.380000,0.231557972,-0.007040080,-0.113433093,0.006873115,-0.083785265,3.052887,1,Solve_Succeeded,-0.069832822,0.000235035,-8.673617379884e-19
3.390000,0.230415412,-0.006971125,-0.114132574,0.006892212,-0.082134505,2.948833,1,Solve_Succeeded,-0.068453655,0.000164353,0.000000000000e+00
3.400000,0.229266007,-0.006902152,-0.114819352,0.006896473,-0.082134505,2.948833,1,Solve_Succeeded,-0.068453655,0.000164353,0.000000000000e+00
3.410000,0.228109746,-0.006832971,-0.115505045,0.006914920,-0.080478531,2.735906,1,Solve_Succeeded,-0.067070163,0.000094091,8.673617379884e-19
3.420000,0.226946779,-0.006763779,-0.116177995,0.006918487,-0.080478531,2.735906,1,Solve_Succeeded,-0.067070163,0.000094091,8.673617379884e-19
3.430000,0.225777095,-0.006694385,-0.116849857,0.006936284,-0.078817660,2.812921,1,Solve_Succeeded,-0.065682613,0.000024256,0.000000000000e+00
3.440000,0.224600842,-0.006624988,-0.117508939,0.006939160,-0.078817660,2.812921,1,Solve_Succeeded,-0.065682613,0.000024256,0.000000000000e+00
3.450000,0.223418012,-0.006555395,-0.118166929,0.006956309,-0.077152212,3.052265,1,Solve_Succeeded,-0.064291268,-0.000045145,0.000000000000e+00
3.460000,0.222228752,-0.006485806,-0.118812103,0.006958498,-0.077152212,3.052265,1,Solve_Succeeded,-0.064291268,-0.000045145,0.000000000000e+00
3.470000,0.221033054,-0.006416027,-0.119456183,0.006974999,-0.075482502,3.261598,1,Solve_Succeeded,-0.062896395,-0.000114107,-4.336808689942e-19
3.480000,0.219831066,-0.006346259,-0.120087414,0.006976505,-0.075482502,3.261598,1,Solve_Succeeded,-0.062896395,-0.000114107,-4.336808689942e-19
3.490000,0.218622778,-0.006276308,-0.120717548,0.006992360,-0.073808847,2.765967,1,Solve_Succeeded,-0.061498257,-0.000182623,0.000000000000e+00
3.500000,0.217408341,-0.006206375,-0.121334803,0.006993187,-0.073808847,2.765967,1,Solve_Succeeded,-0.061498257,-0.000182623,0.000000000000e+00
3.510000,0.216187744,-0.006136264,-0.121950959,0.007008397,-0.072131561,2.640142,1,Solve_Succeeded,-0.060097115,-0.000250685,4.336808689942e-19
3.520000,0.214961137,-0.006066178,-0.122554207,0.007008548,-0.072131561,2.640142,1,Solve_Succeeded,-0.060097115,-0.000250685,4.336808689942e-19
3.530000,0.213728511,-0.005995921,-0.123156354,0.007023115,-0.070450957,2.767540,1,Solve_Succeeded,-0.058693232,-0.000318289,4.336808689942e-19
3.540000,0.212490016,-0.005925696,-0.123745568,0.007022595,-0.070450957,2.767540,1,Solve_Succeeded,-0.058693232,-0.000318289,4.336808689942e-19
3.550000,0.211245641,-0.005855306,-0.124333678,0.007036520,-0.068767348,2.952611,1,Solve_Succeeded,-0.057286867,-0.000385426,-4.336808689942e-19
3.560000,0.209995538,-0.005784955,-0.124908833,0.007035333,-0.068767348,2.952611,1,Solve_Succeeded,-0.057286867,-0.000385426,-4.336808689942e-19
3.570000,0.208739696,-0.005714445,-0.125482882,0.007048617,-0.067081044,2.737649,1,Solve_Succeeded,-0.055878280,-0.000452091,-4.336808689942e-19
3.580000,0.207478266,-0.005643981,-0.126043954,0.007046767,-0.067081044,2.737649,1,Solve_Succeeded,-0.055878280,-0.000452091,-4.336808689942e-19
3.590000,0.206211239,-0.005573365,-0.126603919,0.007059412,-0.065392354,2.740353,1,Solve_Succeeded,-0.054467729,-0.000518276,0.000000000000e+00
3.600000,0.204938765,-0.005502800,-0.127150889,0.007056904,-0.065392354,2.740353,1,Solve_Succeeded,-0.054467729,-0.000518276,0.000000000000e+00
3.610000,0.203660834,-0.005432090,-0.127696750,0.007068911,-0.063701587,2.699310,1,Solve_Succeeded,-0.053055471,-0.000583975,0.000000000000e+00
3.620000,0.202377598,-0.005361438,-0.128229600,0.007065749,-0.063701587,2.699310,1,Solve_Succeeded,-0.053055471,-0.000583975,0.000000000000e+00
3.630000,0.201089046,-0.005290647,-0.128761340,0.007077120,-0.062009049,2.785629,1,Solve_Succeeded,-0.051641762,-0.000649181,4.336808689942e-19
3.640000,0.199795330,-0.005219920,-0.129280056,0.007073308,-0.062009049,2.785629,1,Solve_Succeeded,-0.051641762,-0.000649181,4.336808689942e-19
3.650000,0.198496440,-0.005149061,-0.129797659,0.007084046,-0.060315045,4.694831,1,Solve_Succeeded,-0.050226857,-0.000713887,0.000000000000e+00
3.660000,0.197192527,-0.005078273,-0.130302228,0.007079589,-0.060315045,4.694831,1,Solve_Succeeded,-0.050226857,-0.000713887,0.000000000000e+00
3.670000,0.195883582,-0.005007358,-0.130805684,0.007089694,-0.058619879,3.096725,1,Solve_Succeeded,-0.048811008,-0.000778086,4.336808689942e-19
3.680000,0.194569756,-0.004936521,-0.131296096,0.007084597,-0.058619879,3.096725,1,Solve_Succeeded,-0.048811008,-0.000778086,4.336808689942e-19
3.690000,0.193251038,-0.004865564,-0.131785394,0.007094072,-0.056923853,2.888829,1,Solve_Succeeded,-0.047394468,-0.000841772,-4.336808689942e-19
3.700000,0.191927581,-0.004794690,-0.132261641,0.007088339,-0.056923853,2.888829,1,Solve_Succeeded,-0.047394468,-0.000841772,-4.336808689942e-19
3.710000,0.190599375,-0.004723703,-0.132736775,0.007097186,-0.055227267,2.721733,1,Solve_Succeeded,-0.045977488,-0.000904938,0.000000000000e+00
3.720000,0.189266571,-0.004652806,-0.133198853,0.007090821,-0.055227267,2.721733,1,Solve_Succeeded,-0.045977488,-0.000904938,0.000000000000e+00
3.730000,0.187929159,-0.004581801,-0.133659817,0.007099043,-0.053530420,2.759204,1,Solve_Succeeded,-0.044560317,-0.000967577,4.336808689942e-19
3.740000,0.186587292,-0.004510893,-0.134107724,0.007092052,-0.053530420,2.759204,1,Solve_Succeeded,-0.044560317,-0.000967577,4.336808689942e-19
3.750000,0.185240958,-0.004439883,-0.134554516,0.007099649,-0.051833609,2.747669,1,Solve_Succeeded,-0.043143202,-0.001029683,4.336808689942e-19
3.760000,0.183890310,-0.004368976,-0.134988252,0.007092037,-0.051833609,2.747669,1,Solve_Succeeded,-0.043143202,-0.001029683,4.336808689942e-19
3.770000,0.182535338,-0.004297973,-0.135420874,0.007099013,-0.050137130,2.877433,1,Solve_Succeeded,-0.041726391,-0.001091249,4.336808689942e-19
3.780000,0.181176193,-0.004227080,-0.135840441,0.007090784,-0.050137130,2.877433,1,Solve_Succeeded,-0.041726391,-0.001091249,4.336808689942e-19
3.790000,0.179812866,-0.004156098,-0.136258894,0.007097141,-0.048441276,3.063174,1,Solve_Succeeded,-0.040310128,-0.001152269,4.336808689942e-19
3.800000,0.178445507,-0.004085230,-0.136664298,0.007088301,-0.048441276,3.063174,1,Solve_Succeeded,-0.040310128,-0.001152269,4.336808689942e-19
3.810000,0.177074108,-0.004014280,-0.137068587,0.007094042,-0.046746340,2.668139,1,Solve_Succeeded,-0.038894657,-0.001212735,0.000000000000e+00
3.820000,0.175698819,-0.003943450,-0.137459835,0.007084595,-0.046746340,2.668139,1,Solve_Succeeded,-0.038894657,-0.001212735,0.000000000000e+00
3.830000,0.174319631,-0.003872544,-0.137849970,0.007089721,-0.045052611,2.839922,1,Solve_Succeeded,-0.037480220,-0.001272643,4.336808689942e-19
3.840000,0.172936695,-0.003801765,-0.138227072,0.007079673,-0.045052611,2.839922,1,Solve_Succeeded,-0.037480220,-0.001272643,4.336808689942e-19
3.850000,0.171550001,-0.003730915,-0.138603061,0.007084188,-0.043360377,2.659023,1,Solve_Succeeded,-0.036067058,-0.001331984,4.336808689942e-19
3.860000,0.170159700,-0.003660199,-0.138966029,0.007073544,-0.043360377,2.659023,1,Solve_Succeeded,-0.036067058,-0.001331984,4.336808689942e-19
3.870000,0.168765783,-0.003589417,-0.139327886,0.007077450,-0.041669926,3.059373,1,Solve_Succeeded,-0.034655410,-0.001390754,-4.336808689942e-19
3.880000,0.167368400,-0.003518775,-0.139676735,0.007066215,-0.041669926,3.059373,1,Solve_Succeeded,-0.034655410,-0.001390754,-4.336808689942e-19
3.890000,0.165967541,-0.003448074,-0.140024474,0.007069516,-0.039981541,2.895000,1,Solve_Succeeded,-0.033245512,-0.001448946,0.000000000000e+00
3.900000,0.164563358,-0.003377518,-0.140359222,0.007057695,-0.039981541,2.895000,1,Solve_Succeeded,-0.033245512,-0.001448946,0.000000000000e+00
3.910000,0.163155841,-0.003306909,-0.140692860,0.007060393,-0.038295504,2.636986,1,Solve_Succeeded,-0.031837601,-0.001506554,2.168404344971e-19
3.920000,0.161745140,-0.003236451,-0.141013525,0.007047992,-0.038295504,2.636986,1,Solve_Succeeded,-0.031837601,-0.001506554,2.168404344971e-19
3.930000,0.160331245,-0.003165946,-0.141333083,0.007050090,-0.036612098,2.732743,1,Solve_Succeeded,-0.030431911,-0.001563571,2.168404344971e-19
3.940000,0.158914307,-0.003095598,-0.141639688,0.007037115,-0.036612098,2.732743,1,Solve_Succeeded,-0.030431911,-0.001563571,2.168404344971e-19
3.950000,0.157494316,-0.003025209,-0.141945187,0.007038615,-0.034931599,2.687788,1,Solve_Succeeded,-0.029028674,-0.001619993,2.168404344971e-19
3.960000,0.156071422,-0.002954983,-0.142237755,0.007025071,-0.034931599,2.687788,1,Solve_Succeeded,-0.029028674,-0.001619993,2.168404344971e-19
3.970000,0.154645616,-0.002884721,-0.142529219,0.007025977,-0.033254284,2.558267,1,Solve_Succeeded,-0.027628120,-0.001675812,0.000000000000e+00
3.980000,0.153217046,-0.002814627,-0.142807778,0.007011869,-0.033254284,2.558267,1,Solve_Succeeded,-0.027628120,-0.001675812,0.000000000000e+00
3.990000,0.151785704,-0.002744505,-0.143085235,0.007012186,-0.031580428,2.591037,1,Solve_Succeeded,-0.026230479,-0.001731024,4.336808689942e-19
4.000000,0.150351739,-0.002674556,-0.143349812,0.006997520,-0.031580428,2.591037,1,Solve_Succeeded,-0.026230479,-0.001731024,4.336808689942e-19
4.010000,0.148915141,-0.002604584,-0.143613290,0.006997248,-0.029910303,2.560423,1,Solve_Succeeded,-0.024835978,-0.001785623,0.000000000000e+00
4.020000,0.147476060,-0.002534790,-0.143863918,0.006982030,-0.029910303,2.560423,1,Solve_Succeeded,-0.024835978,-0.001785623,0.000000000000e+00
4.030000,0.146034485,-0.002464980,-0.144113448,0.006981175,-0.028244178,2.608429,1,Solve_Succeeded,-0.023444841,-0.001839603,0.000000000000e+00
4.040000,0.144590566,-0.002395354,-0.144350158,0.006965410,-0.028244178,2.608429,1,Solve_Succeeded,-0.023444841,-0.001839603,0.000000000000e+00
4.050000,0.143144292,-0.002325716,-0.144585775,0.006963975,-0.026582321,3.119642,1,Solve_Succeeded,-0.022057292,-0.001892959,-2.168404344971e-19
4.060000,0.141695813,-0.002256269,-0.144808604,0.006947669,-0.026582321,3.119642,1,Solve_Succeeded,-0.022057292,-0.001892959,-2.168404344971e-19
4.070000,0.140245118,-0.002186815,-0.145030341,0.006945656,-0.024924999,2.649695,1,Solve_Succeeded,-0.020673553,-0.001945685,0.000000000000e+00
4.080000,0.138792356,-0.002117557,-0.145239327,0.006928817,-0.024924999,2.649695,1,Solve_Succeeded,-0.020673553,-0.001945685,0.000000000000e+00
4.090000,0.137337517,-0.002048299,-0.145447224,0.006926230,-0.023272473,2.708267,1,Solve_Succeeded,-0.019293844,-0.001997777,0.000000000000e+00
4.100000,0.135880749,-0.001979241,-0.145642406,0.006908861,-0.023272473,2.708267,1,Solve_Succeeded,-0.019293844,-0.001997777,0.000000000000e+00
4.110000,0.134422041,-0.001910190,-0.145836503,0.006905705,-0.021625006,2.656283,1,Solve_Succeeded,-0.017918382,-0.002049229,2.168404344971e-19
4.120000,0.132961542,-0.001841343,-0.146017924,0.006887814,-0.021625006,2.656283,1,Solve_Succeeded,-0.017918382,-0.002049229,2.168404344971e-19
4.130000,0.131499241,-0.001772509,-0.146198262,0.006884092,-0.019982855,2.646415,1,Solve_Succeeded,-0.016547382,-0.002100036,0.000000000000e+00
4.140000,0.130035285,-0.001703885,-0.146365965,0.006865683,-0.019982855,2.646415,1,Solve_Succeeded,-0.016547382,-0.002100036,0.000000000000e+00
4.150000,0.128569665,-0.001635278,-0.146532590,0.006861399,-0.018346278,2.751708,1,Solve_Succeeded,-0.015181059,-0.002150194,0.000000000000e+00
4.160000,0.127102527,-0.001566887,-0.146686623,0.006842480,-0.018346278,2.751708,1,Solve_Succeeded,-0.015181059,-0.002150194,0.000000000000e+00
4.170000,0.125633862,-0.001498519,-0.146839580,0.006837637,-0.016715527,2.683234,1,Solve_Succeeded,-0.013819625,-0.002199697,0.000000000000e+00
4.180000,0.124163814,-0.001430371,-0.146979991,0.006818213,-0.016715527,2.683234,1,Solve_Succeeded,-0.013819625,-0.002199697,0.000000000000e+00
4.190000,0.122692375,-0.001362252,-0.147119330,0.006812816,-0.015090855,2.605338,1,Solve_Succeeded,-0.012463288,-0.002248541,1.084202172486e-19
4.200000,0.121219689,-0.001294359,-0.147246169,0.006792894,-0.015090855,2.605338,1,Solve_Succeeded,-0.012463288,-0.002248541,1.084202172486e-19
4.210000,0.119745748,-0.001226500,-0.147371940,0.006786947,-0.013472510,2.827957,1,Solve_Succeeded,-0.011112258,-0.002296721,1.084202172486e-19
4.220000,0.118270695,-0.001158870,-0.147485260,0.006766533,-0.013472510,2.827957,1,Solve_Succeeded,-0.011112258,-0.002296721,1.084202172486e-19
4.230000,0.116794522,-0.001091281,-0.147597517,0.006760039,-0.011860738,2.648278,1,Solve_Succeeded,-0.009766740,-0.002344234,0.000000000000e+00
4.240000,0.115317372,-0.001023927,-0.147697372,0.006739139,-0.011860738,2.648278,1,Solve_Succeeded,-0.009766740,-0.002344234,0.000000000000e+00
4.250000,0.113839236,-0.000956618,-0.147796169,0.006732103,-0.010255785,3.515818,1,Solve_Succeeded,-0.008426936,-0.002391074,0.000000000000e+00
4.260000,0.112360257,-0.000889549,-0.147882618,0.006710724,-0.010255785,3.515818,1,Solve_Succeeded,-0.008426936,-0.002391074,0.000000000000e+00
4.270000,0.110880426,-0.000822531,-0.147968012,0.006703150,-0.008657891,3.401256,1,Solve_Succeeded,-0.007093049,-0.002437238,0.000000000000e+00
4.280000,0.109399886,-0.000755756,-0.148041112,0.006681297,-0.008657891,3.401256,1,Solve_Succeeded,-0.007093049,-0.002437238,0.000000000000e+00
4.290000,0.107918628,-0.000689039,-0.148113162,0.006673190,-0.007067296,2.967563,1,Solve_Succeeded,-0.005765278,-0.002482722,0.000000000000e+00
4.300000,0.106436792,-0.000622569,-0.148172975,0.006650871,-0.007067296,2.967563,1,Solve_Succeeded,-0.005765278,-0.002482722,0.000000000000e+00
4.310000,0.104954371,-0.000556162,-0.148231742,0.006642234,-0.005484235,2.677388,1,Solve_Succeeded,-0.004443821,-0.002527521,-5.421010862428e-20
4.320000,0.103471506,-0.000490008,-0.148278330,0.006619455,-0.005484235,2.677388,1,Solve_Succeeded,-0.004443821,-0.002527521,-5.421010862428e-20
4.330000,0.101988186,-0.000423921,-0.148323877,0.006610294,-0.003908942,2.807883,1,Solve_Succeeded,-0.003128871,-0.002571632,-5.421010862428e-20
4.340000,0.100504554,-0.000358092,-0.148357305,0.006587061,-0.003908942,2.807883,1,Solve_Succeeded,-0.003128871,-0.002571632,-5.421010862428e-20
4.350000,0.099020600,-0.000292335,-0.148389697,0.006577379,-0.002341649,2.600308,1,Solve_Succeeded,-0.001820622,-0.002615052,0.000000000000e+00
4.360000,0.097536464,-0.000226840,-0.148410032,0.006553699,-0.002341649,2.600308,1,Solve_Succeeded,-0.001820622,-0.002615052,0.000000000000e+00
4.370000,0.096052137,-0.000161423,-0.148429336,0.006543502,-0.000782583,2.825283,1,Solve_Succeeded,-0.000519264,-0.002657776,0.000000000000e+00
4.380000,0.094567757,-0.000096271,-0.148436646,0.006519381,-0.000782583,2.825283,1,Solve_Succeeded,-0.000519264,-0.002657776,0.000000000000e+00
4.390000,0.093083317,-0.000031204,-0.148442931,0.006508673,0.000768029,3.486788,1,Solve_Succeeded,0.000775014,-0.002699801,0.000000000000e+00
4.400000,0.091598954,0.000033594,-0.148437286,0.006484119,0.000768029,3.486788,1,Solve_Succeeded,0.000775014,-0.002699801,0.000000000000e+00
4.410000,0.090114660,0.000098304,-0.148430622,0.006472904,0.002309964,2.777108,1,Solve_Succeeded,0.002062026,-0.002741125,-6.776263578034e-21
4.420000,0.088630571,0.000162739,-0.148412096,0.006447922,0.002309964,2.777108,1,Solve_Succeeded,0.002062026,-0.002741125,-6.776263578034e-21
4.430000,0.087146680,0.000227080,-0.148392556,0.006436206,0.003843002,2.667082,1,Solve_Succeeded,0.003341589,-0.002781744,-2.710505431214e-20
4.440000,0.085663123,0.000291143,-0.148361221,0.006410804,0.003843002,2.667082,1,Solve_Succeeded,0.003341589,-0.002781744,-2.710505431214e-20
4.450000,0.084179892,0.000355108,-0.148328880,0.006398590,0.005366926,2.764179,1,Solve_Succeeded,0.004613522,-0.002821654,-5.421010862428e-20
4.460000,0.082697121,0.000418790,-0.148284814,0.006372775,0.005366926,2.764179,1,Solve_Succeeded,0.004613522,-0.002821654,-5.421010862428e-20
4.470000,0.081214803,0.000482368,-0.148239746,0.006360069,0.006881521,2.662139,1,Solve_Succeeded,0.005877645,-0.002860853,0.000000000000e+00
4.480000,0.079733073,0.000545660,-0.148183026,0.006333847,0.006881521,2.662139,1,Solve_Succeeded,0.005877645,-0.002860853,0.000000000000e+00
4.490000,0.078251922,0.000608844,-0.148125311,0.006320654,0.008386575,2.783043,1,Solve_Succeeded,0.007133781,-0.002899339,-5.421010862428e-20
4.500000,0.076771484,0.000671737,-0.148056017,0.006294031,0.008386575,2.783043,1,Solve_Succeeded,0.007133781,-0.002899339,-5.421010862428e-20
4.510000,0.075291751,0.000734516,-0.147985734,0.006280357,0.009881878,2.718950,1,Solve_Succeeded,0.008381756,-0.002937108,0.000000000000e+00
4.520000,0.073812856,0.000797002,-0.147903946,0.006253341,0.009881878,2.718950,1,Solve_Succeeded,0.008381756,-0.002937108,0.000000000000e+00
4.530000,0.072334790,0.000859369,-0.147821177,0.006239189,0.011367226,2.578113,1,Solve_Succeeded,0.009621398,-0.002974159,0.000000000000e+00
4.540000,0.070857686,0.000921438,-0.147726979,0.006211786,0.011367226,2.578113,1,Solve_Succeeded,0.009621398,-0.002974159,0.000000000000e+00
4.550000,0.069381536,0.000983384,-0.147631806,0.006197163,0.012842413,2.884464,1,Solve_Succeeded,0.010852537,-0.003010488,0.000000000000e+00
4.560000,0.067906471,0.001045029,-0.147525284,0.006169381,0.012842413,2.884464,1,Solve_Succeeded,0.010852537,-0.003010488,0.000000000000e+00
4.570000,0.066432483,0.001106545,-0.147417792,0.006154290,0.014307240,3.448310,1,Solve_Succeeded,0.012075006,-0.003046093,0.000000000000e+00
4.580000,0.064959702,0.001167757,-0.147299031,0.006126135,0.014307240,3.448310,1,Solve_Succeeded,0.012075006,-0.003046093,0.000000000000e+00
4.590000,0.063488121,0.001228835,-0.147179307,0.006110584,0.015761509,2.796461,1,Solve_Succeeded,0.013288641,-0.003080973,1.084202172486e-19
4.600000,0.062017868,0.001289606,-0.147048395,0.006082063,0.015761509,2.796461,1,Solve_Succeeded,0.013288641,-0.003080973,1.084202172486e-19
4.610000,0.060548935,0.001350238,-0.146916528,0.006066055,0.017205025,2.828969,1,Solve_Succeeded,0.014493279,-0.003115126,0.000000000000e+00
4.620000,0.059081452,0.001410559,-0.146773555,0.006037175,0.017205025,2.828969,1,Solve_Succeeded,0.014493279,-0.003115126,0.000000000000e+00
4.630000,0.057615409,0.001470737,-0.146629634,0.006020716,0.018637596,2.676999,1,Solve_Succeeded,0.015688760,-0.003148549,1.084202172486e-19
4.640000,0.056150936,0.001530600,-0.146474691,0.005991485,0.018637596,2.676999,1,Solve_Succeeded,0.015688760,-0.003148549,1.084202172486e-19
4.650000,0.054688023,0.001590316,-0.146318808,0.005974580,0.020059034,3.029341,1,Solve_Succeeded,0.016874926,-0.003181241,-1.084202172486e-19
4.660000,0.053226797,0.001649714,-0.146151988,0.005945004,0.020059034,3.029341,1,Solve_Succeeded,0.016874926,-0.003181241,-1.084202172486e-19
4.670000,0.051767251,0.001708960,-0.145984235,0.005927659,0.021469153,2.690912,1,Solve_Succeeded,0.018051624,-0.003213200,-2.168404344971e-19
4.680000,0.050309510,0.001767885,-0.145805633,0.005897745,0.021469153,2.690912,1,Solve_Succeeded,0.018051624,-0.003213200,-2.168404344971e-19
4.690000,0.048853566,0.001826653,-0.145626105,0.005879965,0.022867770,2.807931,1,Solve_Succeeded,0.019218699,-0.003244424,0.000000000000e+00
4.700000,0.047399543,0.001885097,-0.145435817,0.005849720,0.022867770,2.807931,1,Solve_Succeeded,0.019218699,-0.003244424,0.000000000000e+00
4.710000,0.045947435,0.001943380,-0.145244610,0.005831511,0.024254705,2.701870,1,Solve_Succeeded,0.020376003,-0.003274914,0.000000000000e+00
4.720000,0.044497364,0.002001335,-0.145042733,0.005800943,0.024254705,2.701870,1,Solve_Succeeded,0.020376003,-0.003274914,0.000000000000e+00
4.730000,0.043049322,0.002059125,-0.144839945,0.005782310,0.025629781,2.673956,1,Solve_Succeeded,0.021523387,-0.003304666,2.168404344971e-19
4.740000,0.041603433,0.002116585,-0.144626578,0.005751425,0.025629781,2.673956,1,Solve_Succeeded,0.021523387,-0.003304666,2.168404344971e-19
4.750000,0.040159688,0.002173875,-0.144412308,0.005732373,0.026992824,2.670650,1,Solve_Succeeded,0.022660707,-0.003333681,-2.168404344971e-19
4.760000,0.038718209,0.002230832,-0.144187551,0.005701180,0.026992824,2.670650,1,Solve_Succeeded,0.022660707,-0.003333681,-2.168404344971e-19
4.770000,0.037278988,0.002287615,-0.143961899,0.005681715,0.028343664,2.629041,1,Solve_Succeeded,0.023787821,-0.003361957,0.000000000000e+00
4.780000,0.035842146,0.002344061,-0.143725855,0.005650219,0.028343664,2.629041,1,Solve_Succeeded,0.023787821,-0.003361957,0.000000000000e+00
4.790000,0.034407675,0.002400330,-0.143488923,0.005630348,0.029682133,2.707172,1,Solve_Succeeded,0.024904589,-0.003389493,2.168404344971e-19
4.800000,0.032975694,0.002456259,-0.143241695,0.005598556,0.029682133,2.707172,1,Solve_Succeeded,0.024904589,-0.003389493,2.168404344971e-19
4.810000,0.031546196,0.002512006,-0.142993587,0.005578284,0.031008066,3.074450,1,Solve_Succeeded,0.026010872,-0.003416289,0.000000000000e+00
4.820000,0.030119299,0.002567412,-0.142735278,0.005546204,0.031008066,3.074450,1,Solve_Succeeded,0.026010872,-0.003416289,0.000000000000e+00
4.830000,0.028694996,0.002622631,-0.142476098,0.005525536,0.032321301,2.934752,1,Solve_Succeeded,0.027106538,-0.003442344,2.168404344971e-19
4.840000,0.027273403,0.002677505,-0.142206816,0.005493176,0.032321301,2.934752,1,Solve_Succeeded,0.027106538,-0.003442344,2.168404344971e-19
4.850000,0.025854513,0.002732189,-0.141936671,0.005472117,0.033621681,2.605717,1,Solve_Succeeded,0.028191454,-0.003467657,0.000000000000e+00
4.860000,0.024438442,0.002786527,-0.141656522,0.005439484,0.033621681,2.605717,1,Solve_Succeeded,0.028191454,-0.003467657,0.000000000000e+00
4.870000,0.023025183,0.002840669,-0.141375518,0.005418041,0.034909049,2.601330,1,Solve_Succeeded,0.029265489,-0.003492229,-2.168404344971e-19
4.880000,0.021614850,0.002894463,-0.141084611,0.005385141,0.034909049,2.601330,1,Solve_Succeeded,0.029265489,-0.003492229,-2.168404344971e-19
4.890000,0.020207436,0.002948057,-0.140792858,0.005363321,0.036183254,2.783739,1,Solve_Succeeded,0.030328518,-0.003516060,-2.168404344971e-19
4.900000,0.018803055,0.003001300,-0.140491303,0.005330161,0.036183254,2.783739,1,Solve_Succeeded,0.030328518,-0.003516060,-2.168404344971e-19
4.910000,0.017401700,0.003054341,-0.140188911,0.005307968,0.037444146,3.379974,1,Solve_Succeeded,0.031380416,-0.003539148,-2.168404344971e-19
4.920000,0.016003482,0.003107027,-0.139876819,0.005274556,0.037444146,3.379974,1,Solve_Succeeded,0.031380416,-0.003539148,-2.168404344971e-19
4.930000,0.014608396,0.003159508,-0.139563898,0.005251997,0.038691579,3.013426,1,Solve_Succeeded,0.032421061,-0.003561495,0.000000000000e+00
4.940000,0.013216551,0.003211632,-0.139241381,0.005218340,0.038691579,3.013426,1,Solve_Succeeded,0.032421061,-0.003561495,0.000000000000e+00
4.950000,0.011827941,0.003263545,-0.138918044,0.005195420,0.039925410,2.910039,1,Solve_Succeeded,0.033450334,-0.003583099,-2.168404344971e-19
4.960000,0.010442676,0.003315101,-0.138585216,0.005161526,0.039925410,2.910039,1,Solve_Succeeded,0.033450334,-0.003583099,-2.168404344971e-19
4.970000,0.009060749,0.003366442,-0.138251577,0.005138252,0.041145500,2.815553,1,Solve_Succeeded,0.034468119,-0.003603963,-4.336808689942e-19
4.980000,0.007682269,0.003417423,-0.137908552,0.005104127,0.041145500,2.815553,1,Solve_Succeeded,0.034468119,-0.003603963,-4.336808689942e-19
4.990000,0.006307229,0.003468187,-0.137564726,0.005080504,0.042351712,3.024848,1,Solve_Succeeded,0.035474301,-0.003624086,0.000000000000e+00
5.000000,0.004935736,0.003518588,-0.137211621,0.005046155,0.042351712,3.024848,1,Solve_Succeeded,0.035474301,-0.003624086,0.000000000000e+00
5.010000,0.003567783,0.003568767,-0.136857723,0.005022190,0.043543913,2.612294,1,Solve_Succeeded,0.036468771,-0.003643468,0.000000000000e+00
5.020000,0.002203477,0.003618582,-0.136494654,0.004987625,0.043543913,2.612294,1,Solve_Succeeded,0.036468771,-0.003643468,0.000000000000e+00
5.030000,0.000842811,0.003668173,-0.136130801,0.004963323,0.044721972,2.710421,1,Solve_Succeeded,0.037451419,-0.003662111,4.336808689942e-19
5.040000,-0.000514110,0.003717397,-0.135757887,0.004928550,0.044721972,2.710421,1,Solve_Succeeded,0.037451419,-0.003662111,4.336808689942e-19
5.050000,-0.001867292,0.003766393,-0.135384198,0.004903917,0.045885762,3.054549,1,Solve_Succeeded,0.038422139,-0.003680016,0.000000000000e+00
5.060000,-0.003216632,0.003815020,-0.135001556,0.004868942,0.045885762,3.054549,1,Solve_Succeeded,0.038422139,-0.003680016,0.000000000000e+00
5.070000,-0.004562137,0.003863416,-0.134618151,0.004843985,0.047035159,2.636981,1,Solve_Succeeded,0.039380828,-0.003697182,0.000000000000e+00
5.080000,-0.005903704,0.003911442,-0.134225903,0.004808816,0.047035159,2.636981,1,Solve_Succeeded,0.039380828,-0.003697182,0.000000000000e+00
5.090000,-0.007241340,0.003959233,-0.133832900,0.004783540,0.048170043,3.002130,1,Solve_Succeeded,0.040327386,-0.003713611,0.000000000000e+00
5.100000,-0.008574942,0.004006652,-0.133431167,0.004748183,0.048170043,3.002130,1,Solve_Succeeded,0.040327386,-0.003713611,0.000000000000e+00
5.110000,-0.009904519,0.004053833,-0.133028688,0.004722596,0.049290295,4.046856,1,Solve_Succeeded,0.041261714,-0.003729305,-4.336808689942e-19
5.120000,-0.011229969,0.004100641,-0.132617592,0.004687059,0.049290295,4.046856,1,Solve_Succeeded,0.041261714,-0.003729305,-4.336808689942e-19
5.130000,-0.012551300,0.004147207,-0.132205759,0.004661165,0.050395802,3.127954,1,Solve_Succeeded,0.042183718,-0.003744265,4.336808689942e-19
5.140000,-0.013868413,0.004193399,-0.131785423,0.004625455,0.050395802,3.127954,1,Solve_Succeeded,0.042183718,-0.003744265,4.336808689942e-19
5.150000,-0.015181313,0.004239345,-0.131364360,0.004599262,0.051486453,3.244500,1,Solve_Succeeded,0.043093305,-0.003758491,4.336808689942e-19
5.160000,-0.016489905,0.004284916,-0.130934908,0.004563386,0.051486453,3.244500,1,Solve_Succeeded,0.043093305,-0.003758491,4.336808689942e-19
5.170000,-0.017794193,0.004330238,-0.130504739,0.004536899,0.052562138,2.592223,1,Solve_Succeeded,0.043990384,-0.003771986,0.000000000000e+00
5.180000,-0.019094082,0.004375183,-0.130066296,0.004500864,0.052562138,2.592223,1,Solve_Succeeded,0.043990384,-0.003771986,0.000000000000e+00
5.190000,-0.020389579,0.004419877,-0.129627146,0.004474090,0.053622755,3.520908,1,Solve_Succeeded,0.044874869,-0.003784752,0.000000000000e+00
5.200000,-0.021680588,0.004464192,-0.129179837,0.004437904,0.053622755,3.520908,1,Solve_Succeeded,0.044874869,-0.003784752,0.000000000000e+00
5.210000,-0.022967115,0.004508252,-0.128731831,0.004410849,0.054668200,3.032683,1,Solve_Succeeded,0.045746675,-0.003796789,4.336808689942e-19
5.220000,-0.024249068,0.004551934,-0.128275784,0.004374518,0.054668200,3.032683,1,Solve_Succeeded,0.045746675,-0.003796789,4.336808689942e-19
5.230000,-0.025526453,0.004595357,-0.127819049,0.004347188,0.055698375,3.038765,1,Solve_Succeeded,0.046605720,-0.003808100,4.336808689942e-19
5.240000,-0.026799177,0.004638400,-0.127354391,0.004310719,0.055698375,3.038765,1,Solve_Succeeded,0.046605720,-0.003808100,4.336808689942e-19
5.250000,-0.028067246,0.004681183,-0.126889055,0.004283121,0.056713186,2.666829,1,Solve_Succeeded,0.047451925,-0.003818687,4.336808689942e-19
5.260000,-0.029330570,0.004723583,-0.126415914,0.004246522,0.056713186,2.666829,1,Solve_Succeeded,0.047451925,-0.003818687,4.336808689942e-19
5.270000,-0.030589155,0.004765721,-0.125942105,0.004218661,0.057712540,4.153041,1,Solve_Succeeded,0.048285213,-0.003828552,4.336808689942e-19
5.280000,-0.031842912,0.004807475,-0.125460610,0.004181939,0.057712540,4.153041,1,Solve_Succeeded,0.048285213,-0.003828552,4.336808689942e-19
5.290000,-0.033091845,0.004848964,-0.124978458,0.004153822,0.058696348,3.015944,1,Solve_Succeeded,0.049105511,-0.003837697,0.000000000000e+00
5.300000,-0.034335868,0.004890069,-0.124488738,0.004116984,0.058696348,3.015944,1,Solve_Succeeded,0.049105511,-0.003837697,0.000000000000e+00
5.310000,-0.035574987,0.004930905,-0.123998373,0.004088618,0.059664526,2.852886,1,Solve_Succeeded,0.049912746,-0.003846125,0.000000000000e+00
5.320000,-0.036809114,0.004971356,-0.123500559,0.004051671,0.059664526,2.852886,1,Solve_Succeeded,0.049912746,-0.003846125,0.000000000000e+00
5.330000,-0.038038255,0.005011536,-0.123002110,0.004023060,0.060616989,2.751243,1,Solve_Succeeded,0.050706851,-0.003853838,0.000000000000e+00
5.340000,-0.039262326,0.005051331,-0.122496335,0.003986011,0.060616989,2.751243,1,Solve_Succeeded,0.050706851,-0.003853838,0.000000000000e+00
5.350000,-0.040481332,0.005090852,-0.121989934,0.003957164,0.061553659,2.591768,1,Solve_Succeeded,0.051487759,-0.003860838,0.000000000000e+00
5.360000,-0.041695189,0.005129986,-0.121476328,0.003920020,0.061553659,2.591768,1,Solve_Succeeded,0.051487759,-0.003860838,0.000000000000e+00
5.370000,-0.042903902,0.005168845,-0.120962106,0.003890941,0.062474460,2.773784,1,Solve_Succeeded,0.052255408,-0.003867128,4.336808689942e-19
5.380000,-0.044107391,0.005207316,-0.120440802,0.003853709,0.062474460,2.773784,1,Solve_Succeeded,0.052255408,-0.003867128,4.336808689942e-19
5.390000,-0.045305658,0.005245508,-0.119918893,0.003824407,0.063379319,2.703913,1,Solve_Succeeded,0.053009736,-0.003872711,0.000000000000e+00
5.400000,-0.046498625,0.005283313,-0.119390024,0.003787093,0.063379319,2.703913,1,Solve_Succeeded,0.053009736,-0.003872711,0.000000000000e+00
5.410000,-0.047686297,0.005320837,-0.118860561,0.003757572,0.064268166,2.850853,1,Solve_Succeeded,0.053750686,-0.003877591,-4.336808689942e-19
5.420000,-0.048868593,0.005357973,-0.118324261,0.003720184,0.064268166,2.850853,1,Solve_Succeeded,0.053750686,-0.003877591,-4.336808689942e-19
5.430000,-0.050045519,0.005394825,-0.117787376,0.003690452,0.065140935,2.885354,1,Solve_Succeeded,0.054478202,-0.003881768,0.000000000000e+00
5.440000,-0.051216998,0.005431289,-0.117243779,0.003652997,0.065140935,2.885354,1,Solve_Succeeded,0.054478202,-0.003881768,0.000000000000e+00
5.450000,-0.052383033,0.005467467,-0.116699609,0.003623059,0.065997561,2.648491,1,Solve_Succeeded,0.055192231,-0.003885248,4.336808689942e-19
5.460000,-0.053543550,0.005503256,-0.116148849,0.003585543,0.065997561,2.648491,1,Solve_Succeeded,0.055192231,-0.003885248,4.336808689942e-19
5.470000,-0.054698552,0.005538757,-0.115597527,0.003555406,0.066837986,2.658107,1,Solve_Succeeded,0.055892724,-0.003888033,4.336808689942e-19
5.480000,-0.055847965,0.005573869,-0.115039741,0.003517837,0.066837986,2.658107,1,Solve_Succeeded,0.055892724,-0.003888033,4.336808689942e-19
5.490000,-0.056991794,0.005608690,-0.114481402,0.003487507,0.067662151,2.723884,1,Solve_Succeeded,0.056579633,-0.003890126,0.000000000000e+00
5.500000,-0.058129965,0.005643123,-0.113916725,0.003449891,0.067662151,2.723884,1,Solve_Succeeded,0.056579633,-0.003890126,0.000000000000e+00
5.510000,-0.059262483,0.005677263,-0.113351506,0.003419375,0.068470003,2.650668,1,Solve_Succeeded,0.057252913,-0.003891531,0.000000000000e+00
5.520000,-0.060389275,0.005711013,-0.112780073,0.003381719,0.068470003,2.650668,1,Solve_Succeeded,0.057252913,-0.003891531,0.000000000000e+00
5.530000,-0.061510347,0.005744470,-0.112208110,0.003351023,0.069261491,3.049672,1,Solve_Succeeded,0.057912522,-0.003892251,4.336808689942e-19
5.540000,-0.062625627,0.005777536,-0.111630059,0.003313334,0.069261491,3.049672,1,Solve_Succeeded,0.057912522,-0.003892251,4.336808689942e-19
5.550000,-0.063735121,0.005810307,-0.111051488,0.003282463,0.070036568,2.713511,1,Solve_Succeeded,0.058558421,-0.003892290,-4.336808689942e-19
5.560000,-0.064838759,0.005842687,-0.110466956,0.003244748,0.070036568,2.713511,1,Solve_Succeeded,0.058558421,-0.003892290,-4.336808689942e-19
5.570000,-0.065936546,0.005874770,-0.109881915,0.003213710,0.070795187,2.689035,1,Solve_Succeeded,0.059190572,-0.003891651,0.000000000000e+00
5.580000,-0.067028413,0.005906463,-0.109291039,0.003175975,0.070795187,2.689035,1,Solve_Succeeded,0.059190572,-0.003891651,0.000000000000e+00
5.590000,-0.068114366,0.005937856,-0.108699665,0.003144776,0.071537309,3.068421,1,Solve_Succeeded,0.059808941,-0.003890339,-4.336808689942e-19
5.600000,-0.069194339,0.005968859,-0.108102583,0.003107028,0.071537309,3.068421,1,Solve_Succeeded,0.059808941,-0.003890339,-4.336808689942e-19
5.610000,-0.070268334,0.005999561,-0.107505013,0.003075674,0.072262895,2.912976,1,Solve_Succeeded,0.060413496,-0.003888357,4.336808689942e-19
5.620000,-0.071336288,0.006029873,-0.106901863,0.003037920,0.072262895,2.912976,1,Solve_Succeeded,0.060413496,-0.003888357,4.336808689942e-19
5.630000,-0.072398206,0.006059882,-0.106298237,0.003006417,0.072971908,2.725075,1,Solve_Succeeded,0.061004208,-0.003885710,0.000000000000e+00
5.640000,-0.073454022,0.006089502,-0.105689157,0.002968663,0.072971908,2.725075,1,Solve_Succeeded,0.061004208,-0.003885710,0.000000000000e+00
5.650000,-0.074503743,0.006118816,-0.105079612,0.002937018,0.073664318,3.323331,1,Solve_Succeeded,0.061581051,-0.003882401,-4.336808689942e-19
5.660000,-0.075547305,0.006147742,-0.104464741,0.002899271,0.073664318,3.323331,1,Solve_Succeeded,0.061581051,-0.003882401,-4.336808689942e-19
5.670000,-0.076584713,0.006176361,-0.103849415,0.002867490,0.074340095,3.696775,1,Solve_Succeeded,0.062144000,-0.003878434,4.336808689942e-19
5.680000,-0.077615907,0.006204592,-0.103228893,0.002829756,0.074340095,3.696775,1,Solve_Succeeded,0.062144000,-0.003878434,4.336808689942e-19
5.690000,-0.078640891,0.006232514,-0.102607926,0.002797846,0.074999213,3.371661,1,Solve_Succeeded,0.062693034,-0.003873814,4.336808689942e-19
5.700000,-0.079659605,0.006260049,-0.101981890,0.002760132,0.074999213,3.371661,1,Solve_Succeeded,0.062693034,-0.003873814,4.336808689942e-19
5.710000,-0.080672054,0.006287273,-0.101355422,0.002728098,0.075641649,2.863405,1,Solve_Succeeded,0.063228133,-0.003868545,0.000000000000e+00
5.720000,-0.081678179,0.006314111,-0.100724012,0.002690410,0.075641649,2.863405,1,Solve_Succeeded,0.063228133,-0.003868545,0.000000000000e+00
5.730000,-0.082677986,0.006340637,-0.100092181,0.002658259,0.076267383,3.127850,1,Solve_Succeeded,0.063749282,-0.003862631,0.000000000000e+00
5.740000,-0.083671418,0.006366776,-0.099455538,0.002620604,0.076267383,3.127850,1,Solve_Succeeded,0.063749282,-0.003862631,0.000000000000e+00
5.750000,-0.084658479,0.006392603,-0.098818483,0.002588342,0.076876397,2.927093,1,Solve_Succeeded,0.064256466,-0.003856078,-4.336808689942e-19
5.760000,-0.085639114,0.006418044,-0.098176745,0.002550725,0.076876397,2.927093,1,Solve_Succeeded,0.064256466,-0.003856078,-4.336808689942e-19
5.770000,-0.086613327,0.006443170,-0.097534607,0.002518359,0.077468678,2.847386,1,Solve_Succeeded,0.064749674,-0.003848890,0.000000000000e+00
5.780000,-0.087581065,0.006467912,-0.096887914,0.002480788,0.077468678,2.847386,1,Solve_Succeeded,0.064749674,-0.003848890,0.000000000000e+00
5.790000,-0.088542331,0.006492338,-0.096240832,0.002448323,0.078044215,2.951981,1,Solve_Succeeded,0.065228897,-0.003841071,-4.336808689942e-19
5.800000,-0.089497074,0.006516380,-0.095589324,0.002410804,0.078044215,2.951981,1,Solve_Succeeded,0.065228897,-0.003841071,-4.336808689942e-19
5.810000,-0.090445298,0.006540105,-0.094937439,0.002378247,0.078602999,2.776218,1,Solve_Succeeded,0.065694128,-0.003832626,-4.336808689942e-19
5.820000,-0.091386953,0.006563446,-0.094281256,0.002340785,0.078602999,2.776218,1,Solve_Succeeded,0.065694128,-0.003832626,-4.336808689942e-19
5.830000,-0.092322041,0.006586470,-0.093624706,0.002308142,0.079145026,2.933139,1,Solve_Succeeded,0.066145364,-0.003823560,4.336808689942e-19
5.840000,-0.093250515,0.006609112,-0.092963988,0.002270745,0.079145026,2.933139,1,Solve_Succeeded,0.066145364,-0.003823560,4.336808689942e-19
5.850000,-0.094172378,0.006631434,-0.092302914,0.002238022,0.079670294,2.673206,1,Solve_Succeeded,0.066582603,-0.003813879,0.000000000000e+00
5.860000,-0.095087582,0.006653375,-0.091637801,0.002200695,0.079670294,2.673206,1,Solve_Succeeded,0.066582603,-0.003813879,0.000000000000e+00
5.870000,-0.095996131,0.006674996,-0.090972343,0.002167898,0.080178803,2.996581,1,Solve_Succeeded,0.067005846,-0.003803586,0.000000000000e+00
5.880000,-0.096897980,0.006696237,-0.090302974,0.002130647,0.080178803,2.996581,1,Solve_Succeeded,0.067005846,-0.003803586,0.000000000000e+00
5.890000,-0.097793131,0.006717157,-0.089633272,0.002097782,0.080670557,4.043199,1,Solve_Succeeded,0.067415096,-0.003792688,0.000000000000e+00
5.900000,-0.098681540,0.006737697,-0.088959788,0.002060615,0.080670557,4.043199,1,Solve_Succeeded,0.067415096,-0.003792688,0.000000000000e+00
5.910000,-0.099563211,0.006757916,-0.088285982,0.002027688,0.081145562,2.833019,1,Solve_Succeeded,0.067810359,-0.003781190,-8.673617379884e-19
5.920000,-0.100438101,0.006777757,-0.087608523,0.001990609,0.081145562,2.833019,1,Solve_Succeeded,0.067810359,-0.003781190,-8.673617379884e-19
5.930000,-0.101306212,0.006797275,-0.086930752,0.001957627,0.081603829,2.689048,1,Solve_Succeeded,0.068191643,-0.003769096,-8.673617379884e-19
5.940000,-0.102167504,0.006816416,-0.086249458,0.001920642,0.081603829,2.689048,1,Solve_Succeeded,0.068191643,-0.003769096,-8.673617379884e-19
5.950000,-0.103021980,0.006835234,-0.085567862,0.001887610,0.082045369,2.655235,1,Solve_Succeeded,0.068558958,-0.003756412,0.000000000000e+00
5.960000,-0.103869600,0.006853676,-0.084882872,0.001850726,0.082045369,2.655235,1,Solve_Succeeded,0.068558958,-0.003756412,0.000000000000e+00
5.970000,-0.104710367,0.006871794,-0.084197591,0.001817651,0.082470198,2.736071,1,Solve_Succeeded,0.068912319,-0.003743144,8.673617379884e-19
5.980000,-0.105544242,0.006889538,-0.083509045,0.001780873,0.082470198,2.736071,1,Solve_Succeeded,0.068912319,-0.003743144,8.673617379884e-19
5.990000,-0.106371229,0.006906957,-0.082820219,0.001747760,0.082878334,2.667890,1,Solve_Succeeded,0.069251740,-0.003729297,8.673617379884e-19
6.000000,-0.107191290,0.006924003,-0.082128256,0.001711094,0.082878334,2.667890,1,Solve_Succeeded,0.069251740,-0.003729297,8.673617379884e-19
6.010000,-0.108004429,0.006940724,-0.081436024,0.001677950,0.083269797,2.645681,1,Solve_Succeeded,0.069577238,-0.003714876,0.000000000000e+00
6.020000,-0.108810610,0.006957074,-0.080740783,0.001641402,0.083269797,2.645681,1,Solve_Succeeded,0.069577238,-0.003714876,0.000000000000e+00
6.030000,-0.109609835,0.006973098,-0.080045285,0.001608233,0.083644611,2.713222,1,Solve_Succeeded,0.069888834,-0.003699888,8.673617379884e-19
6.040000,-0.110402072,0.006988752,-0.079346905,0.001571808,0.083644611,2.713222,1,Solve_Succeeded,0.069888834,-0.003699888,8.673617379884e-19
6.050000,-0.111187322,0.007004079,-0.078648279,0.001538619,0.084002803,3.877276,1,Solve_Succeeded,0.070186549,-0.003684338,0.000000000000e+00
6.060000,-0.111965553,0.007019038,-0.077946900,0.001502323,0.084002803,3.877276,1,Solve_Succeeded,0.070186549,-0.003684338,0.000000000000e+00
6.070000,-0.112736768,0.007033671,-0.077245285,0.001469121,0.084344402,4.131287,1,Solve_Succeeded,0.070470409,-0.003668231,-8.673617379884e-19
6.080000,-0.113500935,0.007047937,-0.076541044,0.001432960,0.084344402,4.131287,1,Solve_Succeeded,0.070470409,-0.003668231,-8.673617379884e-19
6.090000,-0.114258058,0.007061876,-0.075836579,0.001399750,0.084669439,3.795016,1,Solve_Succeeded,0.070740441,-0.003651574,0.000000000000e+00
6.100000,-0.115008106,0.007075449,-0.075129616,0.001363729,0.084669439,3.795016,1,Solve_Succeeded,0.070740441,-0.003651574,0.000000000000e+00
6.110000,-0.115751083,0.007088696,-0.074422439,0.001330517,0.084977950,3.559107,1,Solve_Succeeded,0.070996673,-0.003634373,0.000000000000e+00
6.120000,-0.116486960,0.007101579,-0.073712891,0.001294642,0.084977950,3.559107,1,Solve_Succeeded,0.070996673,-0.003634373,0.000000000000e+00
6.130000,-0.117215739,0.007114135,-0.073003140,0.001261434,0.085269971,2.828796,1,Solve_Succeeded,0.071239137,-0.003616633,0.000000000000e+00
6.140000,-0.117937394,0.007126329,-0.072291145,0.001225710,0.085269971,2.828796,1,Solve_Succeeded,0.071239137,-0.003616633,0.000000000000e+00
6.150000,-0.118651926,0.007138195,-0.071578958,0.001192511,0.085545543,2.823191,1,Solve_Succeeded,0.071467866,-0.003598361,0.000000000000e+00
6.160000,-0.119359312,0.007149702,-0.070864653,0.001156945,0.085545543,2.823191,1,Solve_Succeeded,0.071467866,-0.003598361,0.000000000000e+00
6.170000,-0.120059553,0.007160881,-0.070150168,0.001123761,0.085804708,3.426709,1,Solve_Succeeded,0.071682897,-0.003579562,8.673617379884e-19
6.180000,-0.120752626,0.007171702,-0.069433690,0.001088357,0.085804708,3.426709,1,Solve_Succeeded,0.071682897,-0.003579562,8.673617379884e-19
6.190000,-0.121438531,0.007182196,-0.068717043,0.001055194,0.086047511,3.098979,1,Solve_Succeeded,0.071884267,-0.003560243,0.000000000000e+00
6.200000,-0.122117249,0.007192333,-0.067998529,0.001019957,0.086047511,3.098979,1,Solve_Succeeded,0.071884267,-0.003560243,0.000000000000e+00
6.210000,-0.122788779,0.007202143,-0.067279857,0.000986821,0.086274000,2.597012,1,Solve_Succeeded,0.072072017,-0.003540411,0.000000000000e+00
6.220000,-0.123453102,0.007211598,-0.066559444,0.000951756,0.086274000,2.597012,1,Solve_Succeeded,0.072072017,-0.003540411,0.000000000000e+00
6.230000,-0.124110219,0.007220727,-0.065838882,0.000918652,0.086484226,2.645558,1,Solve_Succeeded,0.072246188,-0.003520070,-8.673617379884e-19
6.240000,-0.124760112,0.007229503,-0.065116705,0.000883766,0.086484226,2.645558,1,Solve_Succeeded,0.072246188,-0.003520070,-8.673617379884e-19
6.250000,-0.125402781,0.007237951,-0.064394391,0.000850699,0.086678242,2.738051,1,Solve_Succeeded,0.072406825,-0.003499229,0.000000000000e+00
6.260000,-0.126038210,0.007246050,-0.063670585,0.000815996,0.086678242,2.738051,1,Solve_Succeeded,0.072406825,-0.003499229,0.000000000000e+00
6.270000,-0.126666399,0.007253821,-0.062946653,0.000782973,0.086856102,2.727698,1,Solve_Succeeded,0.072553976,-0.003477892,0.000000000000e+00
6.280000,-0.127287332,0.007261245,-0.062221354,0.000748457,0.086856102,2.727698,1,Solve_Succeeded,0.072553976,-0.003477892,0.000000000000e+00
6.290000,-0.127901012,0.007268342,-0.061495939,0.000715483,0.087017866,2.585687,1,Solve_Succeeded,0.072687687,-0.003456067,0.000000000000e+00
6.300000,-0.128507422,0.007275093,-0.060769281,0.000681160,0.087017866,2.585687,1,Solve_Succeeded,0.072687687,-0.003456067,0.000000000000e+00
6.310000,-0.129106565,0.007281517,-0.060042518,0.000648241,0.087163593,2.687870,1,Solve_Succeeded,0.072808011,-0.003433760,-8.673617379884e-19
6.320000,-0.129698427,0.007287598,-0.059314635,0.000614115,0.087163593,2.687870,1,Solve_Succeeded,0.072808011,-0.003433760,-8.673617379884e-19
6.330000,-0.130283009,0.007293353,-0.058586657,0.000581256,0.087293347,2.666432,1,Solve_Succeeded,0.072915000,-0.003410977,0.000000000000e+00
6.340000,-0.130860299,0.007298766,-0.057857683,0.000547333,0.087293347,2.666432,1,Solve_Succeeded,0.072915000,-0.003410977,0.000000000000e+00
6.350000,-0.131430299,0.007303854,-0.057128624,0.000514539,0.087407193,3.029047,1,Solve_Succeeded,0.073008709,-0.003387725,0.000000000000e+00
6.360000,-0.131992997,0.007308602,-0.056398691,0.000480823,0.087407193,3.029047,1,Solve_Succeeded,0.073008709,-0.003387725,0.000000000000e+00
6.370000,-0.132548396,0.007313026,-0.055668683,0.000448099,0.087505199,2.842899,1,Solve_Succeeded,0.073089195,-0.003364011,0.000000000000e+00
6.380000,-0.133096486,0.007317112,-0.054937924,0.000414596,0.087505199,2.842899,1,Solve_Succeeded,0.073089195,-0.003364011,0.000000000000e+00
6.390000,-0.133637267,0.007320874,-0.054207101,0.000381948,0.087587434,3.283801,1,Solve_Succeeded,0.073156516,-0.003339842,0.000000000000e+00
6.400000,-0.134170733,0.007324302,-0.053475647,0.000348662,0.087587434,3.283801,1,Solve_Succeeded,0.073156516,-0.003339842,0.000000000000e+00
6.410000,-0.134696883,0.007327406,-0.052744139,0.000316095,0.087653973,2.624868,1,Solve_Succeeded,0.073210734,-0.003315224,0.000000000000e+00
6.420000,-0.135215713,0.007330178,-0.052012122,0.000283030,0.087653973,2.624868,1,Solve_Succeeded,0.073210734,-0.003315224,0.000000000000e+00
6.430000,-0.135727221,0.007332626,-0.051280061,0.000250550,0.087704889,2.863863,1,Solve_Succeeded,0.073251911,-0.003290163,0.000000000000e+00
6.440000,-0.136231405,0.007334745,-0.050547611,0.000217711,0.087704889,2.863863,1,Solve_Succeeded,0.073251911,-0.003290163,0.000000000000e+00
6.450000,-0.136728264,0.007336541,-0.049815127,0.000185323,0.087740259,2.909603,1,Solve_Succeeded,0.073280112,-0.003264668,0.000000000000e+00
6.460000,-0.137217794,0.007338011,-0.049082374,0.000152714,0.087740259,2.909603,1,Solve_Succeeded,0.073280112,-0.003264668,0.000000000000e+00
6.470000,-0.137699997,0.007339158,-0.048349597,0.000120422,0.087760164,2.683887,1,Solve_Succeeded,0.073295403,-0.003238743,0.000000000000e+00
6.480000,-0.138174870,0.007339981,-0.047616670,0.000088048,0.087760164,2.683887,1,Solve_Succeeded,0.073295403,-0.003238743,0.000000000000e+00
6.490000,-0.138642414,0.007340483,-0.046883730,0.000055858,0.087764684,2.737235,1,Solve_Succeeded,0.073297853,-0.003212398,8.673617379884e-19
6.500000,-0.139102628,0.007340663,-0.046150757,0.000023724,0.087764684,2.737235,1,Solve_Succeeded,0.073297853,-0.003212398,8.673617379884e-19
6.510000,-0.139555513,0.007340523,-0.045417781,-0.000008359,0.087753905,3.193687,1,Solve_Succeeded,0.073287532,-0.003185638,0.000000000000e+00
6.520000,-0.140001068,0.007340064,-0.044684891,-0.000040251,0.087753905,3.193687,1,Solve_Succeeded,0.073287532,-0.003185638,0.000000000000e+00
6.530000,-0.140439295,0.007339286,-0.043952008,-0.000072222,0.087727912,4.123245,1,Solve_Succeeded,0.073264512,-0.003158470,0.000000000000e+00
6.540000,-0.140870195,0.007338191,-0.043219327,-0.000103865,0.087727912,4.123245,1,Solve_Succeeded,0.073264512,-0.003158470,0.000000000000e+00
6.550000,-0.141293769,0.007336778,-0.042486664,-0.000135720,0.087686793,3.180132,1,Solve_Succeeded,0.073228869,-0.003130901,0.000000000000e+00
6.560000,-0.141710020,0.007335051,-0.041754319,-0.000167111,0.087686793,3.180132,1,Solve_Succeeded,0.073228869,-0.003130901,0.000000000000e+00
6.570000,-0.142118947,0.007333007,-0.041022001,-0.000198844,0.087630640,3.446041,1,Solve_Succeeded,0.073180676,-0.003102939,0.000000000000e+00
6.580000,-0.142520557,0.007330652,-0.040290118,-0.000229980,0.087630640,3.446041,1,Solve_Succeeded,0.073180676,-0.003102939,0.000000000000e+00
6.590000,-0.142914848,0.007327981,-0.039558272,-0.000261586,0.087559544,3.641329,1,Solve_Succeeded,0.073120012,-0.003074590,8.673617379884e-19
6.600000,-0.143301828,0.007325002,-0.038826975,-0.000292461,0.087559544,3.641329,1,Solve_Succeeded,0.073120012,-0.003074590,8.673617379884e-19
6.610000,-0.143681494,0.007321707,-0.038095724,-0.000323936,0.087473601,3.107116,1,Solve_Succeeded,0.073046956,-0.003045861,8.673617379884e-19
6.620000,-0.144053856,0.007318107,-0.037365138,-0.000354548,0.087473601,3.107116,1,Solve_Succeeded,0.073046956,-0.003045861,8.673617379884e-19
6.630000,-0.144418913,0.007314193,-0.036634608,-0.000385886,0.087372907,4.513505,1,Solve_Succeeded,0.072961589,-0.003016760,0.000000000000e+00
6.640000,-0.144776674,0.007309977,-0.035904855,-0.000416230,0.087372907,4.513505,1,Solve_Succeeded,0.072961589,-0.003016760,0.000000000000e+00
6.650000,-0.145127138,0.007305448,-0.035175168,-0.000447428,0.087257561,4.134835,1,Solve_Succeeded,0.072863995,-0.002987294,8.673617379884e-19
6.660000,-0.145470316,0.007300620,-0.034446371,-0.000477500,0.087257561,4.134835,1,Solve_Succeeded,0.072863995,-0.002987294,8.673617379884e-19
6.670000,-0.145806206,0.007295479,-0.033717651,-0.000508553,0.087127664,4.612574,1,Solve_Succeeded,0.072754256,-0.002957470,-8.673617379884e-19
6.680000,-0.146134821,0.007290043,-0.032989931,-0.000538350,0.087127664,4.612574,1,Solve_Succeeded,0.072754256,-0.002957470,-8.673617379884e-19
6.690000,-0.146456160,0.007284296,-0.032262298,-0.000569252,0.086983319,4.775920,1,Solve_Succeeded,0.072632460,-0.002927295,8.673617379884e-19
6.700000,-0.146770236,0.007278256,-0.031535777,-0.000598770,0.086983319,4.775920,1,Solve_Succeeded,0.072632460,-0.002927295,8.673617379884e-19
6.710000,-0.147077047,0.007271907,-0.030809351,-0.000629517,0.086824630,4.549079,1,Solve_Succeeded,0.072498694,-0.002896776,0.000000000000e+00
6.720000,-0.147376609,0.007265268,-0.030084148,-0.000658753,0.086824630,4.549079,1,Solve_Succeeded,0.072498694,-0.002896776,0.000000000000e+00
6.730000,-0.147668920,0.007258320,-0.029359050,-0.000689341,0.086651705,4.388142,1,Solve_Succeeded,0.072353047,-0.002865920,0.000000000000e+00
6.740000,-0.147953996,0.007251087,-0.028635284,-0.000718290,0.086651705,4.388142,1,Solve_Succeeded,0.072353047,-0.002865920,0.000000000000e+00
6.750000,-0.148231835,0.007243546,-0.027911632,-0.000748715,0.086464652,4.454814,1,Solve_Succeeded,0.072195610,-0.002834735,8.673617379884e-19
6.760000,-0.148502455,0.007235721,-0.027189422,-0.000777374,0.086464652,4.454814,1,Solve_Succeeded,0.072195610,-0.002834735,8.673617379884e-19
6.770000,-0.148765854,0.007227592,-0.026467335,-0.000807631,0.086263581,3.199471,1,Solve_Succeeded,0.072026475,-0.002803229,8.673617379884e-19
6.780000,-0.149022050,0.007219182,-0.025746796,-0.000835997,0.086263581,3.199471,1,Solve_Succeeded,0.072026475,-0.002803229,8.673617379884e-19
6.790000,-0.149271043,0.007210468,-0.025026391,-0.000866081,0.086048605,2.683772,1,Solve_Succeeded,0.071845738,-0.002771407,-8.673617379884e-19
6.800000,-0.149512851,0.007201477,-0.024307641,-0.000894152,0.086048605,2.683772,1,Solve_Succeeded,0.071845738,-0.002771407,-8.673617379884e-19
6.810000,-0.149747473,0.007192183,-0.023589033,-0.000924059,0.085819838,2.985967,1,Solve_Succeeded,0.071653492,-0.002739278,0.000000000000e+00
6.820000,-0.149974930,0.007182616,-0.022872187,-0.000951830,0.085819838,2.985967,1,Solve_Succeeded,0.071653492,-0.002739278,0.000000000000e+00
6.830000,-0.150195220,0.007172748,-0.022155492,-0.000981556,0.085577395,2.783439,1,Solve_Succeeded,0.071449835,-0.002706850,0.000000000000e+00
6.840000,-0.150408365,0.007162609,-0.021440664,-0.001009024,0.085577395,2.783439,1,Solve_Succeeded,0.071449835,-0.002706850,0.000000000000e+00
6.850000,-0.150614364,0.007152171,-0.020725995,-0.001038565,0.085321395,2.797206,1,Solve_Succeeded,0.071234866,-0.002674128,0.000000000000e+00
6.860000,-0.150813239,0.007141466,-0.020013299,-0.001065728,0.085321395,2.797206,1,Solve_Succeeded,0.071234866,-0.002674128,0.000000000000e+00
6.870000,-0.151004990,0.007130464,-0.019300771,-0.001095080,0.085051956,2.749107,1,Solve_Succeeded,0.071008683,-0.002641121,0.000000000000e+00
6.880000,-0.151189639,0.007119197,-0.018590318,-0.001121933,0.085051956,2.749107,1,Solve_Succeeded,0.071008683,-0.002641121,0.000000000000e+00
6.890000,-0.151367186,0.007107635,-0.017880042,-0.001151092,0.084769200,2.790993,1,Solve_Succeeded,0.070771389,-0.002607835,8.673617379884e-19
6.900000,-0.151537656,0.007095811,-0.017171944,-0.001177633,0.084769200,2.790993,1,Solve_Succeeded,0.070771389,-0.002607835,8.673617379884e-19
6.910000,-0.151701047,0.007083694,-0.016464031,-0.001206594,0.084473250,5.082810,1,Solve_Succeeded,0.070523086,-0.002574280,-8.673617379884e-19
6.920000,-0.151857386,0.007071320,-0.015758398,-0.001232821,0.084473250,5.082810,1,Solve_Succeeded,0.070523086,-0.002574280,-8.673617379884e-19
6.930000,-0.152006670,0.007058653,-0.015052960,-0.001261581,0.084164229,2.780526,1,Solve_Succeeded,0.070263878,-0.002540460,-8.673617379884e-19
6.940000,-0.152148929,0.007045733,-0.014349901,-0.001287490,0.084164229,2.780526,1,Solve_Succeeded,0.070263878,-0.002540460,-8.673617379884e-19
6.950000,-0.152284159,0.007032522,-0.013647046,-0.001316045,0.083842263,2.586000,1,Solve_Succeeded,0.069993869,-0.002506385,0.000000000000e+00
6.960000,-0.152412390,0.007019060,-0.012946670,-0.001341633,0.083842263,2.586000,1,Solve_Succeeded,0.069993869,-0.002506385,0.000000000000e+00
6.970000,-0.152533619,0.007005311,-0.012246505,-0.001369979,0.083507481,2.768192,1,Solve_Succeeded,0.069713168,-0.002472061,0.000000000000e+00
6.980000,-0.152647877,0.006991314,-0.011548919,-0.001395244,0.083507481,2.768192,1,Solve_Succeeded,0.069713168,-0.002472061,0.000000000000e+00
6.990000,-0.152755162,0.006977030,-0.010851552,-0.001423377,0.083160011,2.716699,1,Solve_Succeeded,0.069421881,-0.002437495,8.673617379884e-19
7.000000,-0.152855505,0.006962503,-0.010156861,-0.001448317,0.083160011,2.716699,1,Solve_Succeeded,0.069421881,-0.002437495,8.673617379884e-19
7.010000,-0.152948903,0.006947691,-0.009462399,-0.001476234,0.082799983,2.791689,1,Solve_Succeeded,0.069120118,-0.002402696,8.673617379884e-19
7.020000,-0.153035390,0.006932639,-0.008770709,-0.001500845,0.082799983,2.791689,1,Solve_Succeeded,0.069120118,-0.002402696,8.673617379884e-19
7.030000,-0.153114962,0.006917305,-0.008079255,-0.001528541,0.082427529,2.968759,1,Solve_Succeeded,0.068807989,-0.002367670,0.000000000000e+00
7.040000,-0.153187654,0.006901734,-0.007390669,-0.001552822,0.082427529,2.968759,1,Solve_Succeeded,0.068807989,-0.002367670,0.000000000000e+00
7.050000,-0.153253462,0.006885883,-0.006702328,-0.001580295,0.082042783,3.104811,1,Solve_Succeeded,0.068485606,-0.002332425,0.000000000000e+00
7.060000,-0.153312422,0.006869798,-0.006016949,-0.001604242,0.082042783,3.104811,1,Solve_Succeeded,0.068485606,-0.002332425,0.000000000000e+00
7.070000,-0.153364531,0.006853435,-0.005331823,-0.001631487,0.081645880,2.653525,1,Solve_Succeeded,0.068153080,-0.002296969,-8.673617379884e-19
7.080000,-0.153409825,0.006836842,-0.004649753,-0.001655099,0.081645880,2.653525,1,Solve_Succeeded,0.068153080,-0.002296969,-8.673617379884e-19
7.090000,-0.153448301,0.006819974,-0.003967944,-0.001682114,0.081236956,2.589307,1,Solve_Succeeded,0.067810527,-0.002261308,0.000000000000e+00
7.100000,-0.153479997,0.006802879,-0.003289283,-0.001705388,0.081236956,2.589307,1,Solve_Succeeded,0.067810527,-0.002261308,0.000000000000e+00
7.110000,-0.153504908,0.006785510,-0.002610891,-0.001732168,0.080816148,2.618879,1,Solve_Succeeded,0.067458061,-0.002225449,0.000000000000e+00
7.120000,-0.153523074,0.006767918,-0.001935739,-0.001755102,0.080816148,2.618879,1,Solve_Succeeded,0.067458061,-0.002225449,0.000000000000e+00
7.130000,-0.153534492,0.006750055,-0.001260864,-0.001781645,0.080383595,3.237292,1,Solve_Succeeded,0.067095798,-0.002189401,8.673617379884e-19
7.140000,-0.153539200,0.006731973,-0.000589318,-0.001804237,0.080383595,3.237292,1,Solve_Succeeded,0.067095798,-0.002189401,8.673617379884e-19
7.150000,-0.153537196,0.006713621,0.000081943,-0.001830539,0.079939437,2.698567,1,Solve_Succeeded,0.066723855,-0.002153171,0.000000000000e+00
7.160000,-0.153528520,0.006695054,0.000749785,-0.001852787,0.079939437,2.698567,1,Solve_Succeeded,0.066723855,-0.002153171,0.000000000000e+00
7.170000,-0.153513168,0.006676219,0.001417335,-0.001878844,0.079483816,2.666526,1,Solve_Succeeded,0.066342350,-0.002116766,0.000000000000e+00
7.180000,-0.153491183,0.006657173,0.002081378,-0.001900746,0.079483816,2.666526,1,Solve_Succeeded,0.066342350,-0.002116766,0.000000000000e+00
7.190000,-0.153462560,0.006637862,0.002745121,-0.001926556,0.079016873,2.730431,1,Solve_Succeeded,0.065951403,-0.002080193,0.000000000000e+00
7.200000,-0.153427343,0.006618343,0.003405269,-0.001948110,0.079016873,2.730431,1,Solve_Succeeded,0.065951403,-0.002080193,0.000000000000e+00
7.210000,-0.153385527,0.006598561,0.004065110,-0.001973670,0.078538754,2.760254,1,Solve_Succeeded,0.065551134,-0.002043459,-4.336808689942e-19
7.220000,-0.153337156,0.006578575,0.004721271,-0.001994874,0.078538754,2.760254,1,Solve_Succeeded,0.065551134,-0.002043459,-4.336808689942e-19
7.230000,-0.153282228,0.006558328,0.005377118,-0.002020180,0.078049602,2.699536,1,Solve_Succeeded,0.065141663,-0.002006572,4.336808689942e-19
7.240000,-0.153220785,0.006537881,0.006029199,-0.002041033,0.078049602,2.699536,1,Solve_Succeeded,0.065141663,-0.002006572,4.336808689942e-19
7.250000,-0.153152825,0.006517176,0.006680958,-0.002066082,0.077549564,2.643440,1,Solve_Succeeded,0.064723113,-0.001969540,0.000000000000e+00
7.260000,-0.153078393,0.006496274,0.007328869,-0.002086582,0.077549564,2.643440,1,Solve_Succeeded,0.064723113,-0.001969540,0.000000000000e+00
7.270000,-0.152997486,0.006475117,0.007976450,-0.002111371,0.077038787,2.652072,1,Solve_Succeeded,0.064295607,-0.001932369,4.336808689942e-19
7.280000,-0.152910149,0.006453766,0.008620100,-0.002131516,0.077038787,2.652072,1,Solve_Succeeded,0.064295607,-0.001932369,4.336808689942e-19
7.290000,-0.152816380,0.006432162,0.009263414,-0.002156043,0.076517419,2.740394,1,Solve_Succeeded,0.063859269,-0.001895067,-4.336808689942e-19
7.300000,-0.152716224,0.006410369,0.009902715,-0.002175831,0.076517419,2.740394,1,Solve_Succeeded,0.063859269,-0.001895067,-4.336808689942e-19
7.310000,-0.152609680,0.006388325,0.010541673,-0.002200094,0.075985609,2.647342,1,Solve_Succeeded,0.063414222,-0.001857641,0.000000000000e+00
7.320000,-0.152496794,0.006366096,0.011176538,-0.002219524,0.075985609,2.647342,1,Solve_Succeeded,0.063414222,-0.001857641,0.000000000000e+00
7.330000,-0.152377564,0.006343618,0.011811053,-0.002243518,0.075443507,3.516543,1,Solve_Succeeded,0.062960594,-0.001820098,-4.336808689942e-19
7.340000,-0.152252038,0.006320959,0.012441395,-0.002262589,0.075443507,3.516543,1,Solve_Succeeded,0.062960594,-0.001820098,-4.336808689942e-19
7.350000,-0.152120212,0.006298054,0.013071381,-0.002286312,0.074891265,2.535763,1,Solve_Succeeded,0.062498510,-0.001782445,0.000000000000e+00
7.360000,-0.151982137,0.006274971,0.013697116,-0.002305022,0.074891265,2.535763,1,Solve_Succeeded,0.062498510,-0.001782445,0.000000000000e+00
7.370000,-0.151837808,0.006251645,0.014322489,-0.002328473,0.074329035,3.012265,1,Solve_Succeeded,0.062028097,-0.001744690,0.000000000000e+00
7.380000,-0.151687277,0.006228144,0.014943533,-0.002346821,0.074329035,3.012265,1,Solve_Succeeded,0.062028097,-0.001744690,0.000000000000e+00
7.390000,-0.151530540,0.006204403,0.015564208,-0.002369995,0.073756969,2.765789,1,Solve_Succeeded,0.061549483,-0.001706839,0.000000000000e+00
7.400000,-0.151367647,0.006180492,0.016180480,-0.002387980,0.073756969,2.765789,1,Solve_Succeeded,0.061549483,-0.001706839,0.000000000000e+00
7.410000,-0.151198597,0.006156342,0.016796376,-0.002410876,0.073175222,2.677525,1,Solve_Succeeded,0.061062797,-0.001668900,0.000000000000e+00
7.420000,-0.151023440,0.006132026,0.017407794,-0.002428497,0.073175222,2.677525,1,Solve_Succeeded,0.061062797,-0.001668900,0.000000000000e+00
7.430000,-0.150842173,0.006107475,0.018018830,-0.002451112,0.072583947,2.685852,1,Solve_Succeeded,0.060568167,-0.001630881,0.000000000000e+00
7.440000,-0.150654850,0.006082761,0.018625315,-0.002468368,0.072583947,2.685852,1,Solve_Succeeded,0.060568167,-0.001630881,0.000000000000e+00
7.450000,-0.150461466,0.006057815,0.019231411,-0.002490699,0.071983302,2.630679,1,Solve_Succeeded,0.060065724,-0.001592787,4.336808689942e-19
7.460000,-0.150262076,0.006032709,0.019832884,-0.002507589,0.071983302,2.630679,1,Solve_Succeeded,0.060065724,-0.001592787,4.336808689942e-19
7.470000,-0.150056675,0.006007374,0.020433962,-0.002529635,0.071373441,2.732533,1,Solve_Succeeded,0.059555599,-0.001554626,0.000000000000e+00
7.480000,-0.149845320,0.005981883,0.021030347,-0.002546157,0.071373441,2.732533,1,Solve_Succeeded,0.059555599,-0.001554626,0.000000000000e+00
7.490000,-0.149628005,0.005956166,0.021626330,-0.002567915,0.070754522,2.840397,1,Solve_Succeeded,0.059037922,-0.001516406,0.000000000000e+00
7.500000,-0.149404786,0.005930296,0.022217550,-0.002584069,0.070754522,2.840397,1,Solve_Succeeded,0.059037922,-0.001516406,0.000000000000e+00
7.510000,-0.149175659,0.005904203,0.022808363,-0.002605537,0.070126702,2.703309,1,Solve_Succeeded,0.058512826,-0.001478133,0.000000000000e+00
7.520000,-0.148940682,0.005877962,0.023394344,-0.002621323,0.070126702,2.703309,1,Solve_Succeeded,0.058512826,-0.001478133,0.000000000000e+00
7.530000,-0.148699849,0.005851500,0.023979912,-0.002642499,0.069490141,2.804912,1,Solve_Succeeded,0.057980442,-0.001439813,0.000000000000e+00
7.540000,-0.148453219,0.005824893,0.024560581,-0.002657915,0.069490141,2.804912,1,Solve_Succeeded,0.057980442,-0.001439813,0.000000000000e+00
7.550000,-0.148200787,0.005798069,0.025140832,-0.002678796,0.068844996,2.851538,1,Solve_Succeeded,0.057440904,-0.001401455,4.336808689942e-19
7.560000,-0.147942610,0.005771104,0.025716117,-0.002693842,0.068844996,2.851538,1,Solve_Succeeded,0.057440904,-0.001401455,4.336808689942e-19
7.570000,-0.147678686,0.005743923,0.026290978,-0.002714428,0.068191428,2.713282,1,Solve_Succeeded,0.056894344,-0.001363065,0.000000000000e+00
7.580000,-0.147409072,0.005716606,0.026860810,-0.002729102,0.068191428,2.713282,1,Solve_Succeeded,0.056894344,-0.001363065,0.000000000000e+00
7.590000,-0.147133765,0.005689076,0.027430211,-0.002749390,0.067529597,2.765584,1,Solve_Succeeded,0.056340898,-0.001324649,0.000000000000e+00
7.600000,-0.146852824,0.005661414,0.027994519,-0.002763693,0.067529597,2.765584,1,Solve_Succeeded,0.056340898,-0.001324649,0.000000000000e+00
7.610000,-0.146566245,0.005633542,0.028558392,-0.002783681,0.066859663,2.744596,1,Solve_Succeeded,0.055780698,-0.001286215,4.336808689942e-19
7.620000,-0.146274088,0.005605541,0.029117109,-0.002797613,0.066859663,2.744596,1,Solve_Succeeded,0.055780698,-0.001286215,4.336808689942e-19
7.630000,-0.145976349,0.005577334,0.029675385,-0.002817298,0.066181789,2.766363,1,Solve_Succeeded,0.055213880,-0.001247769,0.000000000000e+00
7.640000,-0.145673089,0.005549001,0.030228445,-0.002830858,0.066181789,2.766363,1,Solve_Succeeded,0.055213880,-0.001247769,0.000000000000e+00
7.650000,-0.145364303,0.005520465,0.030781059,-0.002850240,0.065496135,2.819953,1,Solve_Succeeded,0.054640579,-0.001209319,-4.336808689942e-19
7.660000,-0.145050053,0.005491807,0.031328396,-0.002863427,0.065496135,2.819953,1,Solve_Succeeded,0.054640579,-0.001209319,-4.336808689942e-19
7.670000,-0.144730335,0.005462948,0.031875282,-0.002882503,0.064802864,3.264277,1,Solve_Succeeded,0.054060931,-0.001170870,0.000000000000e+00
7.680000,-0.144405211,0.005433972,0.032416833,-0.002895318,0.064802864,3.264277,1,Solve_Succeeded,0.054060931,-0.001170870,0.000000000000e+00
7.690000,-0.144074677,0.005404798,0.032957928,-0.002914088,0.064102138,2.651333,1,Solve_Succeeded,0.053475071,-0.001132431,0.000000000000e+00
7.700000,-0.143738795,0.005375511,0.033493631,-0.002926530,0.064102138,2.651333,1,Solve_Succeeded,0.053475071,-0.001132431,0.000000000000e+00
7.710000,-0.143397562,0.005346029,0.034028873,-0.002944991,0.063394121,2.623170,1,Solve_Succeeded,0.052883136,-0.001094006,0.000000000000e+00
7.720000,-0.143051041,0.005316437,0.034558665,-0.002957060,0.063394121,2.623170,1,Solve_Succeeded,0.052883136,-0.001094006,0.000000000000e+00
7.730000,-0.142699227,0.005286653,0.035087993,-0.002975211,0.062678977,2.924686,1,Solve_Succeeded,0.052285262,-0.001055603,4.336808689942e-19
7.740000,-0.142342184,0.005256763,0.035611817,-0.002986907,0.062678977,2.924686,1,Solve_Succeeded,0.052285262,-0.001055603,4.336808689942e-19
7.750000,-0.141979909,0.005226684,0.036135171,-0.003004746,0.061956868,3.352629,1,Solve_Succeeded,0.051681587,-0.001017229,-4.336808689942e-19
7.760000,-0.141612465,0.005196503,0.036652967,-0.003016069,0.061956868,3.352629,1,Solve_Succeeded,0.051681587,-0.001017229,-4.336808689942e-19
7.770000,-0.141239849,0.005166136,0.037170289,-0.003033596,0.061227960,3.209426,1,Solve_Succeeded,0.051072246,-0.000978889,-4.336808689942e-19
7.780000,-0.140862126,0.005135672,0.037682002,-0.003044546,0.061227960,3.209426,1,Solve_Succeeded,0.051072246,-0.000978889,-4.336808689942e-19
7.790000,-0.140479292,0.005105024,0.038193235,-0.003061759,0.060492415,3.698915,1,Solve_Succeeded,0.050457377,-0.000940591,0.000000000000e+00
7.800000,-0.140091412,0.005074282,0.038698808,-0.003072336,0.060492415,3.698915,1,Solve_Succeeded,0.050457377,-0.000940591,0.000000000000e+00
7.810000,-0.139698481,0.005043360,0.039203897,-0.003089233,0.059750400,3.424041,1,Solve_Succeeded,0.049837119,-0.000902341,0.000000000000e+00
7.820000,-0.139300567,0.005012347,0.039703276,-0.003099439,0.059750400,3.424041,1,Solve_Succeeded,0.049837119,-0.000902341,0.000000000000e+00
7.830000,-0.138897665,0.004981158,0.040202167,-0.003116019,0.059002078,3.271957,1,Solve_Succeeded,0.049211608,-0.000864145,0.000000000000e+00
7.840000,-0.138489842,0.004949882,0.040695300,-0.003125852,0.059002078,3.271957,1,Solve_Succeeded,0.049211608,-0.000864145,0.000000000000e+00
7.850000,-0.138077093,0.004918432,0.041187940,-0.003142114,0.058247616,3.045281,1,Solve_Succeeded,0.048580982,-0.000826010,0.000000000000e+00
7.860000,-0.137659486,0.004886900,0.041674775,-0.003151576,0.058247616,3.045281,1,Solve_Succeeded,0.048580982,-0.000826010,0.000000000000e+00
7.870000,-0.137237017,0.004855196,0.042161114,-0.003167519,0.057487177,2.727711,1,Solve_Succeeded,0.047945380,-0.000787942,-4.336808689942e-19
7.880000,-0.136809753,0.004823414,0.042641600,-0.003176609,0.057487177,2.727711,1,Solve_Succeeded,0.047945380,-0.000787942,-4.336808689942e-19
7.890000,-0.136377690,0.004791464,0.043121587,-0.003192232,0.056720928,3.024424,1,Solve_Succeeded,0.047304939,-0.000749947,0.000000000000e+00
7.900000,-0.135940897,0.004759439,0.043595677,-0.003200952,0.056720928,3.024424,1,Solve_Succeeded,0.047304939,-0.000749947,0.000000000000e+00
7.910000,-0.135499368,0.004727250,0.044069263,-0.003216254,0.055949033,3.442362,1,Solve_Succeeded,0.046659798,-0.000712031,0.000000000000e+00
7.920000,-0.135053174,0.004694989,0.044536910,-0.003224603,0.055949033,3.442362,1,Solve_Succeeded,0.046659798,-0.000712031,0.000000000000e+00
7.930000,-0.134602309,0.004662567,0.045004049,-0.003239584,0.055171658,3.085152,1,Solve_Succeeded,0.046010094,-0.000674201,-4.336808689942e-19
7.940000,-0.134146843,0.004630077,0.045465205,-0.003247563,0.055171658,3.085152,1,Solve_Succeeded,0.046010094,-0.000674201,-4.336808689942e-19
7.950000,-0.133686772,0.004597429,0.045925851,-0.003262221,0.054388969,3.069917,1,Solve_Succeeded,0.045355966,-0.000636463,0.000000000000e+00
7.960000,-0.133222165,0.004564717,0.046380474,-0.003269831,0.054388969,3.069917,1,Solve_Succeeded,0.045355966,-0.000636463,0.000000000000e+00
7.970000,-0.132753018,0.004531850,0.046834582,-0.003284166,0.053601131,2.804145,1,Solve_Succeeded,0.044697553,-0.000598822,0.000000000000e+00
7.980000,-0.132279401,0.004498923,0.047282627,-0.003291407,0.053601131,2.804145,1,Solve_Succeeded,0.044697553,-0.000598822,0.000000000000e+00
7.990000,-0.131801309,0.004465844,0.047730155,-0.003305418,0.052808310,2.709233,1,Solve_Succeeded,0.044034991,-0.000561285,4.336808689942e-19
8.000000,-0.131318815,0.004432709,0.048171582,-0.003312292,0.052808310,2.709233,1,Solve_Succeeded,0.044034991,-0.000561285,4.336808689942e-19
8.010000,-0.130831912,0.004399426,0.048612487,-0.003325978,0.052010671,3.155997,1,Solve_Succeeded,0.043368421,-0.000523857,4.336808689942e-19
8.020000,-0.130340672,0.004366089,0.049047255,-0.003332485,0.052010671,3.155997,1,Solve_Succeeded,0.043368421,-0.000523857,4.336808689942e-19
8.030000,-0.129845091,0.004332607,0.049481498,-0.003345846,0.051208379,2.697673,1,Solve_Succeeded,0.042697978,-0.000486546,-4.336808689942e-19
8.040000,-0.129345240,0.004299076,0.049909567,-0.003351987,0.051208379,2.697673,1,Solve_Succeeded,0.042697978,-0.000486546,-4.336808689942e-19
8.050000,-0.128841114,0.004265403,0.050337109,-0.003365022,0.050401600,3.600973,1,Solve_Succeeded,0.042023803,-0.000449355,0.000000000000e+00
8.060000,-0.128332786,0.004231685,0.050758443,-0.003370798,0.050401600,3.600973,1,Solve_Succeeded,0.042023803,-0.000449355,0.000000000000e+00
8.070000,-0.127820251,0.004197828,0.051179247,-0.003383507,0.049590498,2.966095,1,Solve_Succeeded,0.041346032,-0.000412292,0.000000000000e+00
8.080000,-0.127303581,0.004163929,0.051593808,-0.003388918,0.049590498,2.966095,1,Solve_Succeeded,0.041346032,-0.000412292,0.000000000000e+00
8.090000,-0.126782772,0.004129894,0.052007837,-0.003401301,0.048775239,3.051676,1,Solve_Succeeded,0.040664803,-0.000375362,4.336808689942e-19
8.100000,-0.126257897,0.004095822,0.052415592,-0.003406350,0.048775239,3.051676,1,Solve_Succeeded,0.040664803,-0.000375362,4.336808689942e-19
8.110000,-0.125728950,0.004061616,0.052822812,-0.003418405,0.047955988,2.762976,1,Solve_Succeeded,0.039980254,-0.000338571,0.000000000000e+00
8.120000,-0.125196005,0.004027377,0.053223727,-0.003423092,0.047955988,2.762976,1,Solve_Succeeded,0.039980254,-0.000338571,0.000000000000e+00
8.130000,-0.124659058,0.003993008,0.053624104,-0.003434820,0.047132909,2.702181,1,Solve_Succeeded,0.039292523,-0.000301923,0.000000000000e+00
8.140000,-0.124118181,0.003958609,0.054018147,-0.003439147,0.047132909,2.702181,1,Solve_Succeeded,0.039292523,-0.000301923,0.000000000000e+00
8.150000,-0.123573370,0.003924083,0.054411649,-0.003450547,0.046306166,2.758647,1,Solve_Succeeded,0.038601746,-0.000265426,4.336808689942e-19
8.160000,-0.123024699,0.003889531,0.054798789,-0.003454514,0.046306166,2.758647,1,Solve_Succeeded,0.038601746,-0.000265426,4.336808689942e-19
8.170000,-0.122472163,0.003854856,0.055185386,-0.003465587,0.045475924,2.654892,1,Solve_Succeeded,0.037908060,-0.000229084,0.000000000000e+00
8.180000,-0.121915836,0.003820158,0.055565594,-0.003469196,0.045475924,2.654892,1,Solve_Succeeded,0.037908060,-0.000229084,0.000000000000e+00
8.190000,-0.121355713,0.003785339,0.055945256,-0.003479941,0.044642346,2.644950,1,Solve_Succeeded,0.037211602,-0.000192903,0.000000000000e+00
8.200000,-0.120791870,0.003750502,0.056318504,-0.003483194,0.044642346,2.644950,1,Solve_Succeeded,0.037211602,-0.000192903,0.000000000000e+00
8.210000,-0.120224300,0.003715547,0.056691205,-0.003493611,0.043805596,3.561871,1,Solve_Succeeded,0.036512510,-0.000156888,0.000000000000e+00
8.220000,-0.119653079,0.003680577,0.057057466,-0.003496508,0.043805596,3.561871,1,Solve_Succeeded,0.036512510,-0.000156888,0.000000000000e+00
8.230000,-0.119078202,0.003645493,0.057423178,-0.003506597,0.042965836,2.605494,1,Solve_Succeeded,0.035810918,-0.000121045,0.000000000000e+00
8.240000,-0.118499743,0.003610397,0.057782427,-0.003509140,0.042965836,2.605494,1,Solve_Succeeded,0.035810918,-0.000121045,0.000000000000e+00
8.250000,-0.117917699,0.003575191,0.058141125,-0.003518901,0.042123229,2.875499,1,Solve_Succeeded,0.035106962,-0.000085379,-4.336808689942e-19
8.260000,-0.117332144,0.003539976,0.058493339,-0.003521092,0.042123229,2.875499,1,Solve_Succeeded,0.035106962,-0.000085379,-4.336808689942e-19
8.270000,-0.116743074,0.003504654,0.058844999,-0.003530526,0.041277938,2.676896,1,Solve_Succeeded,0.034400779,-0.000049895,0.000000000000e+00
8.280000,-0.116150563,0.003469327,0.059190155,-0.003532366,0.041277938,2.676896,1,Solve_Succeeded,0.034400779,-0.000049895,0.000000000000e+00
8.290000,-0.115554607,0.003433897,0.059534755,-0.003541472,0.040430125,2.668690,1,Solve_Succeeded,0.033692503,-0.000014598,0.000000000000e+00
8.300000,-0.114955283,0.003398464,0.059872831,-0.003542963,0.040430125,2.668690,1,Solve_Succeeded,0.033692503,-0.000014598,0.000000000000e+00
8.310000,-0.114352583,0.003362931,0.060210351,-0.003551742,0.039579951,2.713681,1,Solve_Succeeded,0.032982269,0.000020507,4.336808689942e-19
8.320000,-0.113746586,0.003327400,0.060541328,-0.003552885,0.039579951,2.713681,1,Solve_Succeeded,0.032982269,0.000020507,4.336808689942e-19
8.330000,-0.113137285,0.003291772,0.060871746,-0.003561337,0.038727576,2.878154,1,Solve_Succeeded,0.032270212,0.000055414,-2.168404344971e-19
8.340000,-0.112524758,0.003256149,0.061195606,-0.003562135,0.038727576,2.878154,1,Solve_Succeeded,0.032270212,0.000055414,-2.168404344971e-19
8.350000,-0.111908998,0.003220433,0.061518905,-0.003570259,0.037873162,2.737403,1,Solve_Succeeded,0.031556464,0.000090119,0.000000000000e+00
8.360000,-0.111290083,0.003184725,0.061835630,-0.003570713,0.037873162,2.737403,1,Solve_Succeeded,0.031556464,0.000090119,0.000000000000e+00
8.370000,-0.110668007,0.003148926,0.062151794,-0.003578512,0.037016868,2.810149,1,Solve_Succeeded,0.030841161,0.000124617,0.000000000000e+00
8.380000,-0.110042847,0.003113139,0.062461368,-0.003578623,0.037016868,2.810149,1,Solve_Succeeded,0.030841161,0.000124617,0.000000000000e+00
8.390000,-0.109414598,0.003077265,0.062770380,-0.003586096,0.036158853,2.727800,1,Solve_Succeeded,0.030124434,0.000158903,0.000000000000e+00
8.400000,-0.108783337,0.003041407,0.063072789,-0.003585867,0.036158853,2.727800,1,Solve_Succeeded,0.030124434,0.000158903,0.000000000000e+00
8.410000,-0.108149058,0.003005464,0.063374635,-0.003593014,0.035299276,2.585740,1,Solve_Succeeded,0.029406417,0.000192971,-2.168404344971e-19
8.420000,-0.107511838,0.002969541,0.063669867,-0.003592447,0.035299276,2.585740,1,Solve_Succeeded,0.029406417,0.000192971,-2.168404344971e-19
8.430000,-0.106871673,0.002933536,0.063964533,-0.003599270,0.034438296,2.998378,1,Solve_Succeeded,0.028687241,0.000226818,-2.168404344971e-19
8.440000,-0.106228638,0.002897554,0.064252575,-0.003598366,0.034438296,2.998378,1,Solve_Succeeded,0.028687241,0.000226818,-2.168404344971e-19
8.450000,-0.105582731,0.002861494,0.064540051,-0.003604864,0.033576070,2.679281,1,Solve_Succeeded,0.027967038,0.000260439,0.000000000000e+00
8.460000,-0.104934026,0.002825460,0.064820892,-0.003603626,0.033576070,2.679281,1,Solve_Succeeded,0.027967038,0.000260439,0.000000000000e+00
8.470000,-0.104282520,0.002789351,0.065101167,-0.003609801,0.032712754,2.685552,1,Solve_Succeeded,0.027245939,0.000293829,0.000000000000e+00
8.480000,-0.103628289,0.002753271,0.065374798,-0.003608231,0.032712754,2.685552,1,Solve_Succeeded,0.027245939,0.000293829,0.000000000000e+00
8.490000,-0.102971328,0.002717120,0.065647863,-0.003614083,0.031848506,2.640356,1,Solve_Succeeded,0.026524074,0.000326984,-2.168404344971e-19
8.500000,-0.102311716,0.002681002,0.065914277,-0.003612182,0.031848506,2.640356,1,Solve_Succeeded,0.026524074,0.000326984,-2.168404344971e-19
8.510000,-0.101649445,0.002644815,0.066180124,-0.003617712,0.030983479,2.664580,1,Solve_Succeeded,0.025801573,0.000359899,-2.168404344971e-19
8.520000,-0.100984595,0.002608664,0.066439314,-0.003615483,0.030983479,2.664580,1,Solve_Succeeded,0.025801573,0.000359899,-2.168404344971e-19
8.530000,-0.100317159,0.002572448,0.066697936,-0.003620692,0.030117830,2.663911,1,Solve_Succeeded,0.025078565,0.000392569,0.000000000000e+00
8.540000,-0.099647215,0.002536271,0.066949897,-0.003618137,0.030117830,2.663911,1,Solve_Succeeded,0.025078565,0.000392569,0.000000000000e+00
8.550000,-0.098974759,0.002500032,0.067201289,-0.003623025,0.029251712,3.185142,1,Solve_Succeeded,0.024355179,0.000424991,0.000000000000e+00
8.560000,-0.098299867,0.002463836,0.067446017,-0.003620147,0.029251712,3.185142,1,Solve_Succeeded,0.024355179,0.000424991,0.000000000000e+00
8.570000,-0.097622534,0.002427580,0.067690176,-0.003624715,0.028385278,3.230934,1,Solve_Succeeded,0.023631542,0.000457160,4.336808689942e-19
8.580000,-0.096942838,0.002391371,0.067927668,-0.003621516,0.028385278,3.230934,1,Solve_Succeeded,0.023631542,0.000457160,4.336808689942e-19
8.590000,-0.096260774,0.002355106,0.068164591,-0.003625766,0.027518682,2.759978,1,Solve_Succeeded,0.022907783,0.000489072,0.000000000000e+00
8.600000,-0.095576420,0.002318889,0.068394845,-0.003622247,0.027518682,2.759978,1,Solve_Succeeded,0.022907783,0.000489072,0.000000000000e+00
8.610000,-0.094889769,0.002282621,0.068624531,-0.003626180,0.026652073,2.653284,1,Solve_Succeeded,0.022184027,0.000520723,0.000000000000e+00
8.620000,-0.094200900,0.002246404,0.068847548,-0.003622345,0.026652073,2.653284,1,Solve_Succeeded,0.022184027,0.000520723,0.000000000000e+00
8.630000,-0.093509807,0.002210138,0.069069995,-0.003625961,0.025785604,2.753630,1,Solve_Succeeded,0.021460400,0.000552109,2.168404344971e-19
8.640000,-0.092816569,0.002173927,0.069285776,-0.003621811,0.025785604,2.753630,1,Solve_Succeeded,0.021460400,0.000552109,2.168404344971e-19
8.650000,-0.092121179,0.002137670,0.069500987,-0.003625112,0.024919425,4.197359,1,Solve_Succeeded,0.020737027,0.000583226,0.000000000000e+00
8.660000,-0.091423716,0.002101472,0.069709534,-0.003620651,0.024919425,4.197359,1,Solve_Succeeded,0.020737027,0.000583226,0.000000000000e+00
8.670000,-0.090724174,0.002065230,0.069917511,-0.003623637,0.024053683,4.031468,1,Solve_Succeeded,0.020014034,0.000614069,2.168404344971e-19
8.680000,-0.090022630,0.002029050,0.070118827,-0.003618867,0.024053683,4.031468,1,Solve_Succeeded,0.020014034,0.000614069,2.168404344971e-19
8.690000,-0.089319080,0.001992830,0.070319574,-0.003621540,0.023188528,4.169379,1,Solve_Succeeded,0.019291543,0.000644636,0.000000000000e+00
8.700000,-0.088613601,0.001956674,0.070513664,-0.003616463,0.023188528,4.169379,1,Solve_Succeeded,0.019291543,0.000644636,0.000000000000e+00
8.710000,-0.087906188,0.001920482,0.070707186,-0.003618825,0.022324107,4.721919,1,Solve_Succeeded,0.018569678,0.000674922,0.000000000000e+00
8.720000,-0.087196917,0.001884357,0.070894057,-0.003613444,0.022324107,4.721919,1,Solve_Succeeded,0.018569678,0.000674922,0.000000000000e+00
8.730000,-0.086485785,0.001848198,0.071080359,-0.003615495,0.021460566,4.055194,1,Solve_Succeeded,0.017848560,0.000704924,0.000000000000e+00
8.740000,-0.085772868,0.001812110,0.071260017,-0.003609812,0.021460566,4.055194,1,Solve_Succeeded,0.017848560,0.000704924,0.000000000000e+00
8.750000,-0.085058161,0.001775991,0.071439108,-0.003611555,0.020598050,4.078956,1,Solve_Succeeded,0.017128311,0.000734637,-2.168404344971e-19
8.760000,-0.084341741,0.001739946,0.071611562,-0.003605573,0.020598050,4.078956,1,Solve_Succeeded,0.017128311,0.000734637,-2.168404344971e-19
8.770000,-0.083623603,0.001703874,0.071783450,-0.003607008,0.019736705,4.872597,1,Solve_Succeeded,0.016409052,0.000764059,-2.168404344971e-19
8.780000,-0.082903824,0.001667877,0.071948710,-0.003600729,0.019736705,4.872597,1,Solve_Succeeded,0.016409052,0.000764059,-2.168404344971e-19
8.790000,-0.082182399,0.001631857,0.072113404,-0.003601858,0.018876672,4.476410,1,Solve_Succeeded,0.015690902,0.000793186,0.000000000000e+00
8.800000,-0.081459406,0.001595915,0.072271481,-0.003595286,0.018876672,4.476410,1,Solve_Succeeded,0.015690902,0.000793186,0.000000000000e+00
8.810000,-0.080734838,0.001559953,0.072428993,-0.003596111,0.018018095,4.732069,1,Solve_Succeeded,0.014973979,0.000822014,1.084202172486e-19
8.820000,-0.080008772,0.001524073,0.072579899,-0.003589248,0.018018095,4.732069,1,Solve_Succeeded,0.014973979,0.000822014,1.084202172486e-19
8.830000,-0.079281205,0.001488174,0.072730240,-0.003589769,0.017161114,4.945660,1,Solve_Succeeded,0.014258403,0.000850541,0.000000000000e+00
8.840000,-0.078552211,0.001452360,0.072873988,-0.003582619,0.017161114,4.945660,1,Solve_Succeeded,0.014258403,0.000850541,0.000000000000e+00
8.850000,-0.077821787,0.001416532,0.073017173,-0.003582838,0.016305871,4.113356,1,Solve_Succeeded,0.013544289,0.000878762,1.084202172486e-19
8.860000,-0.077090008,0.001380791,0.073153777,-0.003575403,0.016305871,4.113356,1,Solve_Succeeded,0.013544289,0.000878762,1.084202172486e-19
8.870000,-0.076356870,0.001345038,0.073289819,-0.003575322,0.015452504,4.077210,1,Solve_Succeeded,0.012831754,0.000906675,-1.084202172486e-19
8.880000,-0.075622448,0.001309375,0.073419295,-0.003567604,0.015452504,4.077210,1,Solve_Succeeded,0.012831754,0.000906675,-1.084202172486e-19
8.890000,-0.074886739,0.001273704,0.073548211,-0.003567225,0.014601152,4.723759,1,Solve_Succeeded,0.012120913,0.000934276,0.000000000000e+00
8.900000,-0.074149817,0.001238125,0.073670576,-0.003559228,0.014601152,4.723759,1,Solve_Succeeded,0.012120913,0.000934276,0.000000000000e+00
8.910000,-0.073411678,0.001202541,0.073792382,-0.003558553,0.013751951,4.090803,1,Solve_Succeeded,0.011411881,0.000961563,0.000000000000e+00
8.920000,-0.072672398,0.001167053,0.073907654,-0.003550279,0.013751951,4.090803,1,Solve_Succeeded,0.011411881,0.000961563,0.000000000000e+00
8.930000,-0.071931972,0.001131562,0.074022368,-0.003549309,0.012905037,4.253713,1,Solve_Succeeded,0.010704771,0.000988532,0.000000000000e+00
8.940000,-0.071190475,0.001096169,0.074130565,-0.003540762,0.012905037,4.253713,1,Solve_Succeeded,0.010704771,0.000988532,0.000000000000e+00
8.950000,-0.070447903,0.001060776,0.074238207,-0.003539499,0.012060545,4.669624,1,Solve_Succeeded,0.009999695,0.001015180,0.000000000000e+00
8.960000,-0.069704331,0.001025485,0.074339350,-0.003530682,0.012060545,4.669624,1,Solve_Succeeded,0.009999695,0.001015180,0.000000000000e+00
8.970000,-0.068959755,0.000990196,0.074439939,-0.003529127,0.011218608,4.142605,1,Solve_Succeeded,0.009296765,0.001041505,0.000000000000e+00
8.980000,-0.068214248,0.000955012,0.074534050,-0.003520042,0.011218608,4.142605,1,Solve_Succeeded,0.009296765,0.001041505,0.000000000000e+00
8.990000,-0.067467807,0.000919833,0.074627608,-0.003518199,0.010379359,4.283675,1,Solve_Succeeded,0.008596091,0.001067504,0.000000000000e+00
9.000000,-0.066720506,0.000884761,0.074714708,-0.003508849,0.010379359,4.283675,1,Solve_Succeeded,0.008596091,0.001067504,0.000000000000e+00
9.010000,-0.065972341,0.000849698,0.074801257,-0.003506718,0.009542929,4.264613,1,Solve_Succeeded,0.007897783,0.001093174,0.000000000000e+00
9.020000,-0.065223386,0.000814744,0.074881371,-0.003497108,0.009542929,4.264613,1,Solve_Succeeded,0.007897783,0.001093174,0.000000000000e+00
9.030000,-0.064473636,0.000779801,0.074960935,-0.003494691,0.008709449,4.086942,1,Solve_Succeeded,0.007201949,0.001118512,0.000000000000e+00
9.040000,-0.063723166,0.000744970,0.075034086,-0.003484822,0.008709449,4.086942,1,Solve_Succeeded,0.007201949,0.001118512,0.000000000000e+00
9.050000,-0.062971971,0.000710154,0.075106690,-0.003482122,0.007879046,4.268668,1,Solve_Succeeded,0.006508696,0.001143517,0.000000000000e+00
9.060000,-0.062220125,0.000675452,0.075172904,-0.003471998,0.007879046,4.268668,1,Solve_Succeeded,0.006508696,0.001143517,0.000000000000e+00
9.070000,-0.061467623,0.000640767,0.075238573,-0.003469017,0.007051848,5.496692,1,Solve_Succeeded,0.005818131,0.001168184,0.000000000000e+00
9.080000,-0.060714540,0.000606199,0.075297878,-0.003458641,0.007051848,5.496692,1,Solve_Succeeded,0.005818131,0.001168184,0.000000000000e+00
9.090000,-0.059960870,0.000571651,0.075356639,-0.003455381,0.006227981,4.239691,1,Solve_Succeeded,0.005130359,0.001192513,-5.421010862428e-20
9.100000,-0.059206687,0.000537222,0.075409061,-0.003444756,0.006227981,4.239691,1,Solve_Succeeded,0.005130359,0.001192513,-5.421010862428e-20
9.110000,-0.058451986,0.000502816,0.075460942,-0.003441218,0.005407571,4.215568,1,Solve_Succeeded,0.004445484,0.001216500,-5.421010862428e-20
9.120000,-0.057696840,0.000468532,0.075506511,-0.003430348,0.005407571,4.215568,1,Solve_Succeeded,0.004445484,0.001216500,-5.421010862428e-20
9.130000,-0.056941245,0.000434273,0.075551541,-0.003426535,0.004590740,4.221455,1,Solve_Succeeded,0.003763610,0.001240144,-5.421010862428e-20
9.140000,-0.056185274,0.000400138,0.075590286,-0.003415423,0.004590740,4.221455,1,Solve_Succeeded,0.003763610,0.001240144,-5.421010862428e-20
9.150000,-0.055428922,0.000366032,0.075628494,-0.003411337,0.003777612,4.556345,1,Solve_Succeeded,0.003084839,0.001263441,0.000000000000e+00
9.160000,-0.054672261,0.000332052,0.075660447,-0.003399986,0.003777612,4.556345,1,Solve_Succeeded,0.003084839,0.001263441,0.000000000000e+00
9.170000,-0.053915287,0.000298104,0.075691865,-0.003395629,0.002968308,4.467284,1,Solve_Succeeded,0.002409270,0.001286391,0.000000000000e+00
9.180000,-0.053158072,0.000264284,0.075717057,-0.003384042,0.002968308,4.467284,1,Solve_Succeeded,0.002409270,0.001286391,0.000000000000e+00
9.190000,-0.052400611,0.000230498,0.075741717,-0.003379417,0.002162946,4.284915,1,Solve_Succeeded,0.001737006,0.001308990,2.710505431214e-20
9.200000,-0.051642977,0.000196843,0.075760180,-0.003367598,0.002162946,4.284915,1,Solve_Succeeded,0.001737006,0.001308990,2.710505431214e-20
9.210000,-0.050885164,0.000163224,0.075778115,-0.003362707,0.001361646,4.187816,1,Solve_Succeeded,0.001068143,0.001331238,0.000000000000e+00
9.220000,-0.050127244,0.000129739,0.075789884,-0.003350659,0.001361646,4.187816,1,Solve_Succeeded,0.001068143,0.001331238,0.000000000000e+00
9.230000,-0.049369213,0.000096293,0.075801127,-0.003345504,0.000564524,3.810117,1,Solve_Succeeded,0.000402781,0.001353131,-6.776263578034e-21
9.240000,-0.048611142,0.000062982,0.075806237,-0.003333230,0.000564524,3.810117,1,Solve_Succeeded,0.000402781,0.001353131,-6.776263578034e-21
9.250000,-0.047853025,0.000029714,0.075810824,-0.003327813,-0.000228303,2.669309,1,Solve_Succeeded,-0.000258986,0.001374669,3.388131789017e-21
9.260000,-0.047094935,-0.000003417,0.075809310,-0.003315317,-0.000228303,2.669309,1,Solve_Succeeded,-0.000258986,0.001374669,3.388131789017e-21
9.270000,-0.046336866,-0.000036504,0.075807276,-0.003309641,-0.001016722,2.845927,1,Solve_Succeeded,-0.000917061,0.001395848,6.776263578034e-21
9.280000,-0.045578888,-0.000069451,0.075799176,-0.003296926,-0.001016722,2.845927,1,Solve_Succeeded,-0.000917061,0.001395848,6.776263578034e-21
9.290000,-0.044820998,-0.000102350,0.075790558,-0.003290993,-0.001800621,2.766147,1,Solve_Succeeded,-0.001571351,0.001416669,1.355252715607e-20
9.300000,-0.044063265,-0.000135108,0.075775909,-0.003278063,-0.001800621,2.766147,1,Solve_Succeeded,-0.001571351,0.001416669,1.355252715607e-20
9.310000,-0.043305684,-0.000167816,0.075760745,-0.003271876,-0.002579886,3.123821,1,Solve_Succeeded,-0.002221762,0.001437128,-1.355252715607e-20
9.320000,-0.042548326,-0.000200380,0.075739585,-0.003258733,-0.002579886,3.123821,1,Solve_Succeeded,-0.002221762,0.001437128,-1.355252715607e-20
9.330000,-0.041791185,-0.000232891,0.075717914,-0.003252295,-0.003354409,2.838017,1,Solve_Succeeded,-0.002868202,0.001457225,0.000000000000e+00
9.340000,-0.041034331,-0.000265257,0.075690283,-0.003238944,-0.003354409,2.838017,1,Solve_Succeeded,-0.002868202,0.001457225,0.000000000000e+00
9.350000,-0.040277759,-0.000297568,0.075662144,-0.003232256,-0.004124081,2.928030,1,Solve_Succeeded,-0.003510582,0.001476958,-5.421010862428e-20
9.360000,-0.039521538,-0.000329731,0.075628083,-0.003218699,-0.004124081,2.928030,1,Solve_Succeeded,-0.003510582,0.001476958,-5.421010862428e-20
9.370000,-0.038765664,-0.000361836,0.075593517,-0.003211765,-0.004888794,2.593460,1,Solve_Succeeded,-0.004148811,0.001496325,0.000000000000e+00
9.380000,-0.038010205,-0.000393792,0.075553067,-0.003198007,-0.004888794,2.593460,1,Solve_Succeeded,-0.004148811,0.001496325,0.000000000000e+00
9.390000,-0.037255156,-0.000425688,0.075512115,-0.003190828,-0.005648443,2.701510,1,Solve_Succeeded,-0.004782802,0.001515326,0.000000000000e+00
9.400000,-0.036500585,-0.000457432,0.075465318,-0.003176872,-0.005648443,2.701510,1,Solve_Succeeded,-0.004782802,0.001515326,0.000000000000e+00
9.410000,-0.035746488,-0.000489113,0.075418023,-0.003169452,-0.006402924,2.630763,1,Solve_Succeeded,-0.005412468,0.001533958,0.000000000000e+00
9.420000,-0.034992933,-0.000520641,0.075364922,-0.003155301,-0.006402924,2.630763,1,Solve_Succeeded,-0.005412468,0.001533958,0.000000000000e+00
9.430000,-0.034239914,-0.000552104,0.075311327,-0.003147641,-0.007152134,2.721035,1,Solve_Succeeded,-0.006037723,0.001552221,0.000000000000e+00
9.440000,-0.033487499,-0.000583412,0.075251967,-0.003133300,-0.007152134,2.721035,1,Solve_Succeeded,-0.006037723,0.001552221,0.000000000000e+00
9.450000,-0.032735684,-0.000614652,0.075192114,-0.003125404,-0.007895971,2.674819,1,Solve_Succeeded,-0.006658482,0.001570114,0.000000000000e+00
9.460000,-0.031984534,-0.000645735,0.075126540,-0.003110875,-0.007895971,2.674819,1,Solve_Succeeded,-0.006658482,0.001570114,0.000000000000e+00
9.470000,-0.031234046,-0.000676748,0.075060476,-0.003102745,-0.008634336,2.634922,1,Solve_Succeeded,-0.007274662,0.001587635,0.000000000000e+00
9.480000,-0.030484285,-0.000707603,0.074988732,-0.003088032,-0.008634336,2.634922,1,Solve_Succeeded,-0.007274662,0.001587635,0.000000000000e+00
9.490000,-0.029735248,-0.000738385,0.074916503,-0.003079672,-0.009367131,3.129351,1,Solve_Succeeded,-0.007886182,0.001604784,5.421010862428e-20
9.500000,-0.028986999,-0.000769006,0.074838636,-0.003064778,-0.009367131,3.129351,1,Solve_Succeeded,-0.007886182,0.001604784,5.421010862428e-20
9.510000,-0.028239534,-0.000799553,0.074760288,-0.003056189,-0.010094258,2.747510,1,Solve_Succeeded,-0.008492960,0.001621559,5.421010862428e-20
9.520000,-0.027492919,-0.000829937,0.074676345,-0.003041119,-0.010094258,2.747510,1,Solve_Succeeded,-0.008492960,0.001621559,5.421010862428e-20
9.530000,-0.026747148,-0.000860245,0.074591925,-0.003032305,-0.010815623,2.698296,1,Solve_Succeeded,-0.009094917,0.001637959,0.000000000000e+00
9.540000,-0.026002288,-0.000890389,0.074501956,-0.003017061,-0.010815623,2.698296,1,Solve_Succeeded,-0.009094917,0.001637959,0.000000000000e+00
9.550000,-0.025258332,-0.000920453,0.074411512,-0.003008024,-0.011531131,2.662135,1,Solve_Succeeded,-0.009691976,0.001653985,1.084202172486e-19
9.560000,-0.024515346,-0.000950352,0.074315564,-0.002992611,-0.011531131,2.662135,1,Solve_Succeeded,-0.009691976,0.001653985,1.084202172486e-19
9.570000,-0.023773325,-0.000980169,0.074219145,-0.002983354,-0.012240691,2.606712,1,Solve_Succeeded,-0.010284058,0.001669635,0.000000000000e+00
9.580000,-0.023032332,-0.001009819,0.074117268,-0.002967775,-0.012240691,2.606712,1,Solve_Succeeded,-0.010284058,0.001669635,0.000000000000e+00
9.590000,-0.022292363,-0.001039386,0.074014925,-0.002958301,-0.012944212,2.819450,1,Solve_Succeeded,-0.010871089,0.001684908,1.084202172486e-19
9.600000,-0.021553481,-0.001068783,0.073907169,-0.002942559,-0.012944212,2.819450,1,Solve_Succeeded,-0.010871089,0.001684908,1.084202172486e-19
9.610000,-0.020815683,-0.001098095,0.073798951,-0.002932871,-0.013641605,2.806907,1,Solve_Succeeded,-0.011452995,0.001699804,0.000000000000e+00
9.620000,-0.020079030,-0.001127237,0.073685368,-0.002916971,-0.013641605,2.806907,1,Solve_Succeeded,-0.011452995,0.001699804,0.000000000000e+00
9.630000,-0.019343518,-0.001156290,0.073571327,-0.002907071,-0.014332781,3.154712,1,Solve_Succeeded,-0.012029701,0.001714323,0.000000000000e+00
9.640000,-0.018609209,-0.001185172,0.073451968,-0.002891016,-0.014332781,3.154712,1,Solve_Succeeded,-0.012029701,0.001714323,0.000000000000e+00
9.650000,-0.017876099,-0.001213963,0.073332156,-0.002880908,-0.015017656,2.667338,1,Solve_Succeeded,-0.012601137,0.001728463,0.000000000000e+00
9.660000,-0.017144249,-0.001242581,0.073207074,-0.002864701,-0.015017656,2.667338,1,Solve_Succeeded,-0.012601137,0.001728463,0.000000000000e+00
9.670000,-0.016413655,-0.001271107,0.073081543,-0.002854387,-0.015696145,2.715150,1,Solve_Succeeded,-0.013167233,0.001742225,-1.084202172486e-19
9.680000,-0.015684377,-0.001299459,0.072950792,-0.002838032,-0.015696145,2.715150,1,Solve_Succeeded,-0.013167233,0.001742225,-1.084202172486e-19
9.690000,-0.014956413,-0.001327715,0.072819595,-0.002827516,-0.016368165,3.507019,1,Solve_Succeeded,-0.013727918,0.001755609,-1.084202172486e-19
9.700000,-0.014229821,-0.001355796,0.072683228,-0.002811017,-0.016368165,3.507019,1,Solve_Succeeded,-0.013727918,0.001755609,-1.084202172486e-19
9.710000,-0.013504599,-0.001383780,0.072546420,-0.002800301,-0.017033634,2.667938,1,Solve_Succeeded,-0.014283126,0.001768613,-1.084202172486e-19
9.720000,-0.012780804,-0.001411588,0.072404492,-0.002783662,-0.017033634,2.667938,1,Solve_Succeeded,-0.014283126,0.001768613,-1.084202172486e-19
9.730000,-0.012058434,-0.001439296,0.072262127,-0.002772749,-0.017692473,3.255504,1,Solve_Succeeded,-0.014832790,0.001781238,0.000000000000e+00
9.740000,-0.011337547,-0.001466826,0.072114694,-0.002755973,-0.017692473,3.255504,1,Solve_Succeeded,-0.014832790,0.001781238,0.000000000000e+00
9.750000,-0.010618140,-0.001494255,0.071966828,-0.002744866,-0.018344604,2.682501,1,Solve_Succeeded,-0.015376844,0.001793484,-1.084202172486e-19
9.760000,-0.009900270,-0.001521505,0.071813945,-0.002727957,-0.018344604,2.682501,1,Solve_Succeeded,-0.015376844,0.001793484,-1.084202172486e-19
9.770000,-0.009183935,-0.001548651,0.071660633,-0.002716660,-0.018989950,3.766129,1,Solve_Succeeded,-0.015915226,0.001805351,0.000000000000e+00
9.780000,-0.008469190,-0.001575618,0.071502357,-0.002699620,-0.018989950,3.766129,1,Solve_Succeeded,-0.015915226,0.001805351,0.000000000000e+00
9.790000,-0.007756034,-0.001602479,0.071343657,-0.002688136,-0.019628436,2.613762,1,Solve_Succeeded,-0.016447873,0.001816839,2.168404344971e-19
9.800000,-0.007044522,-0.001629158,0.071180045,-0.002670971,-0.019628436,2.613762,1,Solve_Succeeded,-0.016447873,0.001816839,2.168404344971e-19
9.810000,-0.006334651,-0.001655730,0.071016014,-0.002659301,-0.020259990,3.151522,1,Solve_Succeeded,-0.016974723,0.001827947,1.084202172486e-19
9.820000,-0.005626478,-0.001682120,0.070847124,-0.002642014,-0.020259990,3.151522,1,Solve_Succeeded,-0.016974723,0.001827947,1.084202172486e-19
9.830000,-0.004919999,-0.001708401,0.070677820,-0.002630163,-0.020884539,2.842238,1,Solve_Succeeded,-0.017495717,0.001838676,0.000000000000e+00
9.840000,-0.004215269,-0.001734498,0.070503710,-0.002612757,-0.020884539,2.842238,1,Solve_Succeeded,-0.017495717,0.001838676,0.000000000000e+00
9.850000,-0.003512285,-0.001760484,0.070329191,-0.002600727,-0.021502014,2.658572,1,Solve_Succeeded,-0.018010796,0.001849026,0.000000000000e+00
9.860000,-0.002811102,-0.001786285,0.070149921,-0.002583207,-0.021502014,2.658572,1,Solve_Succeeded,-0.018010796,0.001849026,0.000000000000e+00
9.870000,-0.002111717,-0.001811973,0.069970246,-0.002571001,-0.022112345,2.973681,1,Solve_Succeeded,-0.018519904,0.001858998,0.000000000000e+00
9.880000,-0.001414183,-0.001837476,0.069785876,-0.002553370,-0.022112345,2.973681,1,Solve_Succeeded,-0.018519904,0.001858998,0.000000000000e+00
9.890000,-0.000718498,-0.001862864,0.069601104,-0.002540992,-0.022715466,2.627915,1,Solve_Succeeded,-0.019022985,0.001868592,-2.168404344971e-19
9.900000,-0.000024716,-0.001888065,0.069411693,-0.002523253,-0.022715466,2.627915,1,Solve_Succeeded,-0.019022985,0.001868592,-2.168404344971e-19
9.910000,0.000667168,-0.001913150,0.069221886,-0.002510706,-0.023311313,2.684072,1,Solve_Succeeded,-0.019519985,0.001877808,2.168404344971e-19
9.920000,0.001357100,-0.001938047,0.069027495,-0.002492863,-0.023311313,2.684072,1,Solve_Succeeded,-0.019519985,0.001877808,2.168404344971e-19
9.930000,0.002045084,-0.001962826,0.068832713,-0.002480150,-0.023899820,2.796597,1,Solve_Succeeded,-0.020010849,0.001886646,0.000000000000e+00
9.940000,0.002731066,-0.001987417,0.068633403,-0.002462207,-0.023899820,2.796597,1,Solve_Succeeded,-0.020010849,0.001886646,0.000000000000e+00
9.950000,0.003415051,-0.002011887,0.068433707,-0.002449331,-0.024480927,2.985540,1,Solve_Succeeded,-0.020495528,0.001895108,-2.168404344971e-19
9.960000,0.004096986,-0.002036168,0.068229541,-0.002431291,-0.024480927,2.985540,1,Solve_Succeeded,-0.020495528,0.001895108,-2.168404344971e-19
9.970000,0.004776875,-0.002060328,0.068024993,-0.002418255,-0.025054573,2.785269,1,Solve_Succeeded,-0.020973971,0.001903193,0.000000000000e+00
9.980000,0.005454666,-0.002084297,0.067816032,-0.002400123,-0.025054573,2.785269,1,Solve_Succeeded,-0.020973971,0.001903193,0.000000000000e+00
9.990000,0.006130364,-0.002108143,0.067606694,-0.002386930,-0.025620699,2.813709,1,Solve_Succeeded,-0.021446128,0.001910903,-2.168404344971e-19
10.000000,0.006803917,-0.002131798,0.067393002,-0.002368709,-0.025620699,2.813709,1,Solve_Succeeded,-0.021446128,0.001910903,-2.168404344971e-19
10.010000,0.007475328,-0.002155328,0.067178937,-0.002355362,-0.026179248,2.690049,1,Solve_Succeeded,-0.021911952,0.001918238,0.000000000000e+00
10.020000,0.008144549,-0.002178666,0.066960576,-0.002337055,-0.026179248,2.690049,1,Solve_Succeeded,-0.021911952,0.001918238,0.000000000000e+00
10.030000,0.008811581,-0.002201878,0.066741848,-0.002323558,-0.026730164,2.583676,1,Solve_Succeeded,-0.022371397,0.001925200,2.168404344971e-19
10.040000,0.009476376,-0.002224897,0.066518882,-0.002305170,-0.026730164,2.583676,1,Solve_Succeeded,-0.022371397,0.001925200,2.168404344971e-19
10.050000,0.010138938,-0.002247789,0.066295554,-0.002291525,-0.027273395,2.639163,1,Solve_Succeeded,-0.022824419,0.001931788,0.000000000000e+00
10.060000,0.010799217,-0.002270487,0.066068047,-0.002273059,-0.027273395,2.639163,1,Solve_Succeeded,-0.022824419,0.001931788,0.000000000000e+00
10.070000,0.011457217,-0.002293055,0.065840184,-0.002259270,-0.027808888,2.659137,1,Solve_Succeeded,-0.023270973,0.001938003,-2.168404344971e-19
10.080000,0.012112889,-0.002315430,0.065608201,-0.002240729,-0.027808888,2.659137,1,Solve_Succeeded,-0.023270973,0.001938003,-2.168404344971e-19
10.090000,0.012766238,-0.002337673,0.065375867,-0.002226799,-0.028336591,3.052608,1,Solve_Succeeded,-0.023711019,0.001943848,0.000000000000e+00
10.100000,0.013417215,-0.002359722,0.065139473,-0.002208188,-0.028336591,3.052608,1,Solve_Succeeded,-0.023711019,0.001943848,0.000000000000e+00
10.110000,0.014065825,-0.002381638,0.064902732,-0.002194120,-0.028856457,3.399806,1,Solve_Succeeded,-0.024144514,0.001949322,0.000000000000e+00
10.120000,0.014712020,-0.002403360,0.064661993,-0.002175441,-0.028856457,3.399806,1,Solve_Succeeded,-0.024144514,0.001949322,0.000000000000e+00
10.130000,0.015355804,-0.002424947,0.064420912,-0.002161239,-0.029368438,2.823952,1,Solve_Succeeded,-0.024571420,0.001954427,0.000000000000e+00
10.140000,0.015997130,-0.002446339,0.064175893,-0.002142497,-0.029368438,2.823952,1,Solve_Succeeded,-0.024571420,0.001954427,0.000000000000e+00
10.150000,0.016636003,-0.002467595,0.063930538,-0.002128163,-0.029872488,3.027394,1,Solve_Succeeded,-0.024991698,0.001959164,0.000000000000e+00
10.160000,0.017272376,-0.002488656,0.063681305,-0.002109361,-0.029872488,3.027394,1,Solve_Succeeded,-0.024991698,0.001959164,0.000000000000e+00
10.170000,0.017906253,-0.002509579,0.063431741,-0.002094899,-0.030368563,2.629777,1,Solve_Succeeded,-0.025405313,0.001963533,0.000000000000e+00
10.180000,0.018537589,-0.002530306,0.063178362,-0.002076040,-0.030368563,2.629777,1,Solve_Succeeded,-0.025405313,0.001963533,0.000000000000e+00
10.190000,0.019166388,-0.002550895,0.062924656,-0.002061454,-0.030856621,2.822814,1,Solve_Succeeded,-0.025812228,0.001967538,2.168404344971e-19
10.200000,0.019792606,-0.002571287,0.062667196,-0.002042542,-0.030856621,2.822814,1,Solve_Succeeded,-0.025812228,0.001967538,2.168404344971e-19
10.210000,0.020416245,-0.002591540,0.062409416,-0.002027834,-0.031336622,2.579497,1,Solve_Succeeded,-0.026212410,0.001971178,0.000000000000e+00
10.220000,0.021037263,-0.002611595,0.062147944,-0.002008873,-0.031336622,2.579497,1,Solve_Succeeded,-0.026212410,0.001971178,0.000000000000e+00
10.230000,0.021655663,-0.002631509,0.061886156,-0.001994047,-0.031808525,2.714418,1,Solve_Succeeded,-0.026605827,0.001974455,0.000000000000e+00
10.240000,0.022271402,-0.002651226,0.061620738,-0.001975041,-0.031808525,2.714418,1,Solve_Succeeded,-0.026605827,0.001974455,0.000000000000e+00
10.250000,0.022884483,-0.002670801,0.061355011,-0.001960098,-0.032272294,2.692209,1,Solve_Succeeded,-0.026992447,0.001977370,0.000000000000e+00
10.260000,0.023494865,-0.002690178,0.061085716,-0.001941050,-0.032272294,2.692209,1,Solve_Succeeded,-0.026992447,0.001977370,0.000000000000e+00
10.270000,0.024102550,-0.002709411,0.060816116,-0.001925996,-0.032727892,3.454908,1,Solve_Succeeded,-0.027372240,0.001979926,0.000000000000e+00
10.280000,0.024707498,-0.002728446,0.060543012,-0.001906910,-0.032727892,3.454908,1,Solve_Succeeded,-0.027372240,0.001979926,0.000000000000e+00
10.290000,0.025309712,-0.002747337,0.060269609,-0.001891747,-0.033175286,2.796629,1,Solve_Succeeded,-0.027745178,0.001982123,-2.168404344971e-19
10.300000,0.025909151,-0.002766030,0.059992765,-0.001872625,-0.033175286,2.796629,1,Solve_Succeeded,-0.027745178,0.001982123,-2.168404344971e-19
10.310000,0.026505818,-0.002784576,0.059715627,-0.001857357,-0.033614442,2.826476,1,Solve_Succeeded,-0.028111233,0.001983963,2.168404344971e-19
10.320000,0.027099674,-0.002802924,0.059435110,-0.001838204,-0.033614442,2.826476,1,Solve_Succeeded,-0.028111233,0.001983963,2.168404344971e-19
10.330000,0.027690722,-0.002821126,0.059154306,-0.001822833,-0.034045330,2.574462,1,Solve_Succeeded,-0.028470381,0.001985448,2.168404344971e-19
10.340000,0.028278922,-0.002839128,0.058870187,-0.001803652,-0.034045330,2.574462,1,Solve_Succeeded,-0.028470381,0.001985448,2.168404344971e-19
10.350000,0.028864278,-0.002856983,0.058585785,-0.001788182,-0.034467920,2.681793,1,Solve_Succeeded,-0.028822596,0.001986579,0.000000000000e+00
10.360000,0.029446752,-0.002874639,0.058298133,-0.001768977,-0.034467920,2.681793,1,Solve_Succeeded,-0.028822596,0.001986579,0.000000000000e+00
10.370000,0.030026346,-0.002892145,0.058010203,-0.001753411,-0.034882184,2.766953,1,Solve_Succeeded,-0.029167855,0.001987359,0.000000000000e+00
10.380000,0.030603023,-0.002909453,0.057719087,-0.001734185,-0.034882184,2.766953,1,Solve_Succeeded,-0.029167855,0.001987359,0.000000000000e+00
10.390000,0.031176786,-0.002926611,0.057427699,-0.001718527,-0.035288097,2.801858,1,Solve_Succeeded,-0.029506137,0.001987788,-2.168404344971e-19
10.400000,0.031747598,-0.002943570,0.057133188,-0.001699282,-0.035288097,2.801858,1,Solve_Succeeded,-0.029506137,0.001987788,-2.168404344971e-19
10.410000,0.032315462,-0.002960377,0.056838411,-0.001683535,-0.035685633,3.007265,1,Solve_Succeeded,-0.029837421,0.001987869,0.000000000000e+00
10.420000,0.032880342,-0.002976986,0.056540577,-0.001664277,-0.035685633,3.007265,1,Solve_Succeeded,-0.029837421,0.001987869,0.000000000000e+00
10.430000,0.033442241,-0.002993443,0.056242481,-0.001648443,-0.036074770,3.217275,1,Solve_Succeeded,-0.030161688,0.001987604,0.000000000000e+00
10.440000,0.034001124,-0.003009700,0.055941393,-0.001629175,-0.036074770,3.217275,1,Solve_Succeeded,-0.030161688,0.001987604,0.000000000000e+00
10.450000,0.034556992,-0.003025805,0.055640048,-0.001613258,-0.036455485,2.836659,1,Solve_Succeeded,-0.030478921,0.001986994,-2.168404344971e-19
10.460000,0.035109813,-0.003041711,0.055335776,-0.001593982,-0.036455485,2.836659,1,Solve_Succeeded,-0.030478921,0.001986994,-2.168404344971e-19
10.470000,0.035659588,-0.003057462,0.055031254,-0.001577986,-0.036827760,2.779124,1,Solve_Succeeded,-0.030789102,0.001986042,0.000000000000e+00
10.480000,0.036206284,-0.003073015,0.054723868,-0.001558706,-0.036827760,2.779124,1,Solve_Succeeded,-0.030789102,0.001986042,0.000000000000e+00
10.490000,0.036749904,-0.003088413,0.054416238,-0.001542634,-0.037191575,2.695273,1,Solve_Succeeded,-0.031092217,0.001984750,0.000000000000e+00
10.500000,0.037290414,-0.003103613,0.054105809,-0.001523353,-0.037191575,2.695273,1,Solve_Succeeded,-0.031092217,0.001984750,0.000000000000e+00
10.510000,0.037827817,-0.003118656,0.053795142,-0.001507208,-0.037546915,2.739079,1,Solve_Succeeded,-0.031388251,0.001983120,0.000000000000e+00
10.520000,0.038362082,-0.003133502,0.053481742,-0.001487930,-0.037546915,2.739079,1,Solve_Succeeded,-0.031388251,0.001983120,0.000000000000e+00
10.530000,0.038893209,-0.003148190,0.053168109,-0.001471715,-0.037893763,2.670162,1,Solve_Succeeded,-0.031677194,0.001981153,-2.168404344971e-19
10.540000,0.039421169,-0.003162681,0.052851807,-0.001452443,-0.037893763,2.670162,1,Solve_Succeeded,-0.031677194,0.001981153,-2.168404344971e-19
10.550000,0.039945963,-0.003177013,0.052535279,-0.001436161,-0.038232107,2.567933,1,Solve_Succeeded,-0.031959032,0.001978853,2.168404344971e-19
10.560000,0.040467562,-0.003191148,0.052216148,-0.001416899,-0.038232107,2.567933,1,Solve_Succeeded,-0.031959032,0.001978853,2.168404344971e-19
10.570000,0.040985966,-0.003205125,0.051896794,-0.001400553,-0.038561935,2.905919,1,Solve_Succeeded,-0.032233756,0.001976221,-2.168404344971e-19
10.580000,0.041501147,-0.003218904,0.051574904,-0.001381304,-0.038561935,2.905919,1,Solve_Succeeded,-0.032233756,0.001976221,-2.168404344971e-19
10.590000,0.042013107,-0.003232524,0.051252798,-0.001364898,-0.038883235,2.883289,1,Solve_Succeeded,-0.032501358,0.001973259,2.168404344971e-19
10.600000,0.042521816,-0.003245947,0.050928221,-0.001345665,-0.038883235,2.883289,1,Solve_Succeeded,-0.032501358,0.001973259,2.168404344971e-19
10.610000,0.043027277,-0.003259210,0.050603432,-0.001329201,-0.039195999,3.145661,1,Solve_Succeeded,-0.032761831,0.001969971,-2.168404344971e-19
10.620000,0.043529462,-0.003272276,0.050276238,-0.001309988,-0.039195999,3.145661,1,Solve_Succeeded,-0.032761831,0.001969971,-2.168404344971e-19
10.630000,0.044028373,-0.003285181,0.049948839,-0.001293470,-0.039500220,2.694176,1,Solve_Succeeded,-0.033015167,0.001966358,2.168404344971e-19
10.640000,0.044523982,-0.003297890,0.049619100,-0.001274279,-0.039500220,2.694176,1,Solve_Succeeded,-0.033015167,0.001966358,2.168404344971e-19
10.650000,0.045016291,-0.003310438,0.049289162,-0.001257711,-0.039795891,2.999027,1,Solve_Succeeded,-0.033261363,0.001962422,-2.168404344971e-19
10.660000,0.045505275,-0.003322790,0.048956950,-0.001238546,-0.039795891,2.999027,1,Solve_Succeeded,-0.033261363,0.001962422,-2.168404344971e-19
10.670000,0.045990933,-0.003334980,0.048624543,-0.001221930,-0.040083009,2.620034,1,Solve_Succeeded,-0.033500415,0.001958167,4.336808689942e-19
10.680000,0.046473242,-0.003346974,0.048289929,-0.001202794,-0.040083009,2.620034,1,Solve_Succeeded,-0.033500415,0.001958167,4.336808689942e-19
10.690000,0.046952203,-0.003358806,0.047955126,-0.001186133,-0.040361570,2.640595,1,Solve_Succeeded,-0.033732321,0.001953594,0.000000000000e+00
10.700000,0.047427790,-0.003370443,0.047618181,-0.001167029,-0.040361570,2.640595,1,Solve_Succeeded,-0.033732321,0.001953594,0.000000000000e+00
10.710000,0.047900005,-0.003381916,0.047281053,-0.001150327,-0.040631573,3.957079,1,Solve_Succeeded,-0.033957079,0.001948707,0.000000000000e+00
10.720000,0.048368825,-0.003393195,0.046941848,-0.001131258,-0.040631573,3.957079,1,Solve_Succeeded,-0.033957079,0.001948707,0.000000000000e+00
10.730000,0.048834251,-0.003404311,0.046602467,-0.001114518,-0.040893018,2.586846,1,Solve_Succeeded,-0.034174690,0.001943507,0.000000000000e+00
10.740000,0.049296259,-0.003415232,0.046261075,-0.001095488,-0.040893018,2.586846,1,Solve_Succeeded,-0.034174690,0.001943507,0.000000000000e+00
10.750000,0.049754852,-0.003425990,0.045919511,-0.001078713,-0.041145908,3.442276,1,Solve_Succeeded,-0.034385156,0.001937998,-8.673617379884e-19
10.760000,0.050210006,-0.003436553,0.045576003,-0.001059724,-0.041145908,3.442276,1,Solve_Succeeded,-0.034385156,0.001937998,-8.673617379884e-19
10.770000,0.050661722,-0.003446953,0.045232328,-0.001042917,-0.041390244,2.719524,1,Solve_Succeeded,-0.034588479,0.001932182,0.000000000000e+00
10.780000,0.051109980,-0.003457159,0.044886775,-0.001023973,-0.041390244,2.719524,1,Solve_Succeeded,-0.034588479,0.001932182,0.000000000000e+00
10.790000,0.051554781,-0.003467201,0.044541062,-0.001007136,-0.041626032,3.812549,1,Solve_Succeeded,-0.034784663,0.001926062,4.336808689942e-19
10.800000,0.051996103,-0.003477050,0.044193535,-0.000988240,-0.041626032,3.812549,1,Solve_Succeeded,-0.034784663,0.001926062,4.336808689942e-19
10.810000,0.052433948,-0.003486734,0.043845854,-0.000971378,-0.041853278,2.962730,1,Solve_Succeeded,-0.034973713,0.001919640,0.000000000000e+00
10.820000,0.052868296,-0.003496226,0.043496425,-0.000952532,-0.041853278,2.962730,1,Solve_Succeeded,-0.034973713,0.001919640,0.000000000000e+00
10.830000,0.053299147,-0.003505553,0.043146847,-0.000935648,-0.042071989,2.696500,1,Solve_Succeeded,-0.035155636,0.001912919,-4.336808689942e-19
10.840000,0.053726483,-0.003514688,0.042795587,-0.000916856,-0.042071989,2.696500,1,Solve_Succeeded,-0.035155636,0.001912919,-4.336808689942e-19
10.850000,0.054150305,-0.003523658,0.042444184,-0.000899951,-0.042282174,2.754368,1,Solve_Succeeded,-0.035330439,0.001905903,-4.336808689942e-19
10.860000,0.054570594,-0.003532437,0.042091165,-0.000881216,-0.042282174,2.754368,1,Solve_Succeeded,-0.035330439,0.001905903,-4.336808689942e-19
10.870000,0.054987350,-0.003541050,0.041738008,-0.000864295,-0.042483843,3.297969,1,Solve_Succeeded,-0.035498132,0.001898594,-4.336808689942e-19
10.880000,0.055400557,-0.003549473,0.041383300,-0.000845619,-0.042483843,3.297969,1,Solve_Succeeded,-0.035498132,0.001898594,-4.336808689942e-19
10.890000,0.055810216,-0.003557730,0.041028460,-0.000828685,-0.042677009,2.896551,1,Solve_Succeeded,-0.035658723,0.001890994,0.000000000000e+00
10.900000,0.056216308,-0.003565798,0.040672135,-0.000810071,-0.042677009,2.896551,1,Solve_Succeeded,-0.035658723,0.001890994,0.000000000000e+00
10.910000,0.056618836,-0.003573699,0.040315683,-0.000793126,-0.042861684,2.876283,1,Solve_Succeeded,-0.035812225,0.001883107,0.000000000000e+00
10.920000,0.057017783,-0.003581412,0.039957812,-0.000774579,-0.042861684,2.876283,1,Solve_Succeeded,-0.035812225,0.001883107,0.000000000000e+00
10.930000,0.057413149,-0.003588959,0.039599819,-0.000757626,-0.043037884,2.723005,1,Solve_Succeeded,-0.035958650,0.001874936,0.000000000000e+00
10.940000,0.057804920,-0.003596318,0.039240472,-0.000739146,-0.043037884,2.723005,1,Solve_Succeeded,-0.035958650,0.001874936,0.000000000000e+00
10.950000,0.058193096,-0.003603510,0.038881009,-0.000722189,-0.043205624,3.310001,1,Solve_Succeeded,-0.036098010,0.001866483,0.000000000000e+00
10.960000,0.058577661,-0.003610515,0.038520256,-0.000703781,-0.043205624,3.310001,1,Solve_Succeeded,-0.036098010,0.001866483,0.000000000000e+00
10.970000,0.058958619,-0.003617353,0.038159394,-0.000686822,-0.043364922,2.573502,1,Solve_Succeeded,-0.036230322,0.001857753,0.000000000000e+00
10.980000,0.059335953,-0.003624006,0.037797306,-0.000668488,-0.043364922,2.573502,1,Solve_Succeeded,-0.036230322,0.001857753,0.000000000000e+00
10.990000,0.059709665,-0.003630491,0.037435115,-0.000651530,-0.043515796,2.622942,1,Solve_Succeeded,-0.036355600,0.001848747,0.000000000000e+00
11.000000,0.060079741,-0.003636792,0.037071764,-0.000633273,-0.043515796,2.622942,1,Solve_Succeeded,-0.036355600,0.001848747,0.000000000000e+00
11.010000,0.060446183,-0.003642925,0.036708313,-0.000616319,-0.043658266,2.626233,1,Solve_Succeeded,-0.036473862,0.001839469,-4.336808689942e-19
11.020000,0.060808977,-0.003648874,0.036343768,-0.000598141,-0.043658266,2.626233,1,Solve_Succeeded,-0.036473862,0.001839469,-4.336808689942e-19
11.030000,0.061168125,-0.003654656,0.035979129,-0.000581195,-0.043792355,2.689923,1,Solve_Succeeded,-0.036585125,0.001829921,0.000000000000e+00
11.040000,0.061523614,-0.003660255,0.035613460,-0.000563100,-0.043792355,2.689923,1,Solve_Succeeded,-0.036585125,0.001829921,0.000000000000e+00
11.050000,0.061875446,-0.003665687,0.035247703,-0.000546164,-0.043918085,2.998754,1,Solve_Succeeded,-0.036689409,0.001820108,4.336808689942e-19
11.060000,0.062223609,-0.003670937,0.034880979,-0.000528153,-0.043918085,2.998754,1,Solve_Succeeded,-0.036689409,0.001820108,4.336808689942e-19
11.070000,0.062568103,-0.003676019,0.034514173,-0.000511230,-0.044035480,3.633314,1,Solve_Succeeded,-0.036786734,0.001810032,0.000000000000e+00
11.080000,0.062908919,-0.003680921,0.034146465,-0.000493307,-0.044035480,3.633314,1,Solve_Succeeded,-0.036786734,0.001810032,0.000000000000e+00
11.090000,0.063246056,-0.003685655,0.033778680,-0.000476400,-0.044144565,2.829841,1,Solve_Succeeded,-0.036877122,0.001799697,0.000000000000e+00
11.100000,0.063579507,-0.003690209,0.033410057,-0.000458567,-0.044144565,2.829841,1,Solve_Succeeded,-0.036877122,0.001799697,0.000000000000e+00
11.110000,0.063909269,-0.003694596,0.033041362,-0.000441679,-0.044245368,3.468517,1,Solve_Succeeded,-0.036960595,0.001789105,0.000000000000e+00
11.120000,0.064235336,-0.003698804,0.032671893,-0.000423938,-0.044245368,3.468517,1,Solve_Succeeded,-0.036960595,0.001789105,0.000000000000e+00
11.130000,0.064557708,-0.003702845,0.032302357,-0.000407072,-0.044337917,2.737912,1,Solve_Succeeded,-0.037037176,0.001778261,-4.336808689942e-19
11.140000,0.064876376,-0.003706708,0.031932111,-0.000389427,-0.044337917,2.737912,1,Solve_Succeeded,-0.037037176,0.001778261,-4.336808689942e-19
11.150000,0.065191340,-0.003710404,0.031561804,-0.000372585,-0.044422240,2.598610,1,Solve_Succeeded,-0.037106891,0.001767166,-4.336808689942e-19
11.160000,0.065502594,-0.003713924,0.031190850,-0.000355038,-0.044422240,2.598610,1,Solve_Succeeded,-0.037106891,0.001767166,-4.336808689942e-19
11.170000,0.065810138,-0.003717276,0.030819840,-0.000338223,-0.044498369,2.859186,1,Solve_Succeeded,-0.037169764,0.001755825,0.000000000000e+00
11.180000,0.066113964,-0.003720453,0.030448245,-0.000320777,-0.044498369,2.859186,1,Solve_Succeeded,-0.037169764,0.001755825,0.000000000000e+00
11.190000,0.066414075,-0.003723464,0.030076601,-0.000303992,-0.044566335,3.605022,1,Solve_Succeeded,-0.037225824,0.001744241,4.336808689942e-19
11.200000,0.066710462,-0.003726300,0.029704435,-0.000286649,-0.044566335,3.605022,1,Solve_Succeeded,-0.037225824,0.001744241,4.336808689942e-19
11.210000,0.067003128,-0.003728969,0.029332224,-0.000269896,-0.044626171,3.272953,1,Solve_Succeeded,-0.037275097,0.001732417,-4.336808689942e-19
11.220000,0.067292065,-0.003731465,0.028959554,-0.000252659,-0.044626171,3.272953,1,Solve_Succeeded,-0.037275097,0.001732417,-4.336808689942e-19
11.230000,0.067577276,-0.003733795,0.028586845,-0.000235942,-0.044677913,3.053054,1,Solve_Succeeded,-0.037317612,0.001720357,-4.336808689942e-19
11.240000,0.067858755,-0.003735953,0.028213739,-0.000218812,-0.044677913,3.053054,1,Solve_Succeeded,-0.037317612,0.001720357,-4.336808689942e-19
11.250000,0.068136503,-0.003737945,0.027840599,-0.000202133,-0.044721595,2.665915,1,Solve_Succeeded,-0.037353399,0.001708064,4.336808689942e-19
11.260000,0.068410515,-0.003739766,0.027467125,-0.000185113,-0.044721595,2.665915,1,Solve_Succeeded,-0.037353399,0.001708064,4.336808689942e-19
11.270000,0.068680792,-0.003741421,0.027093621,-0.000168476,-0.044757255,3.334467,1,Solve_Succeeded,-0.037382489,0.001695541,4.336808689942e-19
11.280000,0.068947331,-0.003742907,0.026719845,-0.000151568,-0.044757255,3.334467,1,Solve_Succeeded,-0.037382489,0.001695541,4.336808689942e-19
11.290000,0.069210132,-0.003744228,0.026346045,-0.000134974,-0.044784930,2.833053,1,Solve_Succeeded,-0.037404914,0.001682792,4.336808689942e-19
11.300000,0.069469192,-0.003745380,0.025972033,-0.000118182,-0.044784930,2.833053,1,Solve_Succeeded,-0.037404914,0.001682792,4.336808689942e-19
11.310000,0.069724512,-0.003746367,0.025598003,-0.000101634,-0.044804659,2.820717,1,Solve_Succeeded,-0.037420707,0.001669821,4.336808689942e-19
11.320000,0.069976090,-0.003747187,0.025223823,-0.000084959,-0.044804659,2.820717,1,Solve_Succeeded,-0.037420707,0.001669821,4.336808689942e-19
11.330000,0.070223926,-0.003747843,0.024849630,-0.000068460,-0.044816484,2.704709,1,Solve_Succeeded,-0.037429901,0.001656630,4.336808689942e-19
11.340000,0.070468019,-0.003748332,0.024475346,-0.000051904,-0.044816484,2.704709,1,Solve_Succeeded,-0.037429901,0.001656630,4.336808689942e-19
11.350000,0.070708369,-0.003748658,0.024101056,-0.000035457,-0.044820445,3.612373,1,Solve_Succeeded,-0.037432531,0.001643224,-4.336808689942e-19
11.360000,0.070944976,-0.003748819,0.023726736,-0.000019023,-0.044820445,3.612373,1,Solve_Succeeded,-0.037432531,0.001643224,-4.336808689942e-19
11.370000,0.071177839,-0.003748817,0.023352413,-0.000002629,-0.044816584,3.003244,1,Solve_Succeeded,-0.037428633,0.001629605,-4.336808689942e-19
11.380000,0.071406960,-0.003748651,0.022978121,0.000013681,-0.044816584,3.003244,1,Solve_Succeeded,-0.037428633,0.001629605,-4.336808689942e-19
11.390000,0.071632338,-0.003748322,0.022603832,0.000030018,-0.044804947,3.473585,1,Solve_Succeeded,-0.037418244,0.001615778,8.673617379884e-19
11.400000,0.071853974,-0.003747831,0.022229634,0.000046203,-0.044804947,3.473585,1,Solve_Succeeded,-0.037418244,0.001615778,8.673617379884e-19
11.410000,0.072071868,-0.003747178,0.021855443,0.000062480,-0.044785577,2.678249,1,Solve_Succeeded,-0.037401401,0.001601746,0.000000000000e+00
11.420000,0.072286022,-0.003746364,0.021481403,0.000078536,-0.044785577,2.678249,1,Solve_Succeeded,-0.037401401,0.001601746,0.000000000000e+00
11.430000,0.072496435,-0.003745388,0.021107375,0.000094753,-0.044758521,3.130938,1,Solve_Succeeded,-0.037378143,0.001587512,0.000000000000e+00
11.440000,0.072703111,-0.003744253,0.020733557,0.000110679,-0.044758521,3.130938,1,Solve_Succeeded,-0.037378143,0.001587512,0.000000000000e+00
11.450000,0.072906049,-0.003742956,0.020359757,0.000126831,-0.044723826,2.782725,1,Solve_Succeeded,-0.037348508,0.001573081,0.000000000000e+00
11.460000,0.073105252,-0.003741502,0.019986224,0.000142624,-0.044723826,2.782725,1,Solve_Succeeded,-0.037348508,0.001573081,0.000000000000e+00
11.470000,0.073300720,-0.003739887,0.019612715,0.000158710,-0.044681539,2.533471,1,Solve_Succeeded,-0.037312538,0.001558455,0.000000000000e+00
11.480000,0.073492457,-0.003738115,0.019239532,0.000174369,-0.044681539,2.533471,1,Solve_Succeeded,-0.037312538,0.001558455,0.000000000000e+00
11.490000,0.073680462,-0.003736183,0.018866377,0.000190386,-0.044631710,2.648551,1,Solve_Succeeded,-0.037270273,0.001543638,0.000000000000e+00
11.500000,0.073864740,-0.003734097,0.018493606,0.000205909,-0.044631710,2.648551,1,Solve_Succeeded,-0.037270273,0.001543638,0.000000000000e+00
11.510000,0.074045291,-0.003731850,0.018120869,0.000221854,-0.044574390,3.082335,1,Solve_Succeeded,-0.037221756,0.001528635,4.336808689942e-19
11.520000,0.074222120,-0.003729451,0.017748573,0.000237239,-0.044574390,3.082335,1,Solve_Succeeded,-0.037221756,0.001528635,4.336808689942e-19
11.530000,0.074395226,-0.003726891,0.017376315,0.000253110,-0.044509630,2.704538,1,Solve_Succeeded,-0.037167030,0.001513448,0.000000000000e+00
11.540000,0.074564616,-0.003724181,0.017004557,0.000268355,-0.044509630,2.704538,1,Solve_Succeeded,-0.037167030,0.001513448,0.000000000000e+00
11.550000,0.074730288,-0.003721312,0.016632841,0.000284150,-0.044437481,4.503283,1,Solve_Succeeded,-0.037106137,0.001498081,0.000000000000e+00
11.560000,0.074892250,-0.003718292,0.016261682,0.000299253,-0.044437481,4.503283,1,Solve_Succeeded,-0.037106137,0.001498081,0.000000000000e+00
11.570000,0.075050501,-0.003715115,0.015890570,0.000314970,-0.044357997,2.987770,1,Solve_Succeeded,-0.037039124,0.001482538,0.000000000000e+00
11.580000,0.075205048,-0.003711789,0.015520071,0.000329928,-0.044357997,2.987770,1,Solve_Succeeded,-0.037039124,0.001482538,0.000000000000e+00
11.590000,0.075355890,-0.003708306,0.015149624,0.000345564,-0.044271232,4.041735,1,Solve_Succeeded,-0.036966034,0.001466823,-4.336808689942e-19
11.600000,0.075503036,-0.003704676,0.014779845,0.000360377,-0.044271232,4.041735,1,Solve_Succeeded,-0.036966034,0.001466823,-4.336808689942e-19
11.610000,0.075646485,-0.003700889,0.014410124,0.000375930,-0.044177242,3.079161,1,Solve_Succeeded,-0.036886915,0.001450940,0.000000000000e+00
11.620000,0.075786245,-0.003696958,0.014041127,0.000390596,-0.044177242,3.079161,1,Solve_Succeeded,-0.036886915,0.001450940,0.000000000000e+00
11.630000,0.075922316,-0.003692870,0.013672192,0.000406064,-0.044076083,2.948160,1,Solve_Succeeded,-0.036801813,0.001434891,0.000000000000e+00
11.640000,0.076054707,-0.003688638,0.013304037,0.000420580,-0.044076083,2.948160,1,Solve_Succeeded,-0.036801813,0.001434891,0.000000000000e+00
11.650000,0.076183417,-0.003684251,0.012935948,0.000435960,-0.043967812,2.652321,1,Solve_Succeeded,-0.036710777,0.001418681,0.000000000000e+00
11.660000,0.076308455,-0.003679723,0.012568693,0.000450326,-0.043967812,2.652321,1,Solve_Succeeded,-0.036710777,0.001418681,0.000000000000e+00
11.670000,0.076429823,-0.003675040,0.012201509,0.000465616,-0.043852486,2.732251,1,Solve_Succeeded,-0.036613854,0.001402313,4.336808689942e-19
11.680000,0.076547528,-0.003670216,0.011835214,0.000479829,-0.043852486,2.732251,1,Solve_Succeeded,-0.036613854,0.001402313,4.336808689942e-19
11.690000,0.076661572,-0.003665239,0.011468994,0.000495028,-0.043730166,2.719380,1,Solve_Succeeded,-0.036511094,0.001385791,0.000000000000e+00
11.700000,0.076771965,-0.003660124,0.011103717,0.000509086,-0.043730166,2.719380,1,Solve_Succeeded,-0.036511094,0.001385791,0.000000000000e+00
11.710000,0.076878705,-0.003654855,0.010738521,0.000524191,-0.043600909,2.829545,1,Solve_Succeeded,-0.036402546,0.001369118,-4.336808689942e-19
11.720000,0.076982103,-0.003650191,0.010399553,0.000475083,-0.043600909,2.829545,1,Solve_Succeeded,-0.036402546,0.001369118,-4.336808689942e-19
11.730000,0.077082154,-0.003646113,0.010064308,0.000417839,-0.046373777,2.652651,1,Solve_Succeeded,-0.039055185,0.008207459,0.000000000000e+00
11.740000,0.077178593,-0.003641948,0.009706979,0.000416765,-0.046373777,2.652651,1,Solve_Succeeded,-0.039055185,0.008207459,0.000000000000e+00
11.750000,0.077271418,-0.003637678,0.009346144,0.000425471,-0.046907677,2.581290,1,Solve_Succeeded,-0.039575387,0.009713172,0.000000000000e+00
11.760000,0.077363115,-0.003639504,0.009196196,-0.000091386,-0.046907677,2.581290,1,Solve_Succeeded,-0.039575387,0.009713172,0.000000000000e+00
11.770000,0.077453678,-0.003647413,0.009077282,-0.000685993,-0.071528037,3.156767,1,Solve_Succeeded,-0.063005960,0.067985712,0.000000000000e+00
11.780000,0.077540756,-0.003655555,0.008763231,-0.000795008,-0.071528037,3.156767,1,Solve_Succeeded,-0.063005960,0.067985712,0.000000000000e+00
11.790000,0.077624344,-0.003663936,0.008419420,-0.000831629,-0.077259681,3.733164,1,Solve_Succeeded,-0.068440666,0.081152514,-8.673617379884e-19
11.800000,0.077703890,-0.003671200,0.008024292,-0.000742137,-0.077259681,3.733164,1,Solve_Succeeded,-0.068440666,0.081152514,-8.673617379884e-19
11.810000,0.077779388,-0.003677350,0.007621018,-0.000634117,-0.075865505,2.980582,1,Solve_Succeeded,-0.067094317,0.077461778,0.000000000000e+00
11.820000,0.077850967,-0.003682722,0.007227375,-0.000551697,-0.075865505,2.980582,1,Solve_Succeeded,-0.067094317,0.077461778,0.000000000000e+00
11.830000,0.077918622,-0.003687315,0.006834761,-0.000473201,-0.074977575,2.971175,1,Solve_Succeeded,-0.066234857,0.075071404,-8.673617379884e-19
11.840000,0.078025353,-0.003798519,0.010097380,-0.009523322,-0.074977575,2.971175,1,Solve_Succeeded,-0.066234857,0.075071404,-8.673617379884e-19
11.850000,0.078249665,-0.004212642,0.020581076,-0.036628973,-0.848581292,3.015775,1,Solve_Succeeded,-0.802146672,1.899923109,3.903127820948e-18
11.860000,0.078645797,-0.005066155,0.036758401,-0.078042898,-0.848581292,3.015775,1,Solve_Succeeded,-0.802146672,1.899923109,3.903127820948e-18
11.870000,0.079213243,-0.006359886,0.053746692,-0.121673544,-2.740373796,2.647578,1,Solve_Succeeded,-2.600555054,6.338238523,-6.505213034913e-18
11.880000,0.079771148,-0.007645395,0.055483897,-0.127519321,-2.740373796,2.647578,1,Solve_Succeeded,-2.600555054,6.338238523,-6.505213034913e-18
11.890000,0.080318814,-0.008924063,0.054874213,-0.127814731,-3.075409912,2.712594,1,Solve_Succeeded,-2.915982780,7.062959186,-1.994931997373e-17
11.900000,0.080999434,-0.010556578,0.066083847,-0.157935927,-3.075409912,2.712594,1,Solve_Succeeded,-2.915982780,7.062959186,-1.994931997373e-17
11.910000,0.081811715,-0.012543721,0.078956452,-0.192597593,-4.680682115,2.775583,1,Solve_Succeeded,-4.439457734,10.778168747,-3.295974604356e-17
11.920000,0.082601268,-0.014504860,0.078955468,-0.195586417,-4.680682115,2.775583,1,Solve_Succeeded,-4.439457734,10.778168747,-3.295974604356e-17
11.930000,0.083366615,-0.016441084,0.076897803,-0.193917017,-5.030331489,2.692379,1,Solve_Succeeded,-4.766876274,11.499603300,1.734723475977e-18
11.940000,0.084276675,-0.018778894,0.088889795,-0.227801378,-5.030331489,2.692379,1,Solve_Succeeded,-4.766876274,11.499603300,1.734723475977e-18
11.950000,0.085329147,-0.021518275,0.102793590,-0.267017574,-6.926641314,3.282715,1,Solve_Succeeded,-6.565300670,15.864130087,-5.204170427930e-17
11.960000,0.086340823,-0.024208531,0.101411462,-0.268724397,-6.926641314,3.282715,1,Solve_Succeeded,-6.565300670,15.864130087,-5.204170427930e-17
11.970000,0.087309181,-0.026849936,0.097522179,-0.264828142,-7.327845567,2.722811,1,Solve_Succeeded,-6.939625647,16.665877647,-1.040834085586e-17
11.980000,0.088395747,-0.029852169,0.106986414,-0.294913984,-7.327845567,2.722811,1,Solve_Succeeded,-6.939625647,16.665877647,-1.040834085586e-17
11.990000,0.089597191,-0.033214265,0.118170702,-0.330015274,-9.176718780,2.654830,1,Solve_Succeeded,-8.690731699,20.877218974,-1.040834085586e-17
12.000000,0.090733823,-0.036495968,0.114339386,-0.328447047,-9.176718780,2.654830,1,Solve_Succeeded,-8.690731699,20.877218974,-1.040834085586e-17
12.010000,0.091802220,-0.039696758,0.107964599,-0.321334189,-9.548891216,2.733167,1,Solve_Succeeded,-9.035440879,21.573528710,-1.387778780781e-17
12.020000,0.092949490,-0.043191555,0.113712650,-0.345257898,-9.548891216,2.733167,1,Solve_Succeeded,-9.035440879,21.573528710,-1.387778780781e-17
12.030000,0.094171626,-0.046978904,0.120938477,-0.373713308,-11.224436753,2.680443,1,Solve_Succeeded,-10.619620915,25.339871301,6.938893903907e-18
12.040000,0.095304883,-0.050659599,0.114467601,-0.368916089,-11.224436753,2.680443,1,Solve_Succeeded,-10.619620915,25.339871301,6.938893903907e-18
12.050000,0.096345379,-0.054232983,0.105612264,-0.359075115,-11.549909204,2.805910,1,Solve_Succeeded,-10.918233280,25.897265174,-2.081668171172e-17
12.060000,0.097343856,-0.057834371,0.100712406,-0.359979199,-11.549909204,2.805910,1,Solve_Succeeded,-10.918233280,25.897265174,-2.081668171172e-17
12.070000,0.098296738,-0.061463683,0.096101885,-0.362488427,-12.243970040,3.585726,1,Solve_Succeeded,-11.567498144,27.327326558,8.326672684689e-17
12.080000,0.099134596,-0.064956773,0.085633158,-0.351285879,-12.243970040,3.585726,1,Solve_Succeeded,-11.567498144,27.327326558,8.326672684689e-17
12.090000,0.099854519,-0.068314988,0.074038474,-0.338141172,-12.351218688,2.792313,1,Solve_Succeeded,-11.658575712,27.373915758,-5.551115123126e-17
12.100000,0.100502847,-0.071662047,0.066213608,-0.335221153,-12.351218688,2.792313,1,Solve_Succeeded,-11.658575712,27.373915758,-5.551115123126e-17
12.110000,0.101077325,-0.075000563,0.058762642,-0.334057105,-12.860223250,3.347688,1,Solve_Succeeded,-12.132067837,28.375711271,4.163336342344e-17
12.120000,0.101527581,-0.078213312,0.047086208,-0.323192215,-12.860223250,3.347688,1,Solve_Succeeded,-12.132067837,28.375711271,4.163336342344e-17
12.130000,0.101882369,-0.081379788,0.037219875,-0.317629292,-13.099545592,3.482478,1,Solve_Succeeded,-12.349204440,28.745260377,5.551115123126e-17
12.140000,0.102117854,-0.084448471,0.025599211,-0.308482453,-13.099545592,3.482478,1,Solve_Succeeded,-12.349204440,28.745260377,5.551115123126e-17
12.150000,0.102233469,-0.087425514,0.013667144,-0.299320978,-13.278339563,4.794273,1,Solve_Succeeded,-12.509130653,28.979809943,6.938893903907e-17
12.160000,0.102212135,-0.090275777,0.000236742,-0.287170501,-13.278339563,4.794273,1,Solve_Succeeded,-12.509130653,28.979809943,6.938893903907e-17
12.170000,0.102054349,-0.093007532,-0.013376316,-0.275274746,-13.307193927,3.316874,1,Solve_Succeeded,-12.527065887,28.872504068,4.857225732735e-17
12.180000,0.101758424,-0.095623336,-0.027160123,-0.263634550,-13.307193927,3.316874,1,Solve_Succeeded,-12.527065887,28.872504068,4.857225732735e-17
12.190000,0.101325987,-0.098133702,-0.040831087,-0.252926360,-13.337089354,3.082114,1,Solve_Succeeded,-12.546677613,28.780934226,3.469446951954e-17
12.200000,0.100756393,-0.100543227,-0.054540159,-0.242748572,-13.337089354,3.082114,1,Solve_Succeeded,-12.546677613,28.780934226,3.469446951954e-17
12.210000,0.100052409,-0.102864742,-0.068019699,-0.233741037,-13.402553532,3.170528,1,Solve_Succeeded,-12.600716404,28.784980730,-4.857225732735e-17
12.220000,0.099211142,-0.105096800,-0.081710660,-0.224786041,-13.402553532,3.170528,1,Solve_Succeeded,-12.600716404,28.784980730,-4.857225732735e-17
12.230000,0.098236505,-0.107254633,-0.095100764,-0.217133782,-13.496020015,3.029154,1,Solve_Succeeded,-12.681897801,28.865108663,0.000000000000e+00
12.240000,0.097124093,-0.109332642,-0.108820089,-0.209200817,-13.496020015,3.029154,1,Solve_Succeeded,-12.681897801,28.865108663,0.000000000000e+00
12.250000,0.095878982,-0.111348559,-0.122157482,-0.202733016,-13.613552246,3.153510,1,Solve_Succeeded,-12.786403856,29.010631080,-4.163336342344e-17
12.260000,0.094495650,-0.113293665,-0.135906828,-0.195744016,-13.613552246,3.153510,1,Solve_Succeeded,-12.786403856,29.010631080,-4.163336342344e-17
12.270000,0.092980357,-0.115188300,-0.149185965,-0.190405567,-13.755807972,3.156584,1,Solve_Succeeded,-12.914788891,29.221792925,-9.714451465470e-17
12.280000,0.091326428,-0.117020591,-0.162961844,-0.184305600,-13.755807972,3.156584,1,Solve_Succeeded,-12.914788891,29.221792925,-9.714451465470e-17
12.290000,0.089541334,-0.118813598,-0.176177203,-0.180051407,-13.923983391,3.469100,1,Solve_Succeeded,-13.068119896,29.500142450,2.775557561563e-17
12.300000,0.087617166,-0.120552138,-0.189980872,-0.174783606,-13.923983391,3.469100,1,Solve_Succeeded,-13.068119896,29.500142450,2.775557561563e-17
12.310000,0.085562639,-0.122262116,-0.203131960,-0.171565695,-14.119035992,3.405660,1,Solve_Succeeded,-13.247238046,29.846701472,-2.775557561563e-17
12.320000,0.083368550,-0.123924952,-0.216967367,-0.167075868,-14.119035992,3.405660,1,Solve_Succeeded,-13.247238046,29.846701472,-2.775557561563e-17
12.330000,0.081044897,-0.125569532,-0.230055562,-0.164850709,-14.341933302,3.587347,1,Solve_Succeeded,-13.452995223,30.262551473,2.775557561563e-17
12.340000,0.078581136,-0.127173798,-0.243928011,-0.161090163,-14.341933302,3.587347,1,Solve_Succeeded,-13.452995223,30.262551473,2.775557561563e-17
12.350000,0.075988592,-0.128769767,-0.256955487,-0.159820887,-14.593774199,3.930606,1,Solve_Succeeded,-13.686368932,30.749112087,-4.163336342344e-17
12.360000,0.073255319,-0.130331803,-0.270871551,-0.156746210,-14.593774199,3.930606,1,Solve_Succeeded,-13.686368932,30.749112087,-4.163336342344e-17
12.370000,0.070394018,-0.131895217,-0.283841315,-0.156402105,-14.875793852,3.803459,1,Solve_Succeeded,-13.948466457,31.308143713,4.163336342344e-17
12.380000,0.067391280,-0.133430679,-0.297808914,-0.153974615,-14.875793852,3.803459,1,Solve_Succeeded,-13.948466457,31.308143713,4.163336342344e-17
12.390000,0.064261238,-0.134976966,-0.310724856,-0.154530640,-15.189361117,3.311373,1,Solve_Succeeded,-14.240521787,31.941731914,-6.938893903907e-17
12.400000,0.060988950,-0.136500925,-0.324753253,-0.152716061,-15.189361117,3.311373,1,Solve_Succeeded,-14.240521787,31.941731914,-6.938893903907e-17
12.410000,0.057590043,-0.138044986,-0.337620113,-0.154152645,-15.535985917,3.199376,1,Solve_Succeeded,-14.563901950,32.652294579,-5.551115123126e-17
12.420000,0.054047962,-0.139572022,-0.351719900,-0.152920877,-15.535985917,3.199376,1,Solve_Succeeded,-14.563901950,32.652294579,-5.551115123126e-17
12.430000,0.050379900,-0.141128323,-0.364543219,-0.155223775,-15.917329899,3.013636,1,Solve_Succeeded,-14.920116374,33.442595791,-1.387778780781e-16
12.440000,0.046602384,-0.142758594,-0.375770369,-0.161856620,-15.917329899,3.013636,1,Solve_Succeeded,-14.920116374,33.442595791,-1.387778780781e-16
12.450000,0.042734398,-0.144513779,-0.385144360,-0.173469182,-16.680260455,3.235665,1,Solve_Succeeded,-15.637954473,35.116467530,6.938893903907e-17
12.460000,0.038723141,-0.146267716,-0.398728488,-0.175104987,-16.680260455,3.235665,1,Solve_Succeeded,-15.637954473,35.116467530,6.938893903907e-17
12.470000,0.034589171,-0.148075525,-0.411196741,-0.179929540,-17.221242358,3.607451,1,Solve_Succeeded,-16.144480468,36.260936356,1.110223024625e-16
12.480000,0.030302528,-0.149867679,-0.426044168,-0.179322511,-17.221242358,3.607451,1,Solve_Succeeded,-16.144480468,36.260936356,1.110223024625e-16
12.490000,0.025885619,-0.151703943,-0.439343824,-0.182980841,-17.702548033,3.214256,1,Solve_Succeeded,-16.594025388,37.260922032,2.775557561563e-16
12.500000,0.021358207,-0.153637643,-0.450731599,-0.191811630,-17.702548033,3.214256,1,Solve_Succeeded,-16.594025388,37.260922032,2.775557561563e-16
12.510000,0.016744928,-0.155734334,-0.459738474,-0.206990446,-18.653978381,3.511416,1,Solve_Succeeded,-17.488761063,39.345094412,8.326672684689e-17
12.520000,0.011980884,-0.157839068,-0.473904489,-0.209950984,-18.653978381,3.511416,1,Solve_Succeeded,-17.488761063,39.345094412,8.326672684689e-17
12.530000,0.007092594,-0.160022448,-0.486590361,-0.217079941,-19.347166597,3.052483,1,Solve_Succeeded,-18.137507135,40.811274180,4.163336342344e-17
12.540000,0.002041805,-0.162195567,-0.502305636,-0.217277110,-19.347166597,3.052483,1,Solve_Succeeded,-18.137507135,40.811274180,4.163336342344e-17
12.550000,-0.003142722,-0.164434694,-0.516030597,-0.222917353,-19.969333542,3.033812,1,Solve_Succeeded,-18.718275203,42.103070208,-1.526556658860e-16
12.560000,-0.008490133,-0.166673564,-0.531934574,-0.223741520,-19.969333542,3.033812,1,Solve_Succeeded,-18.718275203,42.103070208,-1.526556658860e-16
12.570000,-0.013969245,-0.168994524,-0.545514713,-0.230842854,-20.653381973,4.158131,1,Solve_Succeeded,-19.357099387,43.530105672,1.526556658860e-16
12.580000,-0.019612584,-0.171323249,-0.561510989,-0.232568047,-20.653381973,4.158131,1,Solve_Succeeded,-19.357099387,43.530105672,1.526556658860e-16
12.590000,-0.025386404,-0.173748550,-0.575001346,-0.241035780,-21.407630580,3.184905,1,Solve_Succeeded,-20.061695460,45.109202127,4.163336342344e-17
12.600000,-0.031327249,-0.176186541,-0.591221997,-0.243384660,-21.407630580,3.184905,1,Solve_Succeeded,-20.061695460,45.109202127,4.163336342344e-17
12.610000,-0.037398651,-0.178732929,-0.604752526,-0.252950614,-22.224636728,3.437726,1,Solve_Succeeded,-20.824835123,46.820578769,9.714451465470e-17
12.620000,-0.043640289,-0.181296503,-0.621252095,-0.255846420,-22.224636728,3.437726,1,Solve_Succeeded,-20.824835123,46.820578769,9.714451465470e-17
12.630000,-0.050012791,-0.183980336,-0.634850457,-0.266502781,-23.106284677,3.200689,1,Solve_Succeeded,-21.648129264,48.666171496,-8.326672684689e-17
12.640000,-0.056558951,-0.186685999,-0.651651170,-0.269956740,-23.106284677,3.200689,1,Solve_Succeeded,-21.648129264,48.666171496,-8.326672684689e-17
12.650000,-0.063236293,-0.189524440,-0.665321770,-0.281761039,-24.057873515,3.089811,1,Solve_Succeeded,-22.536401887,50.655564560,2.775557561563e-17
12.660000,-0.070091020,-0.192389365,-0.682450029,-0.285782756,-24.057873515,3.089811,1,Solve_Succeeded,-22.536401887,50.655564560,2.775557561563e-17
12.670000,-0.077077332,-0.195400151,-0.696204088,-0.298784260,-25.084795579,3.066990,1,Solve_Succeeded,-23.494534146,52.798169893,3.885780586188e-16
12.680000,-0.084245121,-0.198442025,-0.713692599,-0.303376908,-25.084795579,3.066990,1,Solve_Succeeded,-23.494534146,52.798169893,3.885780586188e-16
12.690000,-0.091545026,-0.201643389,-0.727545896,-0.317622474,-26.192569854,3.065180,1,Solve_Succeeded,-24.527491280,55.103249654,-4.163336342344e-17
12.700000,-0.099030896,-0.204880410,-0.745430829,-0.322790128,-26.192569854,3.065180,1,Solve_Succeeded,-24.527491280,55.103249654,-4.163336342344e-17
12.710000,-0.106649555,-0.208291158,-0.759400602,-0.338332088,-27.387205520,3.277924,1,Solve_Succeeded,-25.640660438,57.580678042,4.163336342344e-17
12.720000,-0.114459097,-0.211742114,-0.777721189,-0.344081104,-27.387205520,3.277924,1,Solve_Succeeded,-25.640660438,57.580678042,4.163336342344e-17
12.730000,-0.122402248,-0.215381712,-0.791825956,-0.360978003,-28.675311335,3.324062,1,Solve_Succeeded,-26.839945792,60.241088648,5.551115123126e-17
12.740000,-0.130541673,-0.219066059,-0.810625012,-0.367316185,-28.675311335,3.324062,1,Solve_Succeeded,-26.839945792,60.241088648,5.551115123126e-17
12.750000,-0.138815687,-0.222954702,-0.824884999,-0.385632086,-30.064137944,3.354810,1,Solve_Succeeded,-28.131798474,63.095845666,1.942890293094e-16
12.760000,-0.147291883,-0.226892622,-0.844209430,-0.392567979,-30.064137944,3.354810,1,Solve_Succeeded,-28.131798474,63.095845666,1.942890293094e-16
12.770000,-0.155903830,-0.231051292,-0.858646860,-0.412372143,-31.561641172,3.093931,1,Solve_Succeeded,-29.523264459,66.157039349,-1.110223024625e-16
12.780000,-0.164724431,-0.235263746,-0.878548142,-0.419914453,-31.561641172,3.093931,1,Solve_Succeeded,-29.523264459,66.157039349,-1.110223024625e-16
12.790000,-0.173682140,-0.239714264,-0.893187479,-0.441281162,-33.176564880,3.144073,1,Solve_Succeeded,-31.022048615,69.437496564,2.775557561563e-17
12.800000,-0.182855600,-0.244223039,-0.913722217,-0.449438076,-33.176564880,3.144073,1,Solve_Succeeded,-31.022048615,69.437496564,2.775557561563e-17
12.810000,-0.192167743,-0.248988105,-0.928590478,-0.472446343,-34.918536106,3.441048,1,Solve_Succeeded,-32.636587586,72.950783272,-1.387778780781e-16
12.820000,-0.201703419,-0.253815843,-0.949821062,-0.481224685,-34.918536106,3.441048,1,Solve_Succeeded,-32.636587586,72.950783272,-1.387778780781e-16
12.830000,-0.211379596,-0.258919068,-0.964948191,-0.505957845,-36.798147923,3.987617,1,Solve_Succeeded,-34.376107758,76.711135571,0.000000000000e+00
12.840000,-0.221287845,-0.264089291,-0.986943367,-0.515362554,-36.798147923,3.987617,1,Solve_Succeeded,-34.376107758,76.711135571,0.000000000000e+00
12.850000,-0.231338679,-0.269555219,-1.002362444,-0.541908278,-38.827225331,4.089129,1,Solve_Succeeded,-36.250851949,80.733754351,-1.665334536938e-16
12.860000,-0.241630971,-0.275092311,-1.025199108,-0.551939051,-38.827225331,4.089129,1,Solve_Succeeded,-36.250851949,80.733754351,-1.665334536938e-16
12.870000,-0.252068242,-0.280946372,-1.040947934,-0.580386097,-39.999926731,4.934820,1,Solve_Succeeded,-37.312351206,82.731809360,-1.387778780781e-16
12.880000,-0.262661329,-0.287105783,-1.056554585,-0.610607829,-39.999926731,4.934820,1,Solve_Succeeded,-37.312351206,82.731809360,-1.387778780781e-16
12.890000,-0.273307174,-0.293832502,-1.063380041,-0.663362293,-39.999979118,4.041518,1,Solve_Succeeded,-37.262512126,81.969617304,-5.551115123126e-17
12.900000,-0.283900308,-0.301394644,-1.059923411,-0.742286418,-39.999979118,4.041518,1,Solve_Succeeded,-37.262512126,81.969617304,-5.551115123126e-17
12.910000,-0.294333875,-0.310064403,-1.045841683,-0.848272443,-39.999992176,3.560167,1,Solve_Succeeded,-37.200903796,80.994285544,3.053113317719e-16
12.920000,-0.304500791,-0.320115578,-1.021064062,-0.981590807,-39.999992176,3.560167,1,Solve_Succeeded,-37.200903796,80.994285544,3.053113317719e-16
12.930000,-0.318384256,-0.322128022,-1.333254187,-0.318296311,-39.999451381,5.542727,1,Solve_Succeeded,-37.139104637,80.218632018,-1.942890293094e-16
12.940000,-0.335981428,-0.316119117,-1.695747711,0.463012438,-39.999451381,5.542727,1,Solve_Succeeded,-37.139104637,80.218632018,-1.942890293094e-16
12.950000,-0.357295480,-0.302049937,-2.066056576,1.265332229,-3.714000443,2.712782,1,Solve_Succeeded,-3.126799847,0.167280838,0.000000000000e+00
12.960000,-0.378923096,-0.287962706,-2.148255866,1.387214401,-3.714000443,2.712782,1,Solve_Succeeded,-3.126799847,0.167280838,0.000000000000e+00
12.970000,-0.400866070,-0.273817197,-2.187391214,1.410450437,1.497431499,3.670179,1,Solve_Succeeded,1.741374977,-10.811006714,0.000000000000e+00
12.980000,-0.422635095,-0.260753273,-2.178475777,1.322001171,1.497431499,3.670179,1,Solve_Succeeded,1.741374977,-10.811006714,0.000000000000e+00
12.990000,-0.444230911,-0.248739487,-2.162415688,1.219471931,-0.832275497,2.793069,1,Solve_Succeeded,-0.475359068,-4.880378652,2.775557561563e-17
13.000000,-0.465874230,-0.237214204,-2.164044540,1.162569872,-0.832275497,2.793069,1,Solve_Succeeded,-0.475359068,-4.880378652,2.775557561563e-17
13.010000,-0.487566237,-0.226146652,-2.168427213,1.115127347,-1.759067647,5.283504,1,Solve_Succeeded,-1.375257835,-2.146106870,0.000000000000e+00
13.020000,-0.509395735,-0.215293914,-2.180771443,1.089751889,-1.759067647,5.283504,1,Solve_Succeeded,-1.375257835,-2.146106870,0.000000000000e+00
13.030000,-0.531364045,-0.204625942,-2.194422084,1.070240389,-6.012694948,4.013801,1,Solve_Succeeded,-5.428310270,8.294930269,-4.163336342344e-17
13.040000,-0.553875164,-0.193128588,-2.242608384,1.137811187,-6.012694948,4.013801,1,Solve_Succeeded,-5.428310270,8.294930269,-4.163336342344e-17
13.050000,-0.576931061,-0.180766386,-2.296142498,1.221458773,-4.863384724,4.292130,1,Solve_Succeeded,-4.378658975,6.352036159,-1.387778780781e-17
13.060000,-0.600424891,-0.167769040,-2.341396964,1.287993284,-4.863384724,4.292130,1,Solve_Succeeded,-4.378658975,6.352036159,-1.387778780781e-17
13.070000,-0.624358687,-0.154097831,-2.385582179,1.355251756,-3.287708691,4.887994,1,Solve_Succeeded,-2.924646064,3.456824621,0.000000000000e+00
13.080000,-0.648585025,-0.140081168,-2.417076030,1.394704115,-3.287708691,4.887994,1,Solve_Succeeded,-2.924646064,3.456824621,0.000000000000e+00
13.090000,-0.673105872,-0.125678771,-2.446833411,1.433409335,-2.362744724,4.464632,1,Solve_Succeeded,-2.085855110,2.097014829,0.000000000000e+00
13.100000,-0.697835363,-0.111067029,-2.469031745,1.457009483,-2.362744724,4.464632,1,Solve_Succeeded,-2.085855110,2.097014829,0.000000000000e+00
13.110000,-0.722775444,-0.096204673,-2.490261710,1.481851701,-1.581959640,4.098140,1,Solve_Succeeded,-1.382796476,1.084019501,-6.938893903907e-18
13.120000,-0.747853846,-0.081234317,-2.505203403,1.494757982,-1.581959640,4.098140,1,Solve_Succeeded,-1.382796476,1.084019501,-6.938893903907e-18
13.130000,-0.773072501,-0.066114142,-2.519366140,1.509428547,-0.800689867,4.022041,1,Solve_Succeeded,-0.678351089,0.071824505,0.000000000000e+00
13.140000,-0.798359015,-0.050987177,-2.527258610,1.512206357,-0.800689867,4.022041,1,Solve_Succeeded,-0.678351089,0.071824505,0.000000000000e+00
13.150000,-0.823715305,-0.035811452,-2.534373443,1.516767526,-0.059903567,4.138852,1,Solve_Succeeded,-0.011665228,-0.848001561,0.000000000000e+00
13.160000,-0.849072773,-0.020720858,-2.535540820,1.510215642,-0.059903567,4.138852,1,Solve_Succeeded,-0.011665228,-0.848001561,0.000000000000e+00
13.170000,-0.874433322,-0.005673628,-2.535977835,1.505546914,0.627103487,4.065139,1,Solve_Succeeded,0.604350139,-1.648164715,-3.035766082959e-18
13.180000,-0.899733441,0.009208558,-2.530906760,1.490817843,0.627103487,4.065139,1,Solve_Succeeded,0.604350139,-1.648164715,-3.035766082959e-18
13.190000,-0.924975020,0.023966952,-2.525170238,1.478086141,1.266372774,4.014409,1,Solve_Succeeded,1.175240610,-2.346916816,-6.938893903907e-18
13.200000,-0.950099077,0.038490553,-2.514320378,1.456219061,1.266372774,4.014409,1,Solve_Succeeded,1.175240610,-2.346916816,-6.938893903907e-18
13.210000,-0.975107490,0.052819812,-2.502863157,1.436419836,1.861413311,4.003505,1,Solve_Succeeded,1.704247634,-2.956588326,-1.387778780781e-17
13.220000,-0.999945483,0.066853449,-2.486658861,1.408322105,1.861413311,4.003505,1,Solve_Succeeded,1.704247634,-2.956588326,-1.387778780781e-17
13.230000,-1.024614915,0.080630833,-2.469900542,1.382325943,2.412840511,4.540834,1,Solve_Succeeded,2.191976823,-3.482939148,-2.081668171172e-17
13.240000,-1.049065160,0.094060094,-2.448755942,1.348836110,2.412840511,4.540834,1,Solve_Succeeded,2.191976823,-3.482939148,-2.081668171172e-17
13.250000,-1.073298050,0.107179250,-2.427109014,1.317453712,2.920565193,4.709511,1,Solve_Succeeded,2.638482702,-3.930447806,0.000000000000e+00
13.260000,-1.097267112,0.119905654,-2.401436603,1.279362384,2.920565193,4.709511,1,Solve_Succeeded,2.638482702,-3.930447806,0.000000000000e+00
13.270000,-1.120974135,0.132275706,-2.375312431,1.243358764,3.384048319,3.915072,1,Solve_Succeeded,3.043500161,-4.302891969,0.000000000000e+00
13.280000,-1.144376838,0.144215860,-2.345526673,1.201416937,3.384048319,3.915072,1,Solve_Succeeded,3.043500161,-4.302891969,0.000000000000e+00
13.290000,-1.167476954,0.155760644,-2.315338825,1.161519104,3.802203471,4.166498,1,Solve_Succeeded,3.406332248,-4.603019968,1.387778780781e-17
13.300000,-1.190236477,0.166845590,-2.281860333,1.116448316,3.802203471,4.166498,1,Solve_Succeeded,3.406332248,-4.603019968,1.387778780781e-17
13.310000,-1.212657065,0.177503107,-2.248028971,1.073356203,4.173529821,4.809541,1,Solve_Succeeded,3.725951826,-4.832711454,-2.775557561563e-17
13.320000,-1.234705108,0.187677864,-2.211287984,1.025857792,4.173529821,4.809541,1,Solve_Succeeded,3.725951826,-4.832711454,-2.775557561563e-17
13.330000,-1.256382168,0.197399925,-2.174243308,0.980253799,4.496376020,4.220361,1,Solve_Succeeded,4.001223809,-4.993396902,-1.387778780781e-17
13.340000,-1.277659164,0.206623175,-2.134681149,0.931014347,4.496376020,4.220361,1,Solve_Succeeded,4.001223809,-4.993396902,-1.387778780781e-17
13.350000,-1.298537546,0.215375135,-2.094864646,0.883568787,4.769250019,7.017974,1,Solve_Succeeded,4.231168726,-5.086547186,0.000000000000e+00
13.360000,-1.318992874,0.223618964,-2.052932608,0.833260764,4.769250019,7.017974,1,Solve_Succeeded,4.231168726,-5.086547186,0.000000000000e+00
13.370000,-1.339026472,0.231379473,-2.010795688,0.784632401,4.943209434,5.561611,1,Solve_Succeeded,4.369935480,-5.004058275,2.775557561563e-17
13.380000,-1.358623141,0.238640072,-1.967336262,0.734845710,4.943209434,5.561611,1,Solve_Succeeded,4.369935480,-5.004058275,2.775557561563e-17
13.390000,-1.377784062,0.245422741,-1.923778712,0.686753785,4.805587326,5.464070,1,Solve_Succeeded,4.217173934,-4.263523919,2.775557561563e-17
13.400000,-1.396523330,0.251779505,-1.881404575,0.643337933,4.805587326,5.464070,1,Solve_Succeeded,4.217173934,-4.263523919,2.775557561563e-17
13.410000,-1.414841962,0.257729538,-1.839294409,0.602253505,4.796927120,4.875018,1,Solve_Succeeded,4.189260633,-3.871860908,2.775557561563e-17
13.420000,-1.432741725,0.263292763,-1.797374040,0.563212140,4.796927120,4.875018,1,Solve_Succeeded,4.189260633,-3.871860908,2.775557561563e-17
13.430000,-1.450223505,0.268485956,-1.755557394,0.525903268,4.893401971,5.339073,1,Solve_Succeeded,4.263048509,-3.765818867,0.000000000000e+00
13.440000,-1.467279030,0.273302879,-1.713053261,0.488323956,4.893401971,5.339073,1,Solve_Succeeded,4.263048509,-3.765818867,0.000000000000e+00
13.450000,-1.483909071,0.277758101,-1.670511409,0.451942413,5.020931575,5.691364,1,Solve_Succeeded,4.368345796,-3.773339394,0.000000000000e+00
13.460000,-1.500102320,0.281836241,-1.627002958,0.414433310,5.020931575,5.691364,1,Solve_Succeeded,4.368345796,-3.773339394,0.000000000000e+00
13.470000,-1.515859436,0.285549684,-1.583405284,0.377807680,5.113993092,6.103909,1,Solve_Succeeded,4.443395963,-3.746188286,-5.551115123126e-17
13.480000,-1.531172251,0.288888711,-1.539100066,0.340488415,5.113993092,6.103909,1,Solve_Succeeded,4.443395963,-3.746188286,-5.551115123126e-17
13.490000,-1.546041305,0.291863490,-1.494734576,0.303929434,5.115534736,5.763028,1,Solve_Succeeded,4.434599947,-3.556932499,0.000000000000e+00
13.500000,-1.560466932,0.294482731,-1.450388475,0.268224964,5.115534736,5.763028,1,Solve_Succeeded,4.434599947,-3.556932499,0.000000000000e+00
13.510000,-1.574449553,0.296754411,-1.406081104,0.233326502,5.213697161,6.087368,1,Solve_Succeeded,4.519022545,-3.628163497,0.000000000000e+00
13.520000,-1.587980300,0.298663391,-1.361025601,0.197262249,5.213697161,6.087368,1,Solve_Succeeded,4.519022545,-3.628163497,0.000000000000e+00
13.530000,-1.601059480,0.300215499,-1.315884169,0.161518586,5.267240712,6.645551,1,Solve_Succeeded,4.563720939,-3.642267067,2.775557561563e-17
13.540000,-1.613682310,0.301403463,-1.270323144,0.125204718,5.267240712,6.645551,1,Solve_Succeeded,4.563720939,-3.642267067,2.775557561563e-17
13.550000,-1.625848982,0.302230914,-1.224715592,0.089114029,5.214549199,6.700036,1,Solve_Succeeded,4.510841295,-3.462235238,2.775557561563e-17
13.560000,-1.637564585,0.302712192,-1.179533640,0.054275746,5.214549199,6.700036,1,Solve_Succeeded,4.510841295,-3.462235238,2.775557561563e-17
13.570000,-1.648829198,0.302848763,-1.134422112,0.019749901,5.262926213,6.629005,1,Solve_Succeeded,4.555277582,-3.551630464,0.000000000000e+00
13.580000,-1.659638292,0.302630197,-1.088936349,-0.015615678,5.262926213,6.629005,1,Solve_Succeeded,4.555277582,-3.551630464,0.000000000000e+00
13.590000,-1.669991833,0.302055817,-1.043391439,-0.051164581,5.235835948,6.145751,1,Solve_Succeeded,4.531031394,-3.515053919,2.775557561563e-17
13.600000,-1.679892275,0.301129935,-0.998046274,-0.086374661,5.235835948,6.145751,1,Solve_Succeeded,4.531031394,-3.515053919,2.775557561563e-17
13.610000,-1.689339468,0.299849713,-0.952718328,-0.121775071,5.135701508,6.627484,1,Solve_Succeeded,4.440367381,-3.357762690,2.775557561563e-17
13.620000,-1.698342622,0.298233699,-0.908175869,-0.155627514,5.135701508,6.627484,1,Solve_Succeeded,4.440367381,-3.357762690,2.775557561563e-17
13.630000,-1.706901479,0.296276960,-0.863729159,-0.189666903,5.112604396,5.983123,1,Solve_Succeeded,4.424327384,-3.414751925,0.000000000000e+00
13.640000,-1.715017895,0.293978716,-0.819454774,-0.223800745,5.112604396,5.983123,1,Solve_Succeeded,4.424327384,-3.414751925,0.000000000000e+00
13.650000,-1.722691503,0.291331961,-0.775174859,-0.258544355,4.995738372,5.794412,1,Solve_Succeeded,4.322233475,-3.302315960,-2.775557561563e-17
13.660000,-1.729932874,0.288354931,-0.731792840,-0.291829138,4.995738372,5.794412,1,Solve_Succeeded,4.322233475,-3.302315960,-2.775557561563e-17
13.670000,-1.736741536,0.285038588,-0.688505162,-0.325663539,4.852811929,6.008594,1,Solve_Succeeded,4.197647549,-3.170871718,0.000000000000e+00
13.680000,-1.743130416,0.281405109,-0.646330565,-0.357695243,4.852811929,6.008594,1,Solve_Succeeded,4.197647549,-3.170871718,0.000000000000e+00
13.690000,-1.749098940,0.277443511,-0.604274137,-0.390390144,4.715915154,5.951887,1,Solve_Succeeded,4.080642116,-3.090705470,2.775557561563e-17
13.700000,-1.754659379,0.273172791,-0.563278438,-0.421569725,4.715915154,5.951887,1,Solve_Succeeded,4.080642116,-3.090705470,2.775557561563e-17
13.710000,-1.759811064,0.268580093,-0.522384939,-0.453614752,4.505160289,6.514381,1,Solve_Succeeded,3.895827957,-2.879173859,2.775557561563e-17
13.720000,-1.764573141,0.263699427,-0.483134306,-0.482898830,4.505160289,6.514381,1,Solve_Succeeded,3.895827957,-2.879173859,2.775557561563e-17
13.730000,-1.768944856,0.258516195,-0.444065932,-0.513009571,4.291740426,6.669538,1,Solve_Succeeded,3.710047554,-2.694190218,2.775557561563e-17
13.740000,-1.772945540,0.253063497,-0.406668018,-0.540430727,4.291740426,6.669538,1,Solve_Succeeded,3.710047554,-2.694190218,2.775557561563e-17
13.750000,-1.776574359,0.247325127,-0.369449879,-0.568826120,3.929504028,6.457543,1,Solve_Succeeded,3.385147079,-2.198906986,0.000000000000e+00
13.760000,-1.779864637,0.241366825,-0.335091052,-0.591779534,3.929504028,6.457543,1,Solve_Succeeded,3.385147079,-2.198906986,0.000000000000e+00
13.770000,-1.782815483,0.235171065,-0.301085616,-0.615406521,3.720254285,6.105365,1,Solve_Succeeded,3.205592951,-2.076532010,0.000000000000e+00
13.780000,-1.785445744,0.228767625,-0.268735021,-0.636603392,3.720254285,6.105365,1,Solve_Succeeded,3.205592951,-2.076532010,0.000000000000e+00
13.790000,-1.787754474,0.222137765,-0.236552282,-0.659028605,3.101316760,6.193780,1,Solve_Succeeded,2.639566129,-1.032390002,0.000000000000e+00
13.800000,-1.789799222,0.215404645,-0.209286399,-0.671169533,3.101316760,6.193780,1,Solve_Succeeded,2.639566129,-1.032390002,0.000000000000e+00
13.810000,-1.791579034,0.208548879,-0.182677005,-0.683415558,2.742213155,6.926931,1,Solve_Succeeded,2.319053778,-0.593687111,-1.387778780781e-17
13.820000,-1.793126922,0.201633738,-0.158972025,-0.690299276,2.742213155,6.926931,1,Solve_Succeeded,2.319053778,-0.593687111,-1.387778780781e-17
13.830000,-1.794441923,0.194639467,-0.135620896,-0.698057908,2.369809095,6.006319,1,Solve_Succeeded,1.985790398,-0.127143358,0.000000000000e+00
13.840000,-1.795558331,0.187632482,-0.115237818,-0.700302476,2.369809095,6.006319,1,Solve_Succeeded,1.985790398,-0.127143358,0.000000000000e+00
13.850000,-1.796475186,0.180592911,-0.095218358,-0.703408865,1.908738389,5.958566,1,Solve_Succeeded,1.568110569,0.547874556,0.000000000000e+00
13.860000,-1.797235221,0.173608128,-0.078885732,-0.699217904,1.908738389,5.958566,1,Solve_Succeeded,1.568110569,0.547874556,0.000000000000e+00
13.870000,-1.797837498,0.166658496,-0.063026412,-0.695601360,1.282912487,6.431372,1,Solve_Succeeded,0.993345095,1.617652939,0.000000000000e+00
13.880000,-1.798340438,0.159870626,-0.052203798,-0.681309147,1.282912487,6.431372,1,Solve_Succeeded,0.993345095,1.617652939,0.000000000000e+00
13.890000,-1.798743153,0.153225647,-0.042061366,-0.667019615,1.384528592,7.005128,1,Solve_Succeeded,1.107467129,1.005824268,-1.387778780781e-17
13.900000,-1.799035125,0.146681248,-0.031126809,-0.656326848,1.384528592,7.005128,1,Solve_Succeeded,1.107467129,1.005824268,-1.387778780781e-17
13.910000,-1.799215478,0.140219138,-0.019999088,-0.647728404,0.282899301,6.762749,1,Solve_Succeeded,0.078820150,3.228912495,-1.387778780781e-17
13.920000,-1.799387954,0.134079892,-0.017660269,-0.618995153,0.282899301,6.762749,1,Solve_Succeeded,0.078820150,3.228912495,-1.387778780781e-17
13.930000,-1.799551772,0.128246668,-0.016573561,-0.588673310,0.761666956,5.449438,1,Solve_Succeeded,0.548994181,1.773450225,0.000000000000e+00
13.940000,-1.799660701,0.122590774,-0.011744998,-0.569051978,0.761666956,5.449438,1,Solve_Succeeded,0.548994181,1.773450225,0.000000000000e+00
13.950000,-1.799713990,0.117096495,-0.006291327,-0.552371554,0.095624176,7.216644,1,Solve_Succeeded,-0.069172673,3.033610002,1.387778780781e-17
13.960000,-1.799774204,0.111905535,-0.006061941,-0.524087288,0.095624176,7.216644,1,Solve_Succeeded,-0.069172673,3.033610002,1.387778780781e-17
13.970000,-1.799840669,0.107003601,-0.006558809,-0.495277495,0.428533052,7.089421,1,Solve_Succeeded,0.260507723,1.969525532,0.000000000000e+00
13.980000,-1.799881093,0.102298587,-0.004419851,-0.474217844,0.428533052,7.089421,1,Solve_Succeeded,0.260507723,1.969525532,0.000000000000e+00
13.990000,-1.799894846,0.097777428,-0.001831985,-0.455431165,0.065354115,5.781617,1,Solve_Succeeded,-0.072496116,2.571689461,0.000000000000e+00
14.000000,-1.799915856,0.093513393,-0.002060657,-0.430757688,0.065354115,5.781617,1,Solve_Succeeded,-0.072496116,2.571689461,0.000000000000e+00
14.010000,-1.799943556,0.089494684,-0.002663558,-0.406203917,0.262003351,5.931197,1,Solve_Succeeded,0.125593285,1.877116069,6.938893903907e-18
14.020000,-1.799958703,0.085663648,-0.001687038,-0.386568621,0.262003351,5.931197,1,Solve_Succeeded,0.125593285,1.877116069,6.938893903907e-18
14.030000,-1.799960779,0.082009635,-0.000429535,-0.368576353,0.064805644,6.689701,1,Solve_Succeeded,-0.051875565,2.135912361,0.000000000000e+00
14.040000,-1.799968048,0.078569172,-0.000682293,-0.347725879,0.064805644,6.689701,1,Solve_Succeeded,-0.051875565,2.135912361,0.000000000000e+00
14.050000,-1.799980044,0.075332705,-0.001122017,-0.327258555,0.171065732,11.684256,1,Solved_To_Acceptable_Level,0.058266296,1.698647613,-2.589541012177e-10
14.060000,-1.799986218,0.072266067,-0.000693074,-0.309753027,0.171065732,11.684256,1,Solved_To_Acceptable_Level,0.058266296,1.698647613,-2.589541012177e-10
14.070000,-1.799986151,0.069360720,-0.000098232,-0.293417443,0.076497752,6.579623,1,Solve_Succeeded,-0.023569246,1.756537757,0.000000000000e+00
14.080000,-1.799988443,0.066630990,-0.000209606,-0.276039625,0.076497752,6.579623,1,Solve_Succeeded,-0.023569246,1.756537757,0.000000000000e+00
14.090000,-1.799992722,0.064069281,-0.000395168,-0.259151255,0.115004750,10.014912,1,Solve_Succeeded,0.020315311,1.517853755,-2.787428621254e-11
14.100000,-1.799994972,0.061659325,-0.000250517,-0.243718947,0.115004750,10.014912,1,Solve_Succeeded,0.020315311,1.517853755,-2.787428621254e-11
14.110000,-1.799994862,0.059394405,-0.000028174,-0.229075997,0.076908823,7.290877,1,Solve_Succeeded,-0.009518442,1.477903537,6.938893903907e-18
14.120000,-1.799995704,0.057277246,-0.000075862,-0.214319956,0.076908823,7.290877,1,Solve_Succeeded,-0.009518442,1.477903537,6.938893903907e-18
14.130000,-1.799997209,0.055301944,-0.000139263,-0.200048634,0.088325415,5.236420,1,Solve_Succeeded,0.006983729,1.336671146,0.000000000000e+00
14.140000,-1.799998016,0.053460282,-0.000089498,-0.186548564,0.088325415,5.236420,1,Solve_Succeeded,0.006983729,1.336671146,0.000000000000e+00
14.150000,-1.799997872,0.051747122,-0.000001134,-0.173600923,0.070631971,6.155203,1,Solve_Succeeded,-0.004949865,1.279468311,-3.469446951954e-18
14.160000,-1.799998222,0.050161882,-0.000030001,-0.160785503,0.070631971,6.155203,1,Solve_Succeeded,-0.004949865,1.279468311,-3.469446951954e-18
14.170000,-1.799998850,0.048700140,-0.000057810,-0.148365941,0.074452545,6.352080,1,Solve_Succeeded,0.002900702,1.185338665,0.000000000000e+00
14.180000,-1.799999187,0.047356907,-0.000037344,-0.136429677,0.074452545,6.352080,1,Solve_Succeeded,0.002900702,1.185338665,0.000000000000e+00
14.190000,-1.799999048,0.046128434,0.000006186,-0.124884678,0.064678321,6.115093,1,Solve_Succeeded,-0.002841584,1.136732041,6.938893903907e-18
14.200000,-1.799999194,0.045013611,-0.000011432,-0.113492665,0.064678321,6.115093,1,Solve_Succeeded,-0.002841584,1.136732041,6.938893903907e-18
14.210000,-1.799999469,0.044009324,-0.000025078,-0.102388210,0.065867954,5.799884,1,Solve_Succeeded,0.001229251,1.074716025,0.000000000000e+00
14.220000,-1.799999620,0.043112488,-0.000016652,-0.091589318,0.065867954,5.799884,1,Solve_Succeeded,0.001229251,1.074716025,0.000000000000e+00
14.230000,-1.799999524,0.042320596,0.000005670,-0.081049194,0.060386935,5.577993,1,Solve_Succeeded,-0.001644825,1.040555043,0.000000000000e+00
14.240000,-1.799999592,0.041632739,-0.000004925,-0.070625263,0.060386935,5.577993,1,Solve_Succeeded,-0.001644825,1.040555043,0.000000000000e+00
14.250000,-1.799999729,0.041046994,-0.000012333,-0.060382092,0.060898125,6.374573,1,Solve_Succeeded,0.000610455,1.003754739,-3.469446951954e-18
14.260000,-1.799999803,0.040561604,-0.000008207,-0.050315453,0.060898125,6.374573,1,Solve_Succeeded,0.000610455,1.003754739,-3.469446951954e-18
14.270000,-1.799999749,0.040175213,0.000003387,-0.040390567,0.058063939,6.244728,1,Solve_Succeeded,-0.000876631,0.986126187,-3.469446951954e-18
14.280000,-1.799999782,0.039887414,-0.000002267,-0.030521483,0.058063939,6.244728,1,Solve_Succeeded,-0.000876631,0.986126187,-3.469446951954e-18
14.290000,-1.799999861,0.039697404,-0.000007106,-0.020729114,0.058731443,7.026982,1,Solve_Succeeded,0.000422554,0.971188493,-3.469446951954e-18
14.300000,-1.799999898,0.039604492,-0.000004174,-0.011006852,0.058731443,7.026982,1,Solve_Succeeded,0.000422554,0.971188493,-3.469446951954e-18
14.310000,-1.799999878,0.039608420,0.000001023,-0.001317164,0.057812377,5.584991,1,Solve_Succeeded,-0.000329255,0.970886261,0.000000000000e+00
14.320000,-1.799999891,0.039709417,-0.000000924,0.008387139,0.057812377,5.584991,1,Solve_Succeeded,-0.000329255,0.970886261,0.000000000000e+00
14.330000,-1.799999950,0.039907765,-0.000005135,0.018117637,0.058912410,9.913462,1,Solve_Succeeded,0.000301177,0.976640654,3.469446951954e-18
14.340000,-1.799999978,0.040203757,-0.000003129,0.027876981,0.058912410,9.913462,1,Solve_Succeeded,0.000301177,0.976640654,3.469446951954e-18
14.350000,-1.800000015,0.040598221,-0.000003687,0.037710970,0.059967677,17.108613,1,Solve_Succeeded,0.000345304,0.993431509,3.653848057450e-13
14.360000,-1.800000018,0.041092008,-0.000000752,0.047628557,0.059967677,17.108613,1,Solve_Succeeded,0.000345304,0.993431509,3.653848057450e-13
14.370000,-1.800000053,0.041686498,-0.000003126,0.057675977,0.061521449,11.955992,1,Solve_Succeeded,0.000311424,1.020153906,-1.067737911975e-11
14.380000,-1.800000056,0.042382984,-0.000000745,0.067852709,0.061521449,11.955992,1,Solve_Succeeded,0.000311424,1.020153906,-1.067737911975e-11
14.390000,-1.800000124,0.043183412,-0.000005875,0.078214257,0.108153984,17.766599,1,Solve_Succeeded,0.042624618,0.951224931,-5.019502175019e-12
14.400000,-1.799995928,0.044078943,0.000355762,0.087852237,0.108153984,17.766599,1,Solve_Succeeded,0.042624618,0.951224931,-5.019502175019e-12
14.410000,-1.799987594,0.045072078,0.000761837,0.097594340,0.671356728,4.094943,1,Solve_Succeeded,0.576143852,-0.333507791,-3.469446951954e-18
14.420000,-1.799921643,0.046031849,0.005720085,0.096219654,0.671356728,4.094943,1,Solve_Succeeded,0.576143852,-0.333507791,-3.469446951954e-18
14.430000,-1.799798211,0.046960937,0.011349702,0.093405504,0.766132500,2.809208,1,Solve_Succeeded,0.663716705,-0.505606954,0.000000000000e+00
14.440000,-1.799608407,0.047839446,0.017835823,0.088684027,0.766132500,2.809208,1,Solve_Succeeded,0.663716705,-0.505606954,0.000000000000e+00
14.450000,-1.799352353,0.048669837,0.024439929,0.083885838,0.740894129,3.179268,1,Solve_Succeeded,0.637292669,-0.397746554,3.469446951954e-18
14.460000,-1.799032569,0.049460432,0.030847611,0.079783492,0.740894129,3.179268,1,Solve_Succeeded,0.637292669,-0.397746554,3.469446951954e-18
14.470000,-1.798649166,0.050213450,0.037216398,0.075974047,0.736190652,2.850542,1,Solve_Succeeded,0.630649437,-0.343287519,0.000000000000e+00
14.480000,-1.798202698,0.050932119,0.043532313,0.072482974,0.736190652,2.850542,1,Solve_Succeeded,0.630649437,-0.343287519,0.000000000000e+00
14.490000,-1.797693264,0.051618455,0.049831728,0.069210991,0.744820202,3.718001,1,Solve_Succeeded,0.636892770,-0.324370255,0.000000000000e+00
14.500000,-1.797120140,0.052272334,0.056190306,0.065961369,0.744820202,3.718001,1,Solve_Succeeded,0.636892770,-0.324370255,0.000000000000e+00
14.510000,-1.796483417,0.052895590,0.062549962,0.062870973,0.752990845,3.008818,1,Solve_Succeeded,0.642878637,-0.307947044,6.938893903907e-18
14.520000,-1.795782406,0.053488032,0.068968455,0.059788195,0.752990845,3.008818,1,Solve_Succeeded,0.642878637,-0.307947044,6.938893903907e-18
14.530000,-1.795017189,0.054051321,0.075388711,0.056847788,0.759026004,2.678121,1,Solve_Succeeded,0.647002121,-0.289857740,-6.938893903907e-18
14.540000,-1.794187271,0.054585604,0.081851345,0.053941272,0.759026004,2.678121,1,Solve_Succeeded,0.647002121,-0.289857740,-6.938893903907e-18
14.550000,-1.793292726,0.055092381,0.088313966,0.051167205,0.763927312,2.623781,1,Solve_Succeeded,0.650207249,-0.272292081,-6.938893903907e-18
14.560000,-1.792333160,0.055571909,0.094810198,0.048434949,0.763927312,2.623781,1,Solve_Succeeded,0.650207249,-0.272292081,-6.938893903907e-18
14.570000,-1.791308640,0.056025533,0.101305756,0.045823277,0.768065052,2.910417,1,Solve_Succeeded,0.652837003,-0.255939854,0.000000000000e+00
14.580000,-1.790218835,0.056453543,0.107829282,0.043254375,0.768065052,2.910417,1,Solve_Succeeded,0.652837003,-0.255939854,0.000000000000e+00
14.590000,-1.789063806,0.056857140,0.114351902,0.040793919,0.771456344,2.853929,1,Solve_Succeeded,0.654898751,-0.240663604,0.000000000000e+00
14.600000,-1.787843285,0.057236652,0.120897013,0.038377546,0.771456344,2.853929,1,Solve_Succeeded,0.654898751,-0.240663604,0.000000000000e+00
14.610000,-1.786557327,0.057593141,0.127440975,0.036058256,0.774111316,4.216005,1,Solve_Succeeded,0.656393802,-0.226321175,-6.938893903907e-18
14.620000,-1.785205729,0.057926979,0.134001996,0.033784966,0.774111316,4.216005,1,Solve_Succeeded,0.656393802,-0.226321175,-6.938893903907e-18
14.630000,-1.783788538,0.058239102,0.140561597,0.031598159,0.776068142,2.786276,1,Solve_Succeeded,0.657350679,-0.212847308,0.000000000000e+00
14.640000,-1.782305610,0.058529920,0.147133098,0.029459268,0.776068142,2.786276,1,Solve_Succeeded,0.657350679,-0.212847308,0.000000000000e+00
14.650000,-1.780756987,0.058800249,0.153702919,0.027396892,0.777368131,2.736790,1,Solve_Succeeded,0.657801363,-0.200193607,0.000000000000e+00
14.660000,-1.779142583,0.059050540,0.160279784,0.025384220,0.777368131,2.736790,1,Solve_Succeeded,0.657801363,-0.200193607,0.000000000000e+00
14.670000,-1.777462433,0.059281493,0.166854723,0.023438670,0.778048429,2.799712,1,Solve_Succeeded,0.657774312,-0.188310664,0.000000000000e+00
14.680000,-1.775716504,0.059493596,0.173432126,0.021544526,0.778048429,2.799712,1,Solve_Succeeded,0.657774312,-0.188310664,0.000000000000e+00
14.690000,-1.773904827,0.059687443,0.180007373,0.019708654,0.778143139,3.088321,1,Solve_Succeeded,0.657295511,-0.177150208,0.000000000000e+00
14.700000,-1.772027419,0.059863555,0.186580753,0.017925824,0.778143139,3.088321,1,Solve_Succeeded,0.657295511,-0.177150208,0.000000000000e+00
14.710000,-1.770084306,0.060022426,0.193151755,0.016192932,0.777684307,2.921412,1,Solve_Succeeded,0.656389382,-0.166666930,0.000000000000e+00
14.720000,-1.768075553,0.060164611,0.199716796,0.014514655,0.777684307,2.921412,1,Solve_Succeeded,0.656389382,-0.166666930,0.000000000000e+00
14.730000,-1.766001179,0.060290508,0.206279250,0.012878466,0.776702122,2.916198,1,Solve_Succeeded,0.655078944,-0.156818461,0.000000000000e+00
14.740000,-1.763861297,0.060400704,0.212831871,0.011298405,0.776702122,2.916198,1,Solve_Succeeded,0.655078944,-0.156818461,0.000000000000e+00
14.750000,-1.761655922,0.060495507,0.219381705,0.009753033,0.775224968,2.677084,1,Solve_Succeeded,0.653385850,-0.147565054,-6.938893903907e-18
14.760000,-1.759385207,0.060575534,0.225918042,0.008265248,0.775224968,2.677084,1,Solve_Succeeded,0.653385850,-0.147565054,-6.938893903907e-18
14.770000,-1.757049163,0.060641009,0.232451401,0.006805179,0.773279533,3.708216,1,Solve_Succeeded,0.651330458,-0.138869397,0.000000000000e+00
14.780000,-1.754647986,0.060692578,0.238967796,0.005404101,0.773279533,3.708216,1,Solve_Succeeded,0.651330458,-0.138869397,0.000000000000e+00
14.790000,-1.752181681,0.060730384,0.245481033,0.004024167,0.770890914,2.616417,1,Solve_Succeeded,0.648931921,-0.130696477,-6.938893903907e-18
14.800000,-1.749650483,0.060755101,0.251974022,0.002704579,0.770890914,2.616417,1,Solve_Succeeded,0.648931921,-0.130696477,-6.938893903907e-18
14.810000,-1.747054394,0.060766798,0.258463680,0.001399937,0.768082729,2.642771,1,Solve_Succeeded,0.646208267,-0.123013449,0.000000000000e+00
14.820000,-1.744393683,0.060766174,0.264929982,0.000156948,0.768082729,2.642771,1,Solve_Succeeded,0.646208267,-0.123013449,0.000000000000e+00
14.830000,-1.741668350,0.060753228,0.271392788,-0.001076939,0.764877206,2.683346,1,Solve_Succeeded,0.643176469,-0.115789508,-6.938893903907e-18
14.840000,-1.738878698,0.060728682,0.277829292,-0.002247912,0.764877206,2.683346,1,Solve_Succeeded,0.643176469,-0.115789508,-6.938893903907e-18
14.850000,-1.736024725,0.060692469,0.284262143,-0.003415295,0.761295274,3.255134,1,Solve_Succeeded,0.639852517,-0.108995764,0.000000000000e+00
14.860000,-1.733106765,0.060645337,0.290665900,-0.004518545,0.761295274,3.255134,1,Solve_Succeeded,0.639852517,-0.108995764,0.000000000000e+00
14.870000,-1.730124813,0.060587153,0.297065854,-0.005623406,0.757356649,2.769411,1,Solve_Succeeded,0.636251480,-0.102605130,0.000000000000e+00
14.880000,-1.727079234,0.060518689,0.303434068,-0.006662959,0.757356649,2.769411,1,Solve_Succeeded,0.636251480,-0.102605130,0.000000000000e+00
14.890000,-1.723970020,0.060439752,0.309798336,-0.007709028,0.753079909,2.808596,1,Solve_Succeeded,0.632387563,-0.096592213,6.938893903907e-18
14.900000,-1.720797565,0.060351137,0.316128353,-0.008688652,0.753079909,2.808596,1,Solve_Succeeded,0.632387563,-0.096592213,6.938893903907e-18
14.910000,-1.717561859,0.060252594,0.322454288,-0.009679425,0.748482569,2.902398,1,Solve_Succeeded,0.628274166,-0.090933209,-6.938893903907e-18
14.920000,-1.714263324,0.060144939,0.328743592,-0.010602653,0.748482569,2.902398,1,Solve_Succeeded,0.628274166,-0.090933209,-6.938893903907e-18
14.930000,-1.710901946,0.060027868,0.335028683,-0.011541402,0.743581147,2.990099,1,Solve_Succeeded,0.623923936,-0.085605808,0.000000000000e+00
14.940000,-1.707478175,0.059902217,0.341274884,-0.012411544,0.743581147,2.990099,1,Solve_Succeeded,0.623923936,-0.085605808,0.000000000000e+00
14.950000,-1.703991992,0.059767633,0.347516746,-0.013301335,0.738391229,2.738808,1,Solve_Succeeded,0.619348813,-0.080589103,0.000000000000e+00
14.960000,-1.700443874,0.059624971,0.353717574,-0.014121491,0.738391229,2.738808,1,Solve_Succeeded,0.619348813,-0.080589103,0.000000000000e+00
14.970000,-1.696833800,0.059473830,0.359913944,-0.014965195,0.732927530,2.719169,1,Solve_Succeeded,0.614560076,-0.075863502,0.000000000000e+00
14.980000,-1.693162268,0.059315083,0.366067244,-0.015738271,0.732927530,2.719169,1,Solve_Succeeded,0.614560076,-0.075863502,0.000000000000e+00
14.990000,-1.689429258,0.059148285,0.372215972,-0.016538576,0.727203948,2.920380,1,Solve_Succeeded,0.609568387,-0.071410650,6.938893903907e-18
15.000000,-1.685635290,0.058974326,0.378319696,-0.017267294,0.727203948,2.920380,1,Solve_Succeeded,0.609568387,-0.071410650,6.938893903907e-18
15.010000,-1.681780339,0.058792719,0.384418740,-0.018026720,0.721233614,2.619530,1,Solve_Succeeded,0.604383828,-0.067213351,0.000000000000e+00
15.020000,-1.677864950,0.058604371,0.390470943,-0.018713628,0.721233614,2.619530,1,Solve_Succeeded,0.604383828,-0.067213351,0.000000000000e+00
15.030000,-1.673889094,0.058408753,0.396518360,-0.019434533,0.715028948,2.673874,1,Solve_Succeeded,0.599015940,-0.063255493,6.938893903907e-18
15.040000,-1.669853336,0.058206790,0.402517192,-0.020082022,0.715028948,2.673874,1,Solve_Succeeded,0.599015940,-0.063255493,6.938893903907e-18
15.050000,-1.665757647,0.057997916,0.408511139,-0.020766614,0.708601695,2.988414,1,Solve_Succeeded,0.593473758,-0.059521990,0.000000000000e+00
15.060000,-1.661602610,0.057783070,0.414454842,-0.021376921,0.708601695,2.988414,1,Solve_Succeeded,0.593473758,-0.059521990,0.000000000000e+00
15.070000,-1.657388194,0.057561649,0.420393564,-0.022027270,0.701962976,3.854849,1,Solve_Succeeded,0.587765841,-0.055998707,0.000000000000e+00
15.080000,-1.653115001,0.057334609,0.426280466,-0.022602492,0.701962976,3.854849,1,Solve_Succeeded,0.587765841,-0.055998707,0.000000000000e+00
15.090000,-1.648782998,0.057101313,0.432162296,-0.023220534,0.695123323,2.963359,1,Solve_Succeeded,0.581900303,-0.052672410,-6.938893903907e-18
15.100000,-1.644392804,0.056862730,0.437990806,-0.023762637,0.695123323,2.963359,1,Solve_Succeeded,0.581900303,-0.052672410,-6.938893903907e-18
15.110000,-1.639944386,0.056618192,0.443814158,-0.024350185,0.688092719,2.726052,1,Solve_Succeeded,0.575884844,-0.049530703,0.000000000000e+00
15.120000,-1.635438379,0.056368680,0.449582765,-0.024861010,0.688092719,2.726052,1,Solve_Succeeded,0.575884844,-0.049530703,0.000000000000e+00
15.130000,-1.630874747,0.056113496,0.455346130,-0.025419764,0.680880630,2.583740,1,Solve_Succeeded,0.569726772,-0.046561980,6.938893903907e-18
15.140000,-1.626254141,0.055853637,0.461053396,-0.025901034,0.680880630,2.583740,1,Solve_Succeeded,0.569726772,-0.046561980,6.938893903907e-18
15.150000,-1.621576525,0.055588373,0.466755338,-0.026432585,0.673496040,2.851499,1,Solve_Succeeded,0.563433030,-0.043755373,6.938893903907e-18
15.160000,-1.616842566,0.055318714,0.472399894,-0.026885919,0.673496040,2.851499,1,Solve_Succeeded,0.563433030,-0.043755373,6.938893903907e-18
15.170000,-1.612052224,0.055043904,0.478039050,-0.027391755,0.665947481,2.838210,1,Solve_Succeeded,0.557010221,-0.041100708,6.938893903907e-18
15.180000,-1.607206180,0.054764964,0.483619594,-0.027818667,0.665947481,2.838210,1,Solve_Succeeded,0.557010221,-0.041100708,6.938893903907e-18
15.190000,-1.602304395,0.054481112,0.489194665,-0.028300184,0.658243061,2.893315,1,Solve_Succeeded,0.550464625,-0.038588458,0.000000000000e+00
15.200000,-1.597347562,0.054193382,0.494709958,-0.028702094,0.658243061,2.893315,1,Solve_Succeeded,0.550464625,-0.038588458,0.000000000000e+00
15.210000,-1.592335642,0.053900967,0.500219708,-0.029160598,0.650390491,3.097465,1,Solve_Succeeded,0.543802223,-0.036209705,0.000000000000e+00
15.220000,-1.587269341,0.053604911,0.505668573,-0.029538837,0.650390491,3.097465,1,Solve_Succeeded,0.543802223,-0.036209705,0.000000000000e+00
15.230000,-1.582148617,0.053304385,0.511111827,-0.029975551,0.642397111,2.766213,1,Solve_Succeeded,0.537028713,-0.033956101,0.000000000000e+00
15.240000,-1.576974189,0.053000443,0.516493143,-0.030331366,0.642397111,2.766213,1,Solve_Succeeded,0.537028713,-0.033956101,0.000000000000e+00
15.250000,-1.571746014,0.052692234,0.521868784,-0.030747438,0.634269910,2.823486,1,Solve_Succeeded,0.530149532,-0.031819830,-3.469446951954e-18
15.260000,-1.566464824,0.052380824,0.527181484,-0.031081998,0.634269910,2.823486,1,Solve_Succeeded,0.530149532,-0.031819830,-3.469446951954e-18
15.270000,-1.561130575,0.052065339,0.532488449,-0.031478499,0.626015553,2.773490,1,Solve_Succeeded,0.523169866,-0.029793579,0.000000000000e+00
15.280000,-1.555744007,0.051746856,0.537731521,-0.031792901,0.626015553,2.773490,1,Solve_Succeeded,0.523169866,-0.029793579,0.000000000000e+00
15.290000,-1.550305077,0.051424480,0.542968798,-0.032170838,0.617640395,2.703078,1,Solve_Succeeded,0.516094672,-0.027870501,3.469446951954e-18
15.300000,-1.544814536,0.051099298,0.548141277,-0.032466108,0.617640395,2.703078,1,Solve_Succeeded,0.516094672,-0.027870501,3.469446951954e-18
15.310000,-1.539272339,0.050770398,0.553307906,-0.032826422,0.609150507,2.595960,1,Solve_Succeeded,0.508928688,-0.026044187,-3.469446951954e-18
15.320000,-1.533679249,0.050438874,0.558408877,-0.033103526,0.609150507,2.595960,1,Solve_Succeeded,0.508928688,-0.026044187,-3.469446951954e-18
15.330000,-1.528035218,0.050103796,0.563503944,-0.033447099,0.600551689,3.366752,1,Solve_Succeeded,0.501676449,-0.024308641,6.938893903907e-18
15.340000,-1.522341019,0.049766268,0.568532538,-0.033706939,0.600551689,3.366752,1,Solve_Succeeded,0.501676449,-0.024308641,6.938893903907e-18
15.350000,-1.516596603,0.049425344,0.573555175,-0.034034598,0.591849486,2.613950,1,Solve_Succeeded,0.494342295,-0.022658249,-3.469446951954e-18
15.360000,-1.510802753,0.049082134,0.578510564,-0.034278023,0.591849486,2.613950,1,Solve_Succeeded,0.494342295,-0.022658249,-3.469446951954e-18
15.370000,-1.504959419,0.048735678,0.583459948,-0.034590542,0.583049209,2.760803,1,Solve_Succeeded,0.486930392,-0.021087760,-3.469446951954e-18
15.380000,-1.499067392,0.048387092,0.588341347,-0.034818346,0.583049209,2.760803,1,Solve_Succeeded,0.486930392,-0.021087760,-3.469446951954e-18
15.390000,-1.493126621,0.048035402,0.593216695,-0.035116451,0.574155945,3.448393,1,Solve_Succeeded,0.479444731,-0.019592258,3.469446951954e-18
15.400000,-1.487137905,0.047681732,0.598023361,-0.035329381,0.574155945,3.448393,1,Solve_Succeeded,0.479444731,-0.019592258,3.469446951954e-18
15.410000,-1.481101194,0.047325093,0.602823932,-0.035613751,0.565174572,2.941847,1,Solve_Succeeded,0.471889150,-0.018167143,-3.469446951954e-18
15.420000,-1.475017293,0.046966617,0.607555159,-0.035812507,0.565174572,2.941847,1,Solve_Succeeded,0.471889150,-0.018167143,-3.469446951954e-18
15.430000,-1.468886153,0.046605300,0.612280248,-0.036083779,0.556109770,2.681649,1,Solve_Succeeded,0.464267335,-0.016808111,0.000000000000e+00
15.440000,-1.462708584,0.046242283,0.616935367,-0.036269019,0.556109770,2.681649,1,Solve_Succeeded,0.464267335,-0.016808111,0.000000000000e+00
15.450000,-1.456484537,0.045876549,0.621584309,-0.036527791,0.546966038,2.571233,1,Solve_Succeeded,0.456582832,-0.015511136,0.000000000000e+00
15.460000,-1.450214831,0.045509243,0.626162688,-0.036700132,0.546966038,2.571233,1,Solve_Succeeded,0.456582832,-0.015511136,0.000000000000e+00
15.470000,-1.443899414,0.045139338,0.630734851,-0.036946963,0.537747698,2.746213,1,Solve_Succeeded,0.448839057,-0.014272449,0.000000000000e+00
15.480000,-1.437539112,0.044767986,0.635235891,-0.037106984,0.537747698,2.746213,1,Solve_Succeeded,0.448839057,-0.014272449,0.000000000000e+00
15.490000,-1.431133873,0.044394146,0.639730680,-0.037342399,0.528458912,3.012482,1,Solve_Succeeded,0.441039302,-0.013088525,0.000000000000e+00
15.500000,-1.424684529,0.044018978,0.644153816,-0.037490644,0.528458912,3.012482,1,Solve_Succeeded,0.441039302,-0.013088525,0.000000000000e+00
15.510000,-1.418191028,0.043641431,0.648570666,-0.037715136,0.519103687,2.642466,1,Solve_Succeeded,0.433186743,-0.011956065,0.000000000000e+00
15.520000,-1.411654207,0.043262668,0.652915364,-0.037852116,0.519103687,2.642466,1,Solve_Succeeded,0.433186743,-0.011956065,0.000000000000e+00
15.530000,-1.405074014,0.042881629,0.657253745,-0.038066146,0.509685887,2.740934,1,Solve_Succeeded,0.425284445,-0.010871982,0.000000000000e+00
15.540000,-1.398451291,0.042499483,0.661519504,-0.038192342,0.509685887,2.740934,1,Solve_Succeeded,0.425284445,-0.010871982,0.000000000000e+00
15.550000,-1.391785985,0.042115159,0.665778914,-0.038396342,0.500209242,2.768823,1,Solve_Succeeded,0.417335372,-0.009833389,0.000000000000e+00
15.560000,-1.385078945,0.041729833,0.669965260,-0.038512206,0.500209242,2.768823,1,Solve_Succeeded,0.417335372,-0.009833389,0.000000000000e+00
15.570000,-1.378330116,0.041342424,0.674145229,-0.038706583,0.490677351,3.381438,1,Solve_Succeeded,0.409342390,-0.008837586,0.000000000000e+00
15.580000,-1.371540352,0.040954111,0.678251718,-0.038812539,0.490677351,3.381438,1,Solve_Succeeded,0.409342390,-0.008837586,0.000000000000e+00
15.590000,-1.364709599,0.040563808,0.682351804,-0.038997674,0.481093695,2.676367,1,Solve_Succeeded,0.401308274,-0.007882044,0.000000000000e+00
15.600000,-1.357838714,0.040172697,0.686378021,-0.039094121,0.481093695,2.676367,1,Solve_Succeeded,0.401308274,-0.007882044,0.000000000000e+00
15.610000,-1.350927642,0.039779682,0.690397809,-0.039270372,0.471461643,3.435357,1,Solve_Succeeded,0.393235714,-0.006964401,-3.469446951954e-18
15.620000,-1.343977245,0.039385951,0.694343364,-0.039357686,0.471461643,3.435357,1,Solve_Succeeded,0.393235714,-0.006964401,-3.469446951954e-18
15.630000,-1.336987469,0.038990401,0.698282468,-0.039525388,0.461784456,2.728208,1,Solve_Succeeded,0.385127316,-0.006082445,0.000000000000e+00
15.640000,-1.329959180,0.038594223,0.702146999,-0.039603924,0.461784456,2.728208,1,Solve_Succeeded,0.385127316,-0.006082445,0.000000000000e+00
15.650000,-1.322892321,0.038196308,0.706005057,-0.039763392,0.452065295,2.693290,1,Solve_Succeeded,0.376985612,-0.005234106,0.000000000000e+00
15.660000,-1.315787762,0.037797849,0.709788227,-0.039833482,0.452065295,2.693290,1,Solve_Succeeded,0.376985612,-0.005234106,0.000000000000e+00
15.670000,-1.308645448,0.037397732,0.713564903,-0.039985013,0.442307225,2.656988,1,Solve_Succeeded,0.368813061,-0.004417451,0.000000000000e+00
15.680000,-1.301466252,0.036997153,0.717266399,-0.040046971,0.442307225,2.656988,1,Solve_Succeeded,0.368813061,-0.004417451,0.000000000000e+00
15.690000,-1.294250118,0.036594990,0.720961382,-0.040190843,0.432513223,2.646992,1,Solve_Succeeded,0.360612053,-0.003630668,0.000000000000e+00
15.700000,-1.286997921,0.036192445,0.724580916,-0.040244964,0.432513223,2.646992,1,Solve_Succeeded,0.360612053,-0.003630668,0.000000000000e+00
15.710000,-1.279709606,0.035788390,0.728193920,-0.040381439,0.422686182,2.733285,1,Solve_Succeeded,0.352384914,-0.002872066,0.000000000000e+00
15.720000,-1.272386052,0.035384028,0.731731226,-0.040428002,0.422686182,2.733285,1,Solve_Succeeded,0.352384914,-0.002872066,0.000000000000e+00
15.730000,-1.265027201,0.034978226,0.735261986,-0.040557326,0.412828915,2.713868,1,Solve_Succeeded,0.344133909,-0.002140060,0.000000000000e+00
15.740000,-1.257633936,0.034572191,0.738716822,-0.040596594,0.412828915,2.713868,1,Solve_Succeeded,0.344133909,-0.002140060,0.000000000000e+00
15.750000,-1.250206200,0.034164785,0.742165099,-0.040718998,0.402944157,2.663292,1,Solve_Succeeded,0.335861246,-0.001433169,3.469446951954e-18
15.760000,-1.242744877,0.033757216,0.745537244,-0.040751219,0.402944157,2.663292,1,Solve_Succeeded,0.335861246,-0.001433169,3.469446951954e-18
15.770000,-1.235249909,0.033348343,0.748902818,-0.040866920,0.393034574,2.634547,1,Solve_Succeeded,0.327569075,-0.000750009,0.000000000000e+00
15.780000,-1.227722184,0.032939375,0.752192075,-0.040892329,0.393034574,2.634547,1,Solve_Succeeded,0.327569075,-0.000750009,0.000000000000e+00
15.790000,-1.220161644,0.032529167,0.755474749,-0.041001532,0.383102765,2.867284,1,Solve_Succeeded,0.319259499,-0.000089283,0.000000000000e+00
15.800000,-1.212569176,0.032118930,0.758680939,-0.041020351,0.383102765,2.867284,1,Solve_Succeeded,0.319259499,-0.000089283,0.000000000000e+00
15.810000,-1.204944724,0.031707516,0.761880536,-0.041123249,0.373151263,3.563025,1,Solve_Succeeded,0.310934569,0.000550219,0.000000000000e+00
15.820000,-1.197289178,0.031296137,0.765003503,-0.041135685,0.373151263,3.563025,1,Solve_Succeeded,0.310934569,0.000550219,0.000000000000e+00
15.830000,-1.189602480,0.030883642,0.768119869,-0.041232460,0.363182541,3.128904,1,Solve_Succeeded,0.302596289,0.001169632,0.000000000000e+00
15.840000,-1.181885521,0.030471243,0.771159475,-0.041238713,0.363182541,3.128904,1,Solve_Succeeded,0.302596289,0.001169632,0.000000000000e+00
15.850000,-1.174138244,0.030057788,0.774192474,-0.041329536,0.353199016,2.651083,1,Solve_Succeeded,0.294246619,0.001770015,0.000000000000e+00
15.860000,-1.166361542,0.029644489,0.777148603,-0.041329794,0.353199016,2.651083,1,Solve_Succeeded,0.294246619,0.001770015,0.000000000000e+00
15.870000,-1.158555355,0.029230191,0.780098118,-0.041414826,0.343203047,2.643720,1,Solve_Succeeded,0.285887478,0.002352357,0.000000000000e+00
15.880000,-1.150720579,0.028816108,0.782970673,-0.041409265,0.343203047,2.643720,1,Solve_Succeeded,0.285887478,0.002352357,0.000000000000e+00
15.890000,-1.142857156,0.028401082,0.785836608,-0.041488660,0.333196944,2.686873,1,Solve_Succeeded,0.277520744,0.002917587,3.469446951954e-18
15.900000,-1.134965979,0.027986327,0.788625508,-0.041477448,0.333196944,2.686873,1,Solve_Succeeded,0.277520744,0.002917587,3.469446951954e-18
15.910000,-1.127046991,0.027570683,0.791407787,-0.041551349,0.323182966,2.640537,1,Solve_Succeeded,0.269148256,0.003466571,-3.469446951954e-18
15.920000,-1.119101088,0.027155366,0.794112972,-0.041534647,0.323182966,2.640537,1,Solve_Succeeded,0.269148256,0.003466571,-3.469446951954e-18
15.930000,-1.111128210,0.026739213,0.796811534,-0.041603190,0.313163326,2.710392,1,Solve_Succeeded,0.260771818,0.004000117,3.469446951954e-18
15.940000,-1.103129255,0.026323441,0.799432962,-0.041581149,0.313163326,2.710392,1,Solve_Succeeded,0.260771818,0.004000117,3.469446951954e-18
15.950000,-1.095104163,0.025906884,0.802047765,-0.041644463,0.303140190,2.656326,1,Solve_Succeeded,0.252393198,0.004518984,0.000000000000e+00
15.960000,-1.087053830,0.025490760,0.804585411,-0.041617227,0.303140190,2.656326,1,Solve_Succeeded,0.252393198,0.004518984,0.000000000000e+00
15.970000,-1.078978199,0.025073903,0.807116434,-0.041675433,0.293115683,3.529194,1,Solve_Succeeded,0.244014132,0.005023880,0.000000000000e+00
15.980000,-1.070878166,0.024657529,0.809570291,-0.041643140,0.293115683,3.529194,1,Solve_Succeeded,0.244014132,0.005023880,0.000000000000e+00
15.990000,-1.062753672,0.024240471,0.812017526,-0.041696353,0.283091889,2.789455,1,Solve_Succeeded,0.235636322,0.005515466,0.000000000000e+00
16.000000,-1.054605614,0.023823945,0.814387603,-0.041659133,0.283091889,2.789455,1,Solve_Succeeded,0.235636322,0.005515466,0.000000000000e+00
16.010000,-1.046433932,0.023406786,0.816751062,-0.041707463,0.273070852,2.626467,1,Solve_Succeeded,0.227261443,0.005994362,0.000000000000e+00
16.020000,-1.038239524,0.022990205,0.819037386,-0.041665439,0.273070852,2.626467,1,Solve_Succeeded,0.227261443,0.005994362,0.000000000000e+00
16.030000,-1.030022330,0.022573039,0.821317096,-0.041708990,0.263054580,2.742169,1,Solve_Succeeded,0.218891138,0.006461145,0.000000000000e+00
16.040000,-1.021783246,0.022156498,0.823519710,-0.041662282,0.263054580,2.742169,1,Solve_Succeeded,0.218891138,0.006461145,0.000000000000e+00
16.050000,-1.013522213,0.021739418,0.825715716,-0.041701151,0.253045042,2.564369,1,Solve_Succeeded,0.210527023,0.006916356,0.000000000000e+00
16.060000,-1.005240127,0.021323010,0.827834679,-0.041649871,0.253045042,2.564369,1,Solve_Succeeded,0.210527023,0.006916356,0.000000000000e+00
16.070000,-0.996936929,0.020906108,0.829947041,-0.041684153,0.243044177,3.235892,1,Solve_Succeeded,0.202170686,0.007360500,0.000000000000e+00
16.080000,-0.988613513,0.020489922,0.831982429,-0.041628410,0.243044177,3.235892,1,Solve_Succeeded,0.202170686,0.007360500,0.000000000000e+00
16.090000,-0.980269820,0.020073288,0.834011222,-0.041658193,0.233053888,2.815226,1,Solve_Succeeded,0.193823691,0.007794049,0.000000000000e+00
16.100000,-0.971906745,0.019657413,0.835963126,-0.041598089,0.233053888,2.815226,1,Solve_Succeeded,0.193823691,0.007794049,0.000000000000e+00
16.110000,-0.963524227,0.019241133,0.837908443,-0.041623457,0.223076047,2.861264,1,Solve_Succeeded,0.185487576,0.008217445,0.000000000000e+00
16.120000,-0.955123160,0.018825656,0.839776969,-0.041559093,0.223076047,2.861264,1,Solve_Succeeded,0.185487576,0.008217445,0.000000000000e+00
16.130000,-0.946703485,0.018409818,0.841638918,-0.041580127,0.213112495,2.578668,1,Solve_Succeeded,0.177163855,0.008631100,-1.734723475977e-18
16.140000,-0.938266093,0.017994823,0.843424186,-0.041511597,0.213112495,2.578668,1,Solve_Succeeded,0.177163855,0.008631100,-1.734723475977e-18
16.150000,-0.929810925,0.017579509,0.845202890,-0.041528374,0.203165044,2.823864,1,Solve_Succeeded,0.168854019,0.009035398,0.000000000000e+00
16.160000,-0.921338871,0.017165080,0.846905038,-0.041455768,0.203165044,2.823864,1,Solve_Succeeded,0.168854019,0.009035398,0.000000000000e+00
16.170000,-0.912849872,0.016750374,0.848600632,-0.041468363,0.193235479,2.683564,1,Solve_Succeeded,0.160559537,0.009430699,0.000000000000e+00
16.180000,-0.904344817,0.016336591,0.850219811,-0.041391769,0.193235479,2.683564,1,Solve_Succeeded,0.160559537,0.009430699,0.000000000000e+00
16.190000,-0.895823647,0.015922574,0.851832450,-0.041400250,0.183325553,2.656638,1,Solve_Succeeded,0.152281854,0.009817339,0.000000000000e+00
16.200000,-0.887287247,0.015509518,0.853368825,-0.041319753,0.183325553,2.656638,1,Solve_Succeeded,0.152281854,0.009817339,0.000000000000e+00
16.210000,-0.878735561,0.015096269,0.854898674,-0.041324188,0.173436999,2.542360,1,Solve_Succeeded,0.144022398,0.010195632,-1.734723475977e-18
16.220000,-0.870169471,0.014684019,0.856352425,-0.041239869,0.173436999,2.542360,1,Solve_Succeeded,0.144022398,0.010195632,-1.734723475977e-18
16.230000,-0.861588920,0.014271615,0.857799666,-0.041240323,0.163571518,2.653500,1,Solve_Succeeded,0.135782572,0.010565870,0.000000000000e+00
16.240000,-0.852994790,0.013860248,0.859170987,-0.041152259,0.163571518,2.653500,1,Solve_Succeeded,0.135782572,0.010565870,0.000000000000e+00
16.250000,-0.844387024,0.013448766,0.860535814,-0.041148793,0.153730790,3.223931,1,Solve_Succeeded,0.127563763,0.010928328,0.000000000000e+00
16.260000,-0.835766500,0.013038357,0.861824914,-0.041057060,0.153730790,3.223931,1,Solve_Succeeded,0.127563763,0.010928328,0.000000000000e+00
16.270000,-0.827133161,0.012627873,0.863107536,-0.041049735,0.143916469,2.751689,1,Solve_Succeeded,0.119367337,0.011283259,0.000000000000e+00
16.280000,-0.818487884,0.012218497,0.864314635,-0.040954406,0.143916469,2.751689,1,Solve_Succeeded,0.119367337,0.011283259,0.000000000000e+00
16.290000,-0.809830613,0.011809084,0.865515276,-0.040943277,0.134130187,2.627984,1,Solve_Succeeded,0.111194641,0.011630903,8.673617379884e-19
16.300000,-0.801162221,0.011400814,0.866640610,-0.040844423,0.134130187,2.627984,1,Solve_Succeeded,0.111194641,0.011630903,8.673617379884e-19
16.310000,-0.792482651,0.010992545,0.867759505,-0.040829547,0.124373551,3.324412,1,Solve_Succeeded,0.103047004,0.011971482,0.000000000000e+00
16.320000,-0.783792776,0.010585453,0.868803322,-0.040727236,0.124373551,3.324412,1,Solve_Succeeded,0.103047004,0.011971482,0.000000000000e+00
16.330000,-0.775092538,0.010178399,0.869840720,-0.040708665,0.114648146,3.482052,1,Solve_Succeeded,0.094925737,0.012305202,0.000000000000e+00
16.340000,-0.766382807,0.009772556,0.870803282,-0.040602963,0.114648146,3.482052,1,Solve_Succeeded,0.094925737,0.012305202,0.000000000000e+00
16.350000,-0.757663525,0.009366788,0.871759447,-0.040580750,0.104955538,2.645578,1,Solve_Succeeded,0.086832134,0.012632258,0.000000000000e+00
16.360000,-0.748935559,0.008962263,0.872641028,-0.040471721,0.104955538,2.645578,1,Solve_Succeeded,0.086832134,0.012632258,0.000000000000e+00
16.370000,-0.740198852,0.008557849,0.873516234,-0.040445914,0.095297267,2.766454,1,Solve_Succeeded,0.078767472,0.012952829,8.673617379884e-19
16.380000,-0.731454268,0.008154711,0.874317122,-0.040333622,0.095297267,2.766454,1,Solve_Succeeded,0.078767472,0.012952829,8.673617379884e-19
16.390000,-0.722701749,0.007751720,0.875111658,-0.040304270,0.085674857,2.713435,1,Solve_Succeeded,0.070733009,0.013267083,-8.673617379884e-19
16.400000,-0.713942156,0.007350036,0.875832153,-0.040188775,0.085674857,2.713435,1,Solve_Succeeded,0.070733009,0.013267083,-8.673617379884e-19
16.410000,-0.705175432,0.006948535,0.876546320,-0.040155926,0.076089806,3.293183,1,Solve_Succeeded,0.062729990,0.013575177,8.673617379884e-19
16.420000,-0.696402435,0.006548371,0.877186733,-0.040037287,0.076089806,3.293183,1,Solve_Succeeded,0.062729990,0.013575177,8.673617379884e-19
16.430000,-0.687623107,0.006148426,0.877820844,-0.040000985,0.066543598,2.748095,1,Solve_Succeeded,0.054759640,0.013877257,0.000000000000e+00
16.440000,-0.678838303,0.005749848,0.878381501,-0.039879261,0.066543598,2.748095,1,Solve_Succeeded,0.054759640,0.013877257,0.000000000000e+00
16.450000,-0.670047966,0.005351522,0.878935882,-0.039839550,0.057037694,2.570912,1,Solve_Succeeded,0.046823174,0.014173456,-4.336808689942e-19
16.460000,-0.661252945,0.004954595,0.879417119,-0.039714797,0.057037694,2.570912,1,Solve_Succeeded,0.046823174,0.014173456,-4.336808689942e-19
16.470000,-0.652453186,0.004557953,0.879892107,-0.039671722,0.047573534,3.394867,1,Solve_Succeeded,0.038921782,0.014463905,0.000000000000e+00
16.480000,-0.643649534,0.004162739,0.880294274,-0.039543995,0.047573534,3.394867,1,Solve_Succeeded,0.038921782,0.014463905,0.000000000000e+00
16.490000,-0.634841933,0.003767845,0.880690220,-0.039497597,0.038152541,3.460776,1,Solve_Succeeded,0.031056647,0.014748721,-4.336808689942e-19
16.500000,-0.626031225,0.003374406,0.881013676,-0.039366951,0.038152541,3.460776,1,Solve_Succeeded,0.031056647,0.014748721,-4.336808689942e-19
16.510000,-0.617217356,0.002981321,0.881330940,-0.039317272,0.028776120,2.677970,1,Solve_Succeeded,0.023228934,0.015028011,0.000000000000e+00
16.520000,-0.608401163,0.002589719,0.881576059,-0.039183760,0.028776120,2.677970,1,Solve_Succeeded,0.023228934,0.015028011,0.000000000000e+00
16.530000,-0.599582591,0.002198504,0.881815016,-0.039130839,0.019445657,2.657723,1,Solve_Succeeded,0.015439791,0.015301877,0.000000000000e+00
16.540000,-0.590762474,0.001808799,0.881982181,-0.038994513,0.019445657,2.657723,1,Solve_Succeeded,0.015439791,0.015301877,0.000000000000e+00
16.550000,-0.581940758,0.001419514,0.882143213,-0.038938391,0.010162519,2.623323,1,Solve_Succeeded,0.007690353,0.015570415,1.084202172486e-19
16.560000,-0.573118271,0.001031767,0.882232820,-0.038799302,0.010162519,2.623323,1,Solve_Succeeded,0.007690353,0.015570415,1.084202172486e-19
16.570000,-0.564294961,0.000644471,0.882316325,-0.038740017,0.000928054,3.217357,1,Solve_Succeeded,-0.000018259,0.015833711,5.421010862428e-20
16.580000,-0.555471651,0.000258739,0.882328779,-0.038598215,0.000928054,3.217357,1,Solve_Succeeded,-0.000018259,0.015833711,5.421010862428e-20
16.590000,-0.546648288,-0.000126509,0.882335165,-0.038535806,-0.008256406,2.675120,1,Solve_Succeeded,-0.007684940,0.016091848,1.355252715607e-20
16.600000,-0.537825693,-0.000510167,0.882270884,-0.038391342,-0.008256406,2.675120,1,Solve_Succeeded,-0.007684940,0.016091848,1.355252715607e-20
16.610000,-0.529003811,-0.000893310,0.882200568,-0.038325846,-0.017389548,3.361413,1,Solve_Succeeded,-0.015308600,0.016344901,0.000000000000e+00
16.620000,-0.520183459,-0.001274838,0.882059981,-0.038178767,-0.017389548,3.361413,1,Solve_Succeeded,-0.015308600,0.016344901,0.000000000000e+00
16.630000,-0.511364584,-0.001655819,0.881913392,-0.038110222,-0.026470075,2.707747,1,Solve_Succeeded,-0.022888162,0.016592939,0.000000000000e+00
16.640000,-0.502547997,-0.002035161,0.881696938,-0.037960577,-0.026470075,2.707747,1,Solve_Succeeded,-0.022888162,0.016592939,0.000000000000e+00
16.650000,-0.493733644,-0.002413925,0.881474517,-0.037889018,-0.035496709,3.411294,1,Solve_Succeeded,-0.030422563,0.016836029,0.000000000000e+00
16.660000,-0.484922333,-0.002791025,0.881182646,-0.037736856,-0.035496709,3.411294,1,Solve_Succeeded,-0.030422563,0.016836029,0.000000000000e+00
16.670000,-0.476114010,-0.003167517,0.880884843,-0.037662320,-0.044468189,2.758895,1,Solve_Succeeded,-0.037910756,0.017074229,0.000000000000e+00
16.680000,-0.467309477,-0.003542321,0.880518015,-0.037507686,-0.044468189,2.758895,1,Solve_Succeeded,-0.037910756,0.017074229,0.000000000000e+00
16.690000,-0.458508682,-0.003916486,0.880145292,-0.037430208,-0.053383272,2.707910,1,Solve_Succeeded,-0.045351707,0.017307596,0.000000000000e+00
16.700000,-0.449712421,-0.004288940,0.879703977,-0.037273149,-0.053383272,2.707910,1,Solve_Succeeded,-0.045351707,0.017307596,0.000000000000e+00
16.710000,-0.440920642,-0.004660726,0.879256805,-0.037192765,-0.062240729,2.670537,1,Solve_Succeeded,-0.052744396,0.017536182,-4.336808689942e-19
16.720000,-0.432134137,-0.005030778,0.878741485,-0.037033328,-0.062240729,2.670537,1,Solve_Succeeded,-0.052744396,0.017536182,-4.336808689942e-19
16.730000,-0.423352853,-0.005400132,0.878220346,-0.036950073,-0.071039352,2.997316,1,Solve_Succeeded,-0.060087818,0.017760032,-4.336808689942e-19
16.740000,-0.414577577,-0.005767729,0.877631512,-0.036788301,-0.071039352,2.997316,1,Solve_Succeeded,-0.060087818,0.017760032,-4.336808689942e-19
16.750000,-0.405808257,-0.006134599,0.877036898,-0.036702210,-0.079777948,2.557531,1,Solve_Succeeded,-0.067380979,0.017979193,0.000000000000e+00
16.760000,-0.397045675,-0.006499691,0.876375051,-0.036538151,-0.079777948,2.557531,1,Solve_Succeeded,-0.067380979,0.017979193,0.000000000000e+00
16.770000,-0.388289778,-0.006864027,0.875707463,-0.036449257,-0.088455340,2.605704,1,Solve_Succeeded,-0.074622903,0.018193703,8.673617379884e-19
16.780000,-0.379541343,-0.007226563,0.874973113,-0.036282954,-0.088455340,2.605704,1,Solve_Succeeded,-0.074622903,0.018193703,8.673617379884e-19
16.790000,-0.370800318,-0.007588314,0.874233063,-0.036191293,-0.097070369,2.675987,1,Solve_Succeeded,-0.081812625,0.018403600,-8.673617379884e-19
16.800000,-0.362067474,-0.007948245,0.873426732,-0.036022791,-0.097070369,2.675987,1,Solve_Succeeded,-0.081812625,0.018403600,-8.673617379884e-19
16.810000,-0.353342759,-0.008307362,0.872614740,-0.035928396,-0.105621894,2.745313,1,Solve_Succeeded,-0.088949195,0.018608919,8.673617379884e-19
16.820000,-0.344626939,-0.008664639,0.871736957,-0.035757738,-0.105621894,2.745313,1,Solve_Succeeded,-0.088949195,0.018608919,8.673617379884e-19
16.830000,-0.335919962,-0.009021074,0.870853555,-0.035660644,-0.114108788,2.895924,1,Solve_Succeeded,-0.096031676,0.018809691,0.000000000000e+00
16.840000,-0.327222588,-0.009375648,0.869904860,-0.035487875,-0.114108788,2.895924,1,Solve_Succeeded,-0.096031676,0.018809691,0.000000000000e+00
16.850000,-0.318534766,-0.009729353,0.868950588,-0.035388115,-0.122529942,2.696796,1,Solve_Succeeded,-0.103059146,0.019005944,8.673617379884e-19
16.860000,-0.309857249,-0.010081177,0.867931528,-0.035213278,-0.122529942,2.696796,1,Solve_Succeeded,-0.103059146,0.019005944,8.673617379884e-19
16.870000,-0.301189988,-0.010432105,0.866906936,-0.035110886,-0.130884264,2.698117,1,Solve_Succeeded,-0.110030696,0.019197704,0.000000000000e+00
16.880000,-0.292533728,-0.010781133,0.865818070,-0.034934024,-0.130884264,2.698117,1,Solve_Succeeded,-0.110030696,0.019197704,0.000000000000e+00
16.890000,-0.283888423,-0.011129238,0.864723715,-0.034829033,-0.139170679,4.265900,1,Solve_Succeeded,-0.116945431,0.019385000,0.000000000000e+00
16.900000,-0.275254810,-0.011475425,0.863565609,-0.034650189,-0.139170679,4.265900,1,Solve_Succeeded,-0.116945431,0.019385000,0.000000000000e+00
16.910000,-0.266632843,-0.011820661,0.862402059,-0.034542634,-0.147388130,2.643355,1,Solve_Succeeded,-0.123802471,0.019567851,8.673617379884e-19
16.920000,-0.258023255,-0.012163961,0.861175289,-0.034361851,-0.147388130,2.643355,1,Solve_Succeeded,-0.123802471,0.019567851,8.673617379884e-19
16.930000,-0.249425998,-0.012506284,0.859943121,-0.034251764,-0.155535573,3.142169,1,Solve_Succeeded,-0.130600947,0.019746278,0.000000000000e+00
16.940000,-0.240841800,-0.012846652,0.858648271,-0.034069085,-0.155535573,3.142169,1,Solve_Succeeded,-0.130600947,0.019746278,0.000000000000e+00
16.950000,-0.232270614,-0.013186019,0.857348069,-0.033956500,-0.163611983,2.775688,1,Solve_Succeeded,-0.137340007,0.019920299,0.000000000000e+00
16.960000,-0.223713161,-0.013523413,0.855985732,-0.033771967,-0.163611983,2.775688,1,Solve_Succeeded,-0.137340007,0.019920299,0.000000000000e+00
16.970000,-0.215169394,-0.013859779,0.854618089,-0.033656917,-0.171616352,3.368037,1,Solve_Succeeded,-0.144018811,0.020089931,1.734723475977e-18
16.980000,-0.206640027,-0.014194156,0.853188866,-0.033470573,-0.171616352,3.368037,1,Solve_Succeeded,-0.144018811,0.020089931,1.734723475977e-18
16.990000,-0.198125015,-0.014527479,0.851754385,-0.033353092,-0.179547688,2.589974,1,Solve_Succeeded,-0.150636534,0.020255191,-1.734723475977e-18
17.000000,-0.189625065,-0.014858797,0.850258886,-0.033164978,-0.179547688,2.589974,1,Solve_Succeeded,-0.150636534,0.020255191,-1.734723475977e-18
17.010000,-0.181140132,-0.015189037,0.848758176,-0.033045101,-0.187405016,2.543317,1,Solve_Succeeded,-0.157192363,0.020416093,0.000000000000e+00
17.020000,-0.172670916,-0.015517254,0.847197018,-0.032855259,-0.187405016,2.543317,1,Solve_Succeeded,-0.157192363,0.020416093,0.000000000000e+00
17.030000,-0.164217373,-0.015844369,0.845630698,-0.032733018,-0.195187379,2.628776,1,Solve_Succeeded,-0.163685502,0.020572648,0.000000000000e+00
17.040000,-0.155780198,-0.016169446,0.844004506,-0.032541491,-0.195187379,2.628776,1,Solve_Succeeded,-0.163685502,0.020572648,0.000000000000e+00
17.050000,-0.147359345,-0.016493395,0.842373202,-0.032416920,-0.202893836,3.133888,1,Solve_Succeeded,-0.170115166,0.020724870,1.734723475977e-18
17.060000,-0.138955502,-0.016815292,0.840682611,-0.032223749,-0.202893836,3.133888,1,Solve_Succeeded,-0.170115166,0.020724870,1.734723475977e-18
17.070000,-0.130568625,-0.017136036,0.838986957,-0.032096881,-0.210523462,2.807052,1,Solve_Succeeded,-0.176480586,0.020872769,0.000000000000e+00
17.080000,-0.122199395,-0.017454714,0.837232608,-0.031902109,-0.210523462,2.807052,1,Solve_Succeeded,-0.176480586,0.020872769,0.000000000000e+00
17.090000,-0.113847767,-0.017772216,0.835473245,-0.031772979,-0.218075349,2.902211,1,Solve_Succeeded,-0.182781007,0.021016355,0.000000000000e+00
17.100000,-0.105514416,-0.018087636,0.833655786,-0.031576647,-0.218075349,2.902211,1,Solve_Succeeded,-0.182781007,0.021016355,0.000000000000e+00
17.110000,-0.097199299,-0.018401857,0.831833365,-0.031445287,-0.225548609,3.591144,1,Solve_Succeeded,-0.189015686,0.021155636,0.000000000000e+00
17.120000,-0.088903082,-0.018713982,0.829953452,-0.031247437,-0.225548609,3.591144,1,Solve_Succeeded,-0.189015686,0.021155636,0.000000000000e+00
17.130000,-0.080625722,-0.019024885,0.828068629,-0.031113883,-0.232942367,3.742640,1,Solve_Succeeded,-0.195183899,0.021290622,-1.734723475977e-18
17.140000,-0.072367879,-0.019333679,0.826126926,-0.030914556,-0.232942367,3.742640,1,Solve_Succeeded,-0.195183899,0.021290622,-1.734723475977e-18
17.150000,-0.064129510,-0.019641228,0.824180365,-0.030778840,-0.240255768,2.695526,1,Solve_Succeeded,-0.201284930,0.021421319,0.000000000000e+00
17.160000,-0.055911269,-0.019946654,0.822177543,-0.030578079,-0.240255768,2.695526,1,Solve_Succeeded,-0.201284930,0.021421319,0.000000000000e+00
17.170000,-0.047713113,-0.020250814,0.820169915,-0.030440236,-0.247487974,2.640030,1,Solve_Succeeded,-0.207318082,0.021547735,0.000000000000e+00
17.180000,-0.039535688,-0.020552838,0.818106651,-0.030238081,-0.247487974,2.640030,1,Solve_Succeeded,-0.207318082,0.021547735,0.000000000000e+00
17.190000,-0.031378951,-0.020853572,0.816038635,-0.030098146,-0.254638161,2.680733,1,Solve_Succeeded,-0.213282670,0.021669876,0.000000000000e+00
17.200000,-0.023243541,-0.021152159,0.813915613,-0.029894639,-0.254638161,2.680733,1,Solve_Succeeded,-0.213282670,0.021669876,0.000000000000e+00
17.210000,-0.015129417,-0.021449435,0.811787893,-0.029752646,-0.261705527,2.864324,1,Solve_Succeeded,-0.219178025,0.021787748,0.000000000000e+00
17.220000,-0.007037210,-0.021744552,0.809605806,-0.029547827,-0.261705527,2.864324,1,Solve_Succeeded,-0.219178025,0.021787748,0.000000000000e+00
17.230000,0.001033122,-0.022038336,0.807419074,-0.029403811,-0.268689284,2.626460,1,Solve_Succeeded,-0.225003491,0.021901356,1.734723475977e-18
17.240000,0.009080955,-0.022329950,0.805178619,-0.029197723,-0.268689284,2.626460,1,Solve_Succeeded,-0.225003491,0.021901356,1.734723475977e-18
17.250000,0.017106328,-0.022620209,0.802933574,-0.029051718,-0.275588663,2.637046,1,Solve_Succeeded,-0.230758427,0.022010706,0.000000000000e+00
17.260000,0.025108627,-0.022908287,0.800635454,-0.028844402,-0.275588663,2.637046,1,Solve_Succeeded,-0.230758427,0.022010706,0.000000000000e+00
17.270000,0.033087892,-0.023194991,0.798332801,-0.028696443,-0.282402911,2.820328,1,Solve_Succeeded,-0.236442207,0.022115804,-1.734723475977e-18
17.280000,0.041043513,-0.023479502,0.795977728,-0.028487941,-0.282402911,2.820328,1,Solve_Succeeded,-0.236442207,0.022115804,-1.734723475977e-18
17.290000,0.048975531,-0.023762618,0.793618177,-0.028338062,-0.289131294,2.586087,1,Solve_Succeeded,-0.242054218,0.022216653,0.000000000000e+00
17.300000,0.056883345,-0.024043532,0.791206867,-0.028128415,-0.289131294,2.586087,1,Solve_Succeeded,-0.242054218,0.022216653,0.000000000000e+00
17.310000,0.064766993,-0.024323031,0.788791135,-0.027976651,-0.295773096,4.534610,1,Solve_Succeeded,-0.247593865,0.022313259,0.000000000000e+00
17.320000,0.072625883,-0.024600318,0.786324312,-0.027765900,-0.295773096,4.534610,1,Solve_Succeeded,-0.247593865,0.022313259,0.000000000000e+00
17.330000,0.080460053,-0.024876170,0.783853123,-0.027612287,-0.302327616,3.042417,1,Solve_Succeeded,-0.253060563,0.022405626,0.000000000000e+00
17.340000,0.088268918,-0.025149801,0.781331514,-0.027400474,-0.302327616,3.042417,1,Solve_Succeeded,-0.253060563,0.022405626,0.000000000000e+00
17.350000,0.096052517,-0.025421977,0.778805597,-0.027245047,-0.308794174,3.121431,1,Solve_Succeeded,-0.258453746,0.022493759,3.469446951954e-18
17.360000,0.103810271,-0.025691924,0.776229936,-0.027032213,-0.308794174,3.121431,1,Solve_Succeeded,-0.258453746,0.022493759,3.469446951954e-18
17.370000,0.111542218,-0.025960396,0.773650025,-0.026875008,-0.315172105,2.680079,1,Solve_Succeeded,-0.263772861,0.022577663,1.734723475977e-18
17.380000,0.119247789,-0.026226631,0.771021053,-0.026661193,-0.315172105,2.680079,1,Solve_Succeeded,-0.263772861,0.022577663,1.734723475977e-18
17.390000,0.126927022,-0.026491373,0.768387889,-0.026502245,-0.321460764,2.669429,1,Solve_Succeeded,-0.269017370,0.022657341,-1.734723475977e-18
17.400000,0.134579353,-0.026753869,0.765706351,-0.026287492,-0.321460764,2.669429,1,Solve_Succeeded,-0.269017370,0.022657341,-1.734723475977e-18
17.410000,0.142204820,-0.027014854,0.763020679,-0.026126836,-0.327659522,2.678620,1,Solve_Succeeded,-0.274186749,0.022732800,0.000000000000e+00
17.420000,0.149802870,-0.027273585,0.760287325,-0.025911186,-0.327659522,2.678620,1,Solve_Succeeded,-0.274186749,0.022732800,0.000000000000e+00
17.430000,0.157373538,-0.027530787,0.757549896,-0.025748859,-0.333767769,3.028549,1,Solve_Succeeded,-0.279280490,0.022804043,0.000000000000e+00
17.440000,0.164916279,-0.027785729,0.754765482,-0.025532352,-0.333767769,3.028549,1,Solve_Succeeded,-0.279280490,0.022804043,0.000000000000e+00
17.450000,0.172431129,-0.028039123,0.751977052,-0.025368390,-0.339784914,2.978773,1,Solve_Succeeded,-0.284298101,0.022871077,0.000000000000e+00
17.460000,0.179917550,-0.028290250,0.749142338,-0.025151068,-0.339784914,2.978773,1,Solve_Succeeded,-0.284298101,0.022871077,0.000000000000e+00
17.470000,0.187375577,-0.028539813,0.746303668,-0.024985507,-0.345710381,2.854181,1,Solve_Succeeded,-0.289239103,0.022933906,-3.469446951954e-18
17.480000,0.194804682,-0.028787102,0.743419419,-0.024767411,-0.345710381,2.854181,1,Solve_Succeeded,-0.289239103,0.022933906,-3.469446951954e-18
17.490000,0.202204898,-0.029032810,0.740531275,-0.024600287,-0.351543616,3.003545,1,Solve_Succeeded,-0.294103034,0.022992536,-3.469446951954e-18
17.500000,0.209575704,-0.029276239,0.737598262,-0.024381458,-0.351543616,3.003545,1,Solve_Succeeded,-0.294103034,0.022992536,-3.469446951954e-18
17.510000,0.216917136,-0.029518069,0.734661414,-0.024212808,-0.357284081,2.597886,1,Solve_Succeeded,-0.298889446,0.023046973,0.000000000000e+00
17.520000,0.224228679,-0.029757615,0.731680410,-0.023993287,-0.357284081,2.597886,1,Solve_Succeeded,-0.298889446,0.023046973,0.000000000000e+00
17.530000,0.231510368,-0.029995546,0.728695633,-0.023823146,-0.362931255,2.698968,1,Solve_Succeeded,-0.303597905,0.023097224,3.469446951954e-18
17.540000,0.238761699,-0.030231187,0.725667418,-0.023602975,-0.362931255,2.698968,1,Solve_Succeeded,-0.303597905,0.023097224,3.469446951954e-18
17.550000,0.245982703,-0.030465198,0.722635491,-0.023431381,-0.368484638,3.851572,1,Solve_Succeeded,-0.308227995,0.023143295,-3.469446951954e-18
17.560000,0.253172886,-0.030696914,0.719560848,-0.023210600,-0.368484638,3.851572,1,Solve_Succeeded,-0.308227995,0.023143295,-3.469446951954e-18
17.570000,0.260332279,-0.030926985,0.716482554,-0.023037590,-0.373943746,2.861298,1,Solve_Succeeded,-0.312779314,0.023185194,-3.469446951954e-18
17.580000,0.267460395,-0.031154757,0.713362270,-0.022816240,-0.373943746,2.861298,1,Solve_Succeeded,-0.312779314,0.023185194,-3.469446951954e-18
17.590000,0.274557267,-0.031380868,0.710238396,-0.022641850,-0.379308116,2.691768,1,Solve_Succeeded,-0.317251476,0.023222928,3.469446951954e-18
17.600000,0.281622414,-0.031604676,0.707073262,-0.022419973,-0.379308116,2.691768,1,Solve_Succeeded,-0.317251476,0.023222928,3.469446951954e-18
17.610000,0.288655868,-0.031826808,0.703904600,-0.022244240,-0.384577301,2.811587,1,Solve_Succeeded,-0.321644107,0.023256504,0.000000000000e+00
17.620000,0.295657159,-0.032046634,0.700695410,-0.022021876,-0.384577301,2.811587,1,Solve_Succeeded,-0.321644107,0.023256504,0.000000000000e+00
17.630000,0.302626317,-0.032264770,0.697482756,-0.021844837,-0.389750873,3.662075,1,Solve_Succeeded,-0.325956854,0.023285932,3.469446951954e-18
17.640000,0.309562880,-0.032480597,0.694230308,-0.021622027,-0.389750873,3.662075,1,Solve_Succeeded,-0.325956854,0.023285932,3.469446951954e-18
17.650000,0.316466879,-0.032694720,0.690974459,-0.021443720,-0.394828422,3.046569,1,Solve_Succeeded,-0.330189375,0.023311221,0.000000000000e+00
17.660000,0.323337860,-0.032906531,0.687679556,-0.021220505,-0.394828422,3.046569,1,Solve_Succeeded,-0.330189375,0.023311221,0.000000000000e+00
17.670000,0.330175853,-0.033116624,0.684381315,-0.021040967,-0.399809559,2.956777,1,Solve_Succeeded,-0.334341345,0.023332380,0.000000000000e+00
17.680000,0.336980413,-0.033324403,0.681044761,-0.020817387,-0.399809559,2.956777,1,Solve_Succeeded,-0.334341345,0.023332380,0.000000000000e+00
17.690000,0.343751568,-0.033530451,0.677704932,-0.020636655,-0.404693912,2.739659,1,Solve_Succeeded,-0.338412455,0.023349419,-3.469446951954e-18
17.700000,0.350488884,-0.033734183,0.674327536,-0.020412751,-0.404693912,2.739659,1,Solve_Succeeded,-0.338412455,0.023349419,-3.469446951954e-18
17.710000,0.357192387,-0.033936171,0.670946928,-0.020230863,-0.409481125,3.352859,1,Solve_Succeeded,-0.342402410,0.023362350,0.000000000000e+00
17.720000,0.363861651,-0.034135842,0.667529501,-0.020006676,-0.409481125,3.352859,1,Solve_Succeeded,-0.342402410,0.023362350,0.000000000000e+00
17.730000,0.370496704,-0.034333756,0.664108925,-0.019823670,-0.414170865,2.734572,1,Solve_Succeeded,-0.346310932,0.023371183,0.000000000000e+00
17.740000,0.377097127,-0.034529352,0.660652280,-0.019599239,-0.414170865,2.734572,1,Solve_Succeeded,-0.346310932,0.023371183,0.000000000000e+00
17.750000,0.383662947,-0.034723179,0.657192551,-0.019415152,-0.418762815,2.666175,1,Solve_Succeeded,-0.350137758,0.023375931,-3.469446951954e-18
17.760000,0.390193754,-0.034914688,0.653697505,-0.019190519,-0.418762815,2.666175,1,Solve_Succeeded,-0.350137758,0.023375931,-3.469446951954e-18
17.770000,0.396689576,-0.035104415,0.650199439,-0.019005388,-0.423256676,2.659761,1,Solve_Succeeded,-0.353882641,0.023376606,0.000000000000e+00
17.780000,0.403150010,-0.035291824,0.646666811,-0.018780593,-0.423256676,2.659761,1,Solve_Succeeded,-0.353882641,0.023376606,0.000000000000e+00
17.790000,0.409575083,-0.035477440,0.643131227,-0.018594457,-0.427652171,3.284910,1,Solve_Succeeded,-0.357545348,0.023373221,3.469446951954e-18
17.800000,0.415964402,-0.035660739,0.639561838,-0.018369540,-0.427652171,3.284910,1,Solve_Succeeded,-0.357545348,0.023373221,3.469446951954e-18
17.810000,0.422317994,-0.035842233,0.635989559,-0.018182436,-0.431949039,2.814103,1,Solve_Succeeded,-0.361125664,0.023365792,0.000000000000e+00
17.820000,0.428635474,-0.036021410,0.632384233,-0.017957437,-0.431949039,2.814103,1,Solve_Succeeded,-0.361125664,0.023365792,0.000000000000e+00
17.830000,0.434916867,-0.036198772,0.628776081,-0.017769404,-0.436147036,3.075518,1,Solve_Succeeded,-0.364623387,0.023354332,3.469446951954e-18
17.840000,0.441161800,-0.036373819,0.625135644,-0.017544362,-0.436147036,3.075518,1,Solve_Succeeded,-0.364623387,0.023354332,3.469446951954e-18
17.850000,0.447370295,-0.036547040,0.621492446,-0.017355437,-0.440245942,2.953343,1,Solve_Succeeded,-0.368038332,0.023338856,0.000000000000e+00
17.860000,0.453541987,-0.036717947,0.617817724,-0.017130393,-0.440245942,2.953343,1,Solve_Succeeded,-0.368038332,0.023338856,0.000000000000e+00
17.870000,0.459676901,-0.036887018,0.614140307,-0.016940614,-0.444245550,3.311802,1,Solve_Succeeded,-0.371370330,0.023319382,0.000000000000e+00
17.880000,0.465774678,-0.037053777,0.610432131,-0.016715608,-0.444245550,3.311802,1,Solve_Succeeded,-0.371370330,0.023319382,0.000000000000e+00
17.890000,0.471835343,-0.037218691,0.606721324,-0.016525013,-0.448145675,2.689389,1,Solve_Succeeded,-0.374619227,0.023295926,0.000000000000e+00
17.900000,0.477858547,-0.037381294,0.602980524,-0.016300084,-0.448145675,2.689389,1,Solve_Succeeded,-0.374619227,0.023295926,0.000000000000e+00
17.910000,0.483844312,-0.037542044,0.599237158,-0.016108711,-0.451946150,2.757739,1,Solve_Succeeded,-0.377784884,0.023268505,0.000000000000e+00
17.920000,0.489792301,-0.037700486,0.595464566,-0.015883898,-0.451946150,2.757739,1,Solve_Succeeded,-0.377784884,0.023268505,0.000000000000e+00
17.930000,0.495702533,-0.037857065,0.591689475,-0.015691785,-0.455646825,2.675638,1,Solve_Succeeded,-0.380867178,0.023237139,-3.469446951954e-18
17.940000,0.501574680,-0.038011340,0.587885924,-0.015467128,-0.455646825,2.675638,1,Solve_Succeeded,-0.380867178,0.023237139,-3.469446951954e-18
17.950000,0.507408763,-0.038163743,0.584079939,-0.015274314,-0.459247572,2.623038,1,Solve_Succeeded,-0.383866003,0.023201846,3.469446951954e-18
17.960000,0.513204461,-0.038313845,0.580246265,-0.015049851,-0.459247572,2.623038,1,Solve_Succeeded,-0.383866003,0.023201846,3.469446951954e-18
17.970000,0.518961794,-0.038462067,0.576410222,-0.014856373,-0.462748278,2.628362,1,Solve_Succeeded,-0.386781266,0.023162646,0.000000000000e+00
17.980000,0.524680449,-0.038607993,0.572547259,-0.014632144,-0.462748278,2.628362,1,Solve_Succeeded,-0.386781266,0.023162646,0.000000000000e+00
17.990000,0.530360448,-0.038752031,0.568681993,-0.014438040,-0.466148851,2.686972,1,Solve_Succeeded,-0.389612890,0.023119560,0.000000000000e+00
18.000000,0.536001487,-0.038893777,0.564790578,-0.014214083,-0.466148851,2.686972,1,Solve_Succeeded,-0.389612890,0.023119560,0.000000000000e+00
18.010000,0.541603585,-0.039033627,0.560896926,-0.014019391,-0.469449216,2.847587,1,Solve_Succeeded,-0.392360815,0.023072610,3.469446951954e-18
18.020000,0.547166448,-0.039171190,0.556977895,-0.013795745,-0.469449216,2.847587,1,Solve_Succeeded,-0.392360815,0.023072610,3.469446951954e-18
18.030000,0.552690095,-0.039306850,0.553056694,-0.013600504,-0.472649317,2.671059,1,Solve_Succeeded,-0.395024996,0.023021817,0.000000000000e+00
18.040000,0.558174241,-0.039440228,0.549110886,-0.013377207,-0.472649317,2.671059,1,Solve_Succeeded,-0.395024996,0.023021817,0.000000000000e+00
18.050000,0.563618903,-0.039571697,0.545162972,-0.013181454,-0.475749117,2.690224,1,Solve_Succeeded,-0.397605402,0.022967206,0.000000000000e+00
18.060000,0.569023807,-0.039700889,0.541191223,-0.012958544,-0.475749117,2.690224,1,Solve_Succeeded,-0.397605402,0.022967206,0.000000000000e+00
18.070000,0.574388968,-0.039828166,0.537217436,-0.012762317,-0.478748596,2.770698,1,Solve_Succeeded,-0.400102019,0.022908800,3.469446951954e-18
18.080000,0.579714121,-0.039953172,0.533220585,-0.012539833,-0.478748596,2.770698,1,Solve_Succeeded,-0.400102019,0.022908800,3.469446951954e-18
18.090000,0.584999282,-0.040076257,0.529221761,-0.012343169,-0.481647754,2.581635,1,Solve_Succeeded,-0.402514847,0.022846623,-3.469446951954e-18
18.100000,0.590244192,-0.040197076,0.525200645,-0.012121148,-0.481647754,2.581635,1,Solve_Succeeded,-0.402514847,0.022846623,-3.469446951954e-18
18.110000,0.595448869,-0.040315969,0.521177623,-0.011924086,-0.484446607,2.661937,1,Solve_Succeeded,-0.404843902,0.022780702,0.000000000000e+00
18.120000,0.600613062,-0.040432604,0.517133080,-0.011702566,-0.484446607,2.661937,1,Solve_Succeeded,-0.404843902,0.022780702,0.000000000000e+00
18.130000,0.605736789,-0.040547307,0.513086697,-0.011505143,-0.487145193,2.760628,1,Solve_Succeeded,-0.407089215,0.022711063,0.000000000000e+00
18.140000,0.610819807,-0.040659759,0.509019565,-0.011284160,-0.487145193,2.760628,1,Solve_Succeeded,-0.407089215,0.022711063,0.000000000000e+00
18.150000,0.615862133,-0.040770274,0.504950659,-0.011086415,-0.489743564,2.773713,1,Solve_Succeeded,-0.409250833,0.022637732,0.000000000000e+00
18.160000,0.620863535,-0.040878545,0.500861774,-0.010866007,-0.489743564,2.773713,1,Solve_Succeeded,-0.409250833,0.022637732,0.000000000000e+00
18.170000,0.625824028,-0.040984875,0.496771182,-0.010667975,-0.492241792,2.615214,1,Solve_Succeeded,-0.411328816,0.022560738,-3.469446951954e-18
18.180000,0.630743390,-0.041088969,0.492661382,-0.010448179,-0.492241792,2.615214,1,Solve_Succeeded,-0.411328816,0.022560738,-3.469446951954e-18
18.190000,0.635621634,-0.041191118,0.488549939,-0.010249899,-0.494639968,3.072391,1,Solve_Succeeded,-0.413323242,0.022480109,0.000000000000e+00
18.200000,0.640458546,-0.041291039,0.484420059,-0.010030751,-0.494639968,3.072391,1,Solve_Succeeded,-0.413323242,0.022480109,0.000000000000e+00
18.210000,0.645254141,-0.041389011,0.480288602,-0.009832261,-0.496938199,2.684270,1,Solve_Succeeded,-0.415234200,0.022395875,0.000000000000e+00
18.220000,0.650008214,-0.041484764,0.476139477,-0.009613797,-0.496938199,2.684270,1,Solve_Succeeded,-0.415234200,0.022395875,0.000000000000e+00
18.230000,0.654720778,-0.041578565,0.471988840,-0.009415132,-0.499136610,3.540940,1,Solve_Succeeded,-0.417061799,0.022308067,0.000000000000e+00
18.240000,0.659391636,-0.041670154,0.467821303,-0.009197389,-0.499136610,3.540940,1,Solve_Succeeded,-0.417061799,0.022308067,0.000000000000e+00
18.250000,0.664020803,-0.041759789,0.463652321,-0.008998588,-0.501235345,2.762610,1,Solve_Succeeded,-0.418806157,0.022216715,0.000000000000e+00
18.260000,0.668608089,-0.041847222,0.459467205,-0.008781600,-0.501235345,2.762610,1,Solve_Succeeded,-0.418806157,0.022216715,0.000000000000e+00
18.270000,0.673153508,-0.041932698,0.455280710,-0.008582700,-0.503234566,2.735784,1,Solve_Succeeded,-0.420467413,0.022121851,3.469446951954e-18
18.280000,0.677656882,-0.042015982,0.451078846,-0.008366504,-0.503234566,2.735784,1,Solve_Succeeded,-0.420467413,0.022121851,3.469446951954e-18
18.290000,0.682118221,-0.042097306,0.446875668,-0.008167541,-0.505134449,3.410285,1,Solve_Succeeded,-0.422045715,0.022023508,-3.469446951954e-18
18.300000,0.686537357,-0.042176448,0.442657887,-0.007952171,-0.505134449,3.410285,1,Solve_Succeeded,-0.422045715,0.022023508,-3.469446951954e-18
18.310000,0.690914300,-0.042253629,0.438438857,-0.007753182,-0.506935193,2.704542,1,Solve_Succeeded,-0.423541228,0.021921719,-3.469446951954e-18
18.320000,0.695248890,-0.042328637,0.434205986,-0.007538673,-0.506935193,2.704542,1,Solve_Succeeded,-0.423541228,0.021921719,-3.469446951954e-18
18.330000,0.699541137,-0.042401683,0.429971931,-0.007339694,-0.508637009,3.203855,1,Solve_Succeeded,-0.424954134,0.021816519,0.000000000000e+00
18.340000,0.703790891,-0.042472566,0.425724796,-0.007126081,-0.508637009,3.203855,1,Solve_Succeeded,-0.424954134,0.021816519,0.000000000000e+00
18.350000,0.707998159,-0.042541487,0.421476543,-0.006927149,-0.510240128,2.703701,1,Solve_Succeeded,-0.426284624,0.021707941,3.469446951954e-18
18.360000,0.712162800,-0.042608256,0.417215970,-0.006714465,-0.510240128,2.703701,1,Solve_Succeeded,-0.426284624,0.021707941,3.469446951954e-18
18.370000,0.716284823,-0.042673061,0.412954343,-0.006515616,-0.511744798,3.414604,1,Solve_Succeeded,-0.427532907,0.021596023,0.000000000000e+00
18.380000,0.720364094,-0.042735727,0.408681153,-0.006303897,-0.511744798,3.414604,1,Solve_Succeeded,-0.427532907,0.021596023,0.000000000000e+00
18.390000,0.724400621,-0.042796428,0.404406974,-0.006105166,-0.513151284,2.642635,1,Solve_Succeeded,-0.428699207,0.021480800,0.000000000000e+00
18.400000,0.728394279,-0.042855000,0.400121988,-0.005894444,-0.513151284,2.642635,1,Solve_Succeeded,-0.428699207,0.021480800,0.000000000000e+00
18.410000,0.732345076,-0.042911609,0.395836077,-0.005695868,-0.514459867,2.707831,1,Solve_Succeeded,-0.429783758,0.021362309,0.000000000000e+00
18.420000,0.736252896,-0.042966100,0.391540113,-0.005486176,-0.514459867,2.707831,1,Solve_Succeeded,-0.429783758,0.021362309,0.000000000000e+00
18.430000,0.740117746,-0.043018628,0.387243288,-0.005287790,-0.515670845,3.364711,1,Solve_Succeeded,-0.430786811,0.021240588,0.000000000000e+00
18.440000,0.743939519,-0.043069051,0.382937161,-0.005079161,-0.515670845,3.364711,1,Solve_Succeeded,-0.430786811,0.021240588,0.000000000000e+00
18.450000,0.747718221,-0.043117512,0.378630237,-0.004881000,-0.516784533,2.935394,1,Solve_Succeeded,-0.431708632,0.021115675,-3.469446951954e-18
18.460000,0.751453753,-0.043163880,0.374314760,-0.004673467,-0.516784533,2.935394,1,Solve_Succeeded,-0.431708632,0.021115675,-3.469446951954e-18
18.470000,0.755146122,-0.043208287,0.369998550,-0.004475567,-0.517801262,2.781695,1,Solve_Succeeded,-0.432549496,0.020987609,0.000000000000e+00
18.480000,0.758795236,-0.043250614,0.365674532,-0.004269161,-0.517801262,2.781695,1,Solve_Succeeded,-0.432549496,0.020987609,0.000000000000e+00
18.490000,0.762401103,-0.043290981,0.361349846,-0.004071557,-0.518721380,3.234291,1,Solve_Succeeded,-0.433309697,0.020856431,0.000000000000e+00
18.500000,0.765963640,-0.043329282,0.357018094,-0.003866310,-0.518721380,3.234291,1,Solve_Succeeded,-0.433309697,0.020856431,0.000000000000e+00
18.510000,0.769482852,-0.043365624,0.352685739,-0.003669037,-0.519545250,2.714846,1,Solve_Succeeded,-0.433989539,0.020722181,0.000000000000e+00
18.520000,0.772958666,-0.043399914,0.348347058,-0.003464981,-0.519545250,2.714846,1,Solve_Succeeded,-0.433989539,0.020722181,0.000000000000e+00
18.530000,0.776391087,-0.043432247,0.344007837,-0.003268071,-0.520273252,3.879218,1,Solve_Succeeded,-0.434589341,0.020584898,0.000000000000e+00
18.540000,0.779780050,-0.043462541,0.339663028,-0.003065237,-0.520273252,3.879218,1,Solve_Succeeded,-0.434589341,0.020584898,0.000000000000e+00
18.550000,0.783125559,-0.043490882,0.335317742,-0.002868726,-0.520905782,2.658764,1,Solve_Succeeded,-0.435109434,0.020444626,3.469446951954e-18
18.560000,0.786427558,-0.043517198,0.330967603,-0.002667144,-0.520905782,2.658764,1,Solve_Succeeded,-0.435109434,0.020444626,3.469446951954e-18
18.570000,0.789686051,-0.043541562,0.326617048,-0.002471067,-0.521443250,2.720970,1,Solve_Succeeded,-0.435550163,0.020301407,3.469446951954e-18
18.580000,0.792900990,-0.043563916,0.322262373,-0.002270766,-0.521443250,2.720970,1,Solve_Succeeded,-0.435550163,0.020301407,3.469446951954e-18
18.590000,0.796072378,-0.043584323,0.317907345,-0.002075155,-0.521886084,2.577347,1,Solve_Succeeded,-0.435911886,0.020155282,0.000000000000e+00
18.600000,0.799200176,-0.043602733,0.313548924,-0.001876167,-0.521886084,2.577347,1,Solve_Succeeded,-0.435911886,0.020155282,0.000000000000e+00
18.610000,0.802284387,-0.043619200,0.309190212,-0.001681056,-0.522234725,3.226364,1,Solve_Succeeded,-0.436194973,0.020006296,0.000000000000e+00
18.620000,0.805324978,-0.043633685,0.304828832,-0.001483409,-0.522234725,3.226364,1,Solve_Succeeded,-0.436194973,0.020006296,0.000000000000e+00
18.630000,0.808321954,-0.043646230,0.300467224,-0.001288831,-0.522489630,2.746194,1,Solve_Succeeded,-0.436399808,0.019854492,3.469446951954e-18
18.640000,0.811275290,-0.043656809,0.296103669,-0.001092554,-0.522489630,2.746194,1,Solve_Succeeded,-0.436399808,0.019854492,3.469446951954e-18
18.650000,0.814184989,-0.043665452,0.291739947,-0.000898542,-0.522651272,3.212891,1,Solve_Succeeded,-0.436526786,0.019699915,0.000000000000e+00
18.660000,0.817051036,-0.043672145,0.287374995,-0.000703664,-0.522651272,3.212891,1,Solve_Succeeded,-0.436526786,0.019699915,0.000000000000e+00
18.670000,0.819873432,-0.043676906,0.283009938,-0.000510250,-0.522720139,2.806678,1,Solve_Succeeded,-0.436576315,0.019542609,3.469446951954e-18
18.680000,0.822652172,-0.043679732,0.278644364,-0.000316799,-0.522720139,2.806678,1,Solve_Succeeded,-0.436576315,0.019542609,3.469446951954e-18
18.690000,0.825387255,-0.043680632,0.274278747,-0.000124015,-0.522696731,3.345551,1,Solve_Succeeded,-0.436548816,0.019382621,0.000000000000e+00
18.700000,0.828078685,-0.043679614,0.269913323,0.000067981,-0.522696731,3.345551,1,Solve_Succeeded,-0.436548816,0.019382621,0.000000000000e+00
18.710000,0.830726460,-0.043676674,0.265547917,0.000260103,-0.522581565,2.777425,1,Solve_Succeeded,-0.436444721,0.019219995,0.000000000000e+00
18.720000,0.833330592,-0.043671831,0.261183410,0.000450618,-0.522581565,2.777425,1,Solve_Succeeded,-0.436444721,0.019219995,0.000000000000e+00
18.730000,0.835891080,-0.043665073,0.256818980,0.000642044,-0.522375171,2.718108,1,Solve_Succeeded,-0.436264474,0.019054778,0.000000000000e+00
18.740000,0.838407943,-0.043656429,0.252456151,0.000831051,-0.522375171,2.718108,1,Solve_Succeeded,-0.436264474,0.019054778,0.000000000000e+00
18.750000,0.840881178,-0.043645875,0.248093460,0.001021753,-0.522078094,2.638294,1,Solve_Succeeded,-0.436008532,0.018887017,0.000000000000e+00
18.760000,0.843310814,-0.043633452,0.243733067,0.001209224,-0.522078094,2.638294,1,Solve_Succeeded,-0.436008532,0.018887017,0.000000000000e+00
18.770000,0.845696848,-0.043619125,0.239372872,0.001399169,-0.521690892,2.732929,1,Solve_Succeeded,-0.435677362,0.018716760,0.000000000000e+00
18.780000,0.848039316,-0.043602946,0.235015669,0.001585081,-0.521690892,2.732929,1,Solve_Succeeded,-0.435677362,0.018716760,0.000000000000e+00
18.790000,0.850338215,-0.043584870,0.230658723,0.001774239,-0.521214137,2.900295,1,Solve_Succeeded,-0.435271443,0.018544052,0.000000000000e+00
18.800000,0.852593587,-0.043564959,0.226305457,0.001958564,-0.521214137,2.900295,1,Solve_Succeeded,-0.435271443,0.018544052,0.000000000000e+00
18.810000,0.854805430,-0.043543158,0.221952507,0.002146905,-0.520648415,2.572912,1,Solve_Succeeded,-0.434791266,0.018368943,-3.469446951954e-18
18.820000,0.856973795,-0.043519539,0.217603923,0.002329619,-0.520648415,2.572912,1,Solve_Succeeded,-0.434791266,0.018368943,-3.469446951954e-18
18.830000,0.859098679,-0.043494037,0.213255712,0.002517113,-0.519994325,3.169053,1,Solve_Succeeded,-0.434237332,0.018191481,0.000000000000e+00
18.840000,0.861180140,-0.043466736,0.208912547,0.002698191,-0.519994325,3.169053,1,Solve_Succeeded,-0.434237332,0.018191481,0.000000000000e+00
18.850000,0.863218175,-0.043437558,0.204569814,0.002884808,-0.519252479,3.454115,1,Solve_Succeeded,-0.433610154,0.018011714,0.000000000000e+00
18.860000,0.865212849,-0.043406599,0.200232802,0.003064227,-0.519252479,3.454115,1,Solve_Succeeded,-0.433610154,0.018011714,0.000000000000e+00
18.870000,0.867164159,-0.043373772,0.195896280,0.003249938,-0.518423502,2.800673,1,Solve_Succeeded,-0.432910254,0.017829691,0.000000000000e+00
18.880000,0.869072180,-0.043339182,0.191566148,0.003427674,-0.518423502,2.800673,1,Solve_Succeeded,-0.432910254,0.017829691,0.000000000000e+00
18.890000,0.870936905,-0.043302731,0.187236563,0.003612450,-0.517508031,2.574866,1,Solve_Succeeded,-0.432138166,0.017645461,0.000000000000e+00
18.900000,0.872758417,-0.043264536,0.182914035,0.003788480,-0.517508031,2.574866,1,Solve_Succeeded,-0.432138166,0.017645461,0.000000000000e+00
18.910000,0.874536711,-0.043224488,0.178592111,0.003972292,-0.516506715,2.558745,1,Solve_Succeeded,-0.431294435,0.017459074,0.000000000000e+00
18.920000,0.876271877,-0.043182715,0.174277904,0.004146593,-0.516506715,2.558745,1,Solve_Succeeded,-0.431294435,0.017459074,0.000000000000e+00
18.930000,0.877963908,-0.043139098,0.169964357,0.004329413,-0.515420219,2.720483,1,Solve_Succeeded,-0.430379615,0.017270579,0.000000000000e+00
18.940000,0.879612903,-0.043093774,0.165659182,0.004501964,-0.515420219,2.720483,1,Solve_Succeeded,-0.430379615,0.017270579,0.000000000000e+00
18.950000,0.881218854,-0.043046616,0.161354724,0.004683765,-0.514249214,3.228869,1,Solve_Succeeded,-0.429394269,0.017080026,0.000000000000e+00
18.960000,0.882781867,-0.042997769,0.157059288,0.004854542,-0.514249214,3.228869,1,Solve_Succeeded,-0.429394269,0.017080026,0.000000000000e+00
18.970000,0.884301934,-0.042947097,0.152764624,0.005035296,-0.512994389,2.605494,1,Solve_Succeeded,-0.428338973,0.016887465,-3.469446951954e-18
18.980000,0.885779169,-0.042894756,0.148479627,0.005204280,-0.512994389,2.605494,1,Solve_Succeeded,-0.428338973,0.016887465,-3.469446951954e-18
18.990000,0.887213563,-0.042840599,0.144195457,0.005383960,-0.511656440,3.481238,1,Solve_Succeeded,-0.427214310,0.016692947,0.000000000000e+00
19.000000,0.888605237,-0.042784793,0.139921594,0.005551130,-0.511656440,3.481238,1,Solve_Succeeded,-0.427214310,0.016692947,0.000000000000e+00
19.010000,0.889954182,-0.042727181,0.135648613,0.005729709,-0.510236076,2.829004,1,Solve_Succeeded,-0.426020874,0.016496522,-3.469446951954e-18
19.020000,0.891260527,-0.042667938,0.131386572,0.005895045,-0.510236076,2.829004,1,Solve_Succeeded,-0.426020874,0.016496522,-3.469446951954e-18
19.030000,0.892524262,-0.042606900,0.127125468,0.006072497,-0.508734018,3.182814,1,Solve_Succeeded,-0.424759266,0.016298241,-3.469446951954e-18
19.040000,0.893745522,-0.042544252,0.122875932,0.006235978,-0.508734018,3.182814,1,Solve_Succeeded,-0.424759266,0.016298241,-3.469446951954e-18
19.050000,0.894924298,-0.042479818,0.118627387,0.006412278,-0.507150996,2.879380,1,Solve_Succeeded,-0.423430099,0.016098154,0.000000000000e+00
19.060000,0.896060733,-0.042413794,0.114391033,0.006573885,-0.507150996,2.879380,1,Solve_Succeeded,-0.423430099,0.016098154,0.000000000000e+00
19.070000,0.897154816,-0.042345995,0.110155723,0.006749007,-0.505487753,2.615097,1,Solve_Succeeded,-0.422033994,0.015896312,-3.469446951954e-18
19.080000,0.898206697,-0.042276626,0.105933221,0.006908722,-0.505487753,2.615097,1,Solve_Succeeded,-0.422033994,0.015896312,-3.469446951954e-18
19.090000,0.899216365,-0.042205493,0.101711815,0.007082640,-0.503745041,2.796857,1,Solve_Succeeded,-0.420571580,0.015692765,0.000000000000e+00
19.100000,0.900183978,-0.042132810,0.097503830,0.007240445,-0.503745041,2.796857,1,Solve_Succeeded,-0.420571580,0.015692765,0.000000000000e+00
19.110000,0.901109524,-0.042058373,0.093296993,0.007413135,-0.501923623,3.368995,1,Solve_Succeeded,-0.419043494,0.015487566,0.000000000000e+00
19.120000,0.901993167,-0.041982408,0.089104182,0.007569011,-0.501923623,3.368995,1,Solve_Succeeded,-0.419043494,0.015487566,0.000000000000e+00
19.130000,0.902834895,-0.041904701,0.084912570,0.007740450,-0.500024270,2.733896,1,Solve_Succeeded,-0.417450384,0.015280764,3.469446951954e-18
19.140000,0.903634880,-0.041825486,0.080735584,0.007894381,-0.500024270,2.733896,1,Solve_Succeeded,-0.417450384,0.015280764,3.469446951954e-18
19.150000,0.904393110,-0.041744540,0.076559850,0.008064543,-0.498047765,3.438896,1,Solve_Succeeded,-0.415792904,0.015072411,0.000000000000e+00
19.160000,0.905109761,-0.041662107,0.072399334,0.008216511,-0.498047765,3.438896,1,Solve_Succeeded,-0.415792904,0.015072411,0.000000000000e+00
19.170000,0.905784822,-0.041577955,0.068240120,0.008385375,-0.495994901,2.680976,1,Solve_Succeeded,-0.414071716,0.014862558,0.000000000000e+00
19.180000,0.906418477,-0.041492337,0.064096712,0.008535364,-0.495994901,2.680976,1,Solve_Succeeded,-0.414071716,0.014862558,0.000000000000e+00
19.190000,0.907010715,-0.041405012,0.059954657,0.008702906,-0.493866478,3.020550,1,Solve_Succeeded,-0.412287490,0.014651256,3.469446951954e-18
19.200000,0.907561724,-0.041316242,0.055828989,0.008850901,-0.493866478,3.020550,1,Solve_Succeeded,-0.412287490,0.014651256,3.469446951954e-18
19.210000,0.908071493,-0.041225778,0.051704723,0.009017097,-0.491663308,2.636719,1,Solve_Succeeded,-0.410440905,0.014438555,0.000000000000e+00
19.220000,0.908540219,-0.041133889,0.047597419,0.009163083,-0.491663308,2.636719,1,Solve_Succeeded,-0.410440905,0.014438555,0.000000000000e+00
19.230000,0.908967889,-0.041040319,0.043491566,0.009327912,-0.489386209,3.661724,1,Solve_Succeeded,-0.408532645,0.014224507,-3.469446951954e-18
19.240000,0.909354707,-0.040945346,0.039403245,0.009471873,-0.489386209,3.661724,1,Solve_Succeeded,-0.408532645,0.014224507,-3.469446951954e-18
19.250000,0.909700659,-0.040848705,0.035316423,0.009635313,-0.487036008,2.714389,1,Solve_Succeeded,-0.406563404,0.014009163,3.469446951954e-18
19.260000,0.910005956,-0.040750682,0.031247695,0.009777235,-0.487036008,2.714389,1,Solve_Succeeded,-0.406563404,0.014009163,3.469446951954e-18
19.270000,0.910270584,-0.040651003,0.027180515,0.009939265,-0.484613544,2.667229,1,Solve_Succeeded,-0.404533880,0.013792572,0.000000000000e+00
19.280000,0.910494759,-0.040549965,0.023131983,0.010079135,-0.484613544,2.667229,1,Solve_Succeeded,-0.404533880,0.013792572,0.000000000000e+00
19.290000,0.910678468,-0.040447284,0.019085048,0.010239734,-0.482119660,2.655091,1,Solve_Succeeded,-0.402444779,0.013574787,0.000000000000e+00
19.300000,0.910821933,-0.040343266,0.015057311,0.010377538,-0.482119660,2.655091,1,Solve_Succeeded,-0.402444779,0.013574787,0.000000000000e+00
19.310000,0.910925140,-0.040237618,0.011031216,0.010536685,-0.479555208,3.289024,1,Solve_Succeeded,-0.400296815,0.013355856,3.469446951954e-18
19.320000,0.910988319,-0.040130655,0.007024863,0.010672411,-0.479555208,3.289024,1,Solve_Succeeded,-0.400296815,0.013355856,3.469446951954e-18
19.330000,0.911011454,-0.040022075,0.003020198,0.010830086,-0.476921049,2.852019,1,Solve_Succeeded,-0.398090708,0.013135831,3.469446951954e-18
19.340000,0.910994781,-0.039912202,-0.000964189,0.010963721,-0.476921049,2.852019,1,Solve_Succeeded,-0.398090708,0.013135831,3.469446951954e-18
19.350000,0.910938284,-0.039800728,-0.004946841,0.011119905,-0.474218051,2.779541,1,Solve_Succeeded,-0.395827182,0.012914763,3.469446951954e-18
19.360000,0.910842206,-0.039687981,-0.008908686,0.011251437,-0.474218051,2.779541,1,Solve_Succeeded,-0.395827182,0.012914763,3.469446951954e-18
19.370000,0.910706530,-0.039573647,-0.012868751,0.011406110,-0.471447088,2.747271,1,Solve_Succeeded,-0.393506969,0.012692700,0.000000000000e+00
19.380000,0.910531504,-0.039458064,-0.016807486,0.011535528,-0.471447088,2.747271,1,Solve_Succeeded,-0.393506969,0.012692700,0.000000000000e+00
19.390000,0.910317113,-0.039340907,-0.020744397,0.011688672,-0.468609043,3.359872,1,Solve_Succeeded,-0.391130807,0.012469692,0.000000000000e+00
19.400000,0.910063609,-0.039222522,-0.024659461,0.011815965,-0.468609043,3.359872,1,Solve_Succeeded,-0.391130807,0.012469692,0.000000000000e+00
19.410000,0.909770977,-0.039102579,-0.028572657,0.011967561,-0.465704805,3.364676,1,Solve_Succeeded,-0.388699439,0.012245790,0.000000000000e+00
19.420000,0.909439476,-0.038981431,-0.032463498,0.012092719,-0.465704805,3.364676,1,Solve_Succeeded,-0.388699439,0.012245790,0.000000000000e+00
19.430000,0.909069089,-0.038858739,-0.036352427,0.012242749,-0.462735269,3.709944,1,Solve_Succeeded,-0.386213614,0.012021043,0.000000000000e+00
19.440000,0.908660081,-0.038734864,-0.040218498,0.012365762,-0.462735269,3.709944,1,Solve_Succeeded,-0.386213614,0.012021043,0.000000000000e+00
19.450000,0.908212436,-0.038609460,-0.044082614,0.012514209,-0.459701337,2.637684,1,Solve_Succeeded,-0.383674085,0.011795499,0.000000000000e+00
19.460000,0.907726425,-0.038482896,-0.047923377,0.012635067,-0.459701337,2.637684,1,Solve_Succeeded,-0.383674085,0.011795499,0.000000000000e+00
19.470000,0.907202029,-0.038354818,-0.051762143,0.012781914,-0.456603916,2.627836,1,Solve_Succeeded,-0.381081612,0.011569209,0.000000000000e+00
19.480000,0.906639526,-0.038225602,-0.055577068,0.012900608,-0.456603916,2.627836,1,Solve_Succeeded,-0.381081612,0.011569209,0.000000000000e+00
19.490000,0.906038898,-0.038094888,-0.059389954,0.013045839,-0.453443922,3.028442,1,Solve_Succeeded,-0.378436958,0.011342220,0.000000000000e+00
19.500000,0.905400427,-0.037963058,-0.063178517,0.013162361,-0.453443922,3.028442,1,Solve_Succeeded,-0.378436958,0.011342220,0.000000000000e+00
19.510000,0.904724095,-0.037829745,-0.066965000,0.013305958,-0.450222272,2.683634,1,Solve_Succeeded,-0.375740893,0.011114580,3.469446951954e-18
19.520000,0.904010190,-0.037695341,-0.070726686,0.013420300,-0.450222272,2.683634,1,Solve_Succeeded,-0.375740893,0.011114580,3.469446951954e-18
19.530000,0.903258693,-0.037559468,-0.074486252,0.013562248,-0.446939893,2.616165,1,Solve_Succeeded,-0.372994190,0.010886339,3.469446951954e-18
19.540000,0.902469897,-0.037422526,-0.078220553,0.013674403,-0.446939893,2.616165,1,Solve_Succeeded,-0.372994190,0.010886339,3.469446951954e-18
19.550000,0.901643784,-0.037284131,-0.081952694,0.013814687,-0.443597715,2.633489,1,Solve_Succeeded,-0.370197625,0.010657544,-3.469446951954e-18
19.560000,0.900780652,-0.037144691,-0.085659111,0.013924648,-0.443597715,2.633489,1,Solve_Succeeded,-0.370197625,0.010657544,-3.469446951954e-18
19.570000,0.899880482,-0.037003814,-0.089363329,0.014063252,-0.440196672,3.917333,1,Solve_Succeeded,-0.367351981,0.010428241,3.469446951954e-18
19.580000,0.898943578,-0.036861913,-0.093041369,0.014171011,-0.440196672,3.917333,1,Solve_Succeeded,-0.367351981,0.010428241,3.469446951954e-18
19.590000,0.897969919,-0.036718593,-0.096717171,0.014307922,-0.436737706,4.155092,1,Solve_Succeeded,-0.364458044,0.010198480,0.000000000000e+00
19.600000,0.896959816,-0.036574272,-0.100366351,0.014413474,-0.436737706,4.155092,1,Solve_Succeeded,-0.364458044,0.010198480,0.000000000000e+00
19.610000,0.895913248,-0.036428546,-0.104013255,0.014548677,-0.433221760,3.280631,1,Solve_Succeeded,-0.361516603,0.009968305,-3.469446951954e-18
19.620000,0.894830529,-0.036281844,-0.107633097,0.014652017,-0.433221760,3.280631,1,Solve_Succeeded,-0.361516603,0.009968305,-3.469446951954e-18
19.630000,0.893711639,-0.036133753,-0.111250626,0.014785497,-0.429649783,2.712099,1,Solve_Succeeded,-0.358528451,0.009737764,0.000000000000e+00
19.640000,0.892556897,-0.035984708,-0.114840663,0.014886619,-0.429649783,2.712099,1,Solve_Succeeded,-0.358528451,0.009737764,0.000000000000e+00
19.650000,0.891366282,-0.035834292,-0.118428350,0.015018365,-0.426022730,2.722626,1,Solve_Succeeded,-0.355494386,0.009506904,0.000000000000e+00
19.660000,0.890140119,-0.035682945,-0.121988122,0.015117265,-0.426022730,2.722626,1,Solve_Succeeded,-0.355494386,0.009506904,0.000000000000e+00
19.670000,0.888878386,-0.035530243,-0.125545506,0.015247262,-0.422341556,2.766136,1,Solve_Succeeded,-0.352415205,0.009275769,0.000000000000e+00
19.680000,0.887581413,-0.035376633,-0.129074559,0.015343935,-0.422341556,2.766136,1,Solve_Succeeded,-0.352415205,0.009275769,0.000000000000e+00
19.690000,0.886249178,-0.035221685,-0.132601190,0.015472172,-0.418607223,2.992773,1,Solve_Succeeded,-0.349291714,0.009044405,0.000000000000e+00
19.700000,0.884882014,-0.035065852,-0.136099080,0.015566615,-0.418607223,2.992773,1,Solve_Succeeded,-0.349291714,0.009044405,0.000000000000e+00
19.710000,0.883479900,-0.034908698,-0.139594513,0.015693080,-0.414820695,2.903101,1,Solve_Succeeded,-0.346124717,0.008812857,3.469446951954e-18
19.720000,0.882043175,-0.034750683,-0.143060804,0.015785288,-0.414820695,2.903101,1,Solve_Succeeded,-0.346124717,0.008812857,3.469446951954e-18
19.730000,0.880571817,-0.034591363,-0.146524604,0.015909969,-0.410982940,2.704953,1,Solve_Succeeded,-0.342915023,0.008581170,3.469446951954e-18
19.740000,0.879066168,-0.034431205,-0.149958868,0.015999940,-0.410982940,2.704953,1,Solve_Succeeded,-0.342915023,0.008581170,3.469446951954e-18
19.750000,0.877526206,-0.034269760,-0.153390607,0.016122826,-0.407094928,3.425651,1,Solve_Succeeded,-0.339663443,0.008349387,0.000000000000e+00
19.760000,0.875952278,-0.034107499,-0.156792423,0.016210558,-0.407094928,3.425651,1,Solve_Succeeded,-0.339663443,0.008349387,0.000000000000e+00
19.770000,0.874344363,-0.033943969,-0.160191681,0.016331638,-0.403157633,2.599390,1,Solve_Succeeded,-0.336370791,0.008117554,0.000000000000e+00
19.780000,0.872702811,-0.033779647,-0.163560638,0.016417128,-0.403157633,2.599390,1,Solve_Succeeded,-0.336370791,0.008117554,0.000000000000e+00
19.790000,0.871027600,-0.033614073,-0.166927004,0.016536392,-0.399172032,2.754721,1,Solve_Succeeded,-0.333037882,0.007885713,0.000000000000e+00
19.800000,0.869319087,-0.033447730,-0.170262697,0.016619639,-0.399172032,2.754721,1,Solve_Succeeded,-0.333037882,0.007885713,0.000000000000e+00
19.810000,0.867577247,-0.033280151,-0.173595768,0.016737076,-0.395139102,2.763623,1,Solve_Succeeded,-0.329665534,0.007653907,0.000000000000e+00
19.820000,0.865802442,-0.033111828,-0.176897802,0.016818079,-0.395139102,2.763623,1,Solve_Succeeded,-0.329665534,0.007653907,0.000000000000e+00
19.830000,0.863994648,-0.032942287,-0.180197182,0.016933681,-0.391059826,3.312887,1,Solve_Succeeded,-0.326254568,0.007422178,-3.469446951954e-18
19.840000,0.862154229,-0.032772024,-0.183465169,0.017012439,-0.391059826,3.312887,1,Solve_Succeeded,-0.326254568,0.007422178,-3.469446951954e-18
19.850000,0.860281162,-0.032600561,-0.186730473,0.017126195,-0.386935185,2.716415,1,Solve_Succeeded,-0.322805803,0.007190570,0.000000000000e+00
19.860000,0.858375816,-0.032428399,-0.189964034,0.017202708,-0.386935185,2.716415,1,Solve_Succeeded,-0.322805803,0.007190570,0.000000000000e+00
19.870000,0.856438165,-0.032255055,-0.193194882,0.017314610,-0.382766166,2.728419,1,Solve_Succeeded,-0.319320064,0.006959123,3.469446951954e-18
19.880000,0.854468584,-0.032081035,-0.196393645,0.017388877,-0.382766166,2.728419,1,Solve_Succeeded,-0.319320064,0.006959123,3.469446951954e-18
19.890000,0.852467047,-0.031905852,-0.199589667,0.017498917,-0.378553755,2.867253,1,Solve_Succeeded,-0.315798174,0.006727880,0.000000000000e+00
19.900000,0.850433932,-0.031730016,-0.202753271,0.017570940,-0.378553755,2.867253,1,Solve_Succeeded,-0.315798174,0.006727880,0.000000000000e+00
19.910000,0.848369213,-0.031553034,-0.205914104,0.017679109,-0.374298940,3.147133,1,Solve_Succeeded,-0.312240959,0.006496879,-3.469446951954e-18
19.920000,0.846273271,-0.031375422,-0.209042193,0.017748888,-0.374298940,3.147133,1,Solve_Succeeded,-0.312240959,0.006496879,-3.469446951954e-18
19.930000,0.844146081,-0.031196682,-0.212167484,0.017855179,-0.370002711,2.661753,1,Solve_Succeeded,-0.308649245,0.006266163,0.000000000000e+00
19.940000,0.841988027,-0.031017336,-0.215259712,0.017922715,-0.370002711,2.661753,1,Solve_Succeeded,-0.308649245,0.006266163,0.000000000000e+00
19.950000,0.839799084,-0.030836880,-0.218349115,0.018027122,-0.365666057,2.706776,1,Solve_Succeeded,-0.305023860,0.006035771,3.469446951954e-18
19.960000,0.837579639,-0.030655841,-0.221405144,0.018092417,-0.365666057,2.706776,1,Solve_Succeeded,-0.305023860,0.006035771,3.469446951954e-18
19.970000,0.835329668,-0.030473711,-0.224458321,0.018194932,-0.361289971,2.596177,1,Solve_Succeeded,-0.301365633,0.005805742,-3.469446951954e-18
19.980000,0.833049561,-0.030291020,-0.227477822,0.018257987,-0.361289971,2.596177,1,Solve_Succeeded,-0.301365633,0.005805742,-3.469446951954e-18
19.990000,0.830739293,-0.030107256,-0.230494444,0.018358604,-0.356875445,2.561118,1,Solve_Succeeded,-0.297675391,0.005576116,0.000000000000e+00
20.000000,0.828399259,-0.029922954,-0.233477094,0.018419423,-0.356875445,2.561118,1,Solve_Succeeded,-0.297675391,0.005576116,0.000000000000e+00
20.010000,0.826029432,-0.029737599,-0.236456841,0.018518135,-0.352423472,2.870017,1,Solve_Succeeded,-0.293953965,0.005346931,0.000000000000e+00
20.020000,0.823630211,-0.029551728,-0.239402328,0.018576721,-0.352423472,2.870017,1,Solve_Succeeded,-0.293953965,0.005346931,0.000000000000e+00
20.030000,0.821201569,-0.029364822,-0.242344887,0.018673523,-0.347935045,2.653558,1,Solve_Succeeded,-0.290202183,0.005118224,-3.469446951954e-18
20.040000,0.818743908,-0.029177424,-0.245252906,0.018729878,-0.347935045,2.653558,1,Solve_Succeeded,-0.290202183,0.005118224,-3.469446951954e-18
20.050000,0.816257202,-0.028989009,-0.248157973,0.018824764,-0.343411156,3.177989,1,Solve_Succeeded,-0.286420876,0.004890035,0.000000000000e+00
20.060000,0.813741855,-0.028800124,-0.251028227,0.018878892,-0.343411156,3.177989,1,Solve_Succeeded,-0.286420876,0.004890035,0.000000000000e+00
20.070000,0.811197840,-0.028610242,-0.253895505,0.018971859,-0.338852800,2.654031,1,Solve_Succeeded,-0.282610873,0.004662399,0.000000000000e+00
20.080000,0.808625565,-0.028419913,-0.256727706,0.019023764,-0.338852800,2.654031,1,Solve_Succeeded,-0.282610873,0.004662399,0.000000000000e+00
20.090000,0.806025003,-0.028228604,-0.259556908,0.019114806,-0.334260970,3.500730,1,Solve_Succeeded,-0.278773004,0.004435353,-3.469446951954e-18
20.100000,0.803396565,-0.028036871,-0.262350776,0.019164492,-0.334260970,3.500730,1,Solve_Succeeded,-0.278773004,0.004435353,-3.469446951954e-18
20.110000,0.800740223,-0.027844178,-0.265141623,0.019253605,-0.329636659,2.612433,1,Solve_Succeeded,-0.274908097,0.004208934,3.469446951954e-18
20.120000,0.798056392,-0.027651083,-0.267896885,0.019301077,-0.329636659,2.612433,1,Solve_Succeeded,-0.274908097,0.004208934,3.469446951954e-18
20.130000,0.795345044,-0.027457047,-0.270649107,0.019388257,-0.324980859,2.759539,1,Solve_Succeeded,-0.271016982,0.003983177,0.000000000000e+00
20.140000,0.792606596,-0.027262632,-0.273365501,0.019433521,-0.324980859,2.759539,1,Solve_Succeeded,-0.271016982,0.003983177,0.000000000000e+00
20.150000,0.789841019,-0.027067294,-0.276078833,0.019518764,-0.320294561,2.643697,1,Solve_Succeeded,-0.267100487,0.003758118,0.000000000000e+00
20.160000,0.787048734,-0.026871600,-0.278756103,0.019561825,-0.320294561,2.643697,1,Solve_Succeeded,-0.267100487,0.003758118,0.000000000000e+00
20.170000,0.784229712,-0.026675001,-0.281430292,0.019645129,-0.315578757,2.977649,1,Solve_Succeeded,-0.263159439,0.003533792,0.000000000000e+00
20.180000,0.781384374,-0.026478069,-0.284068192,0.019685991,-0.315578757,2.977649,1,Solve_Succeeded,-0.263159439,0.003533792,0.000000000000e+00
20.190000,0.778512695,-0.026280252,-0.286702991,0.019767353,-0.310834436,2.740686,1,Solve_Succeeded,-0.259194664,0.003310232,0.000000000000e+00
20.200000,0.775615097,-0.026082124,-0.289301282,0.019806024,-0.310834436,2.740686,1,Solve_Succeeded,-0.259194664,0.003310232,0.000000000000e+00
20.210000,0.772691553,-0.025883129,-0.291896453,0.019885441,-0.306062587,3.147583,1,Solve_Succeeded,-0.255206989,0.003087472,0.000000000000e+00
20.220000,0.769742489,-0.025683845,-0.294454904,0.019921927,-0.306062587,3.147583,1,Solve_Succeeded,-0.255206989,0.003087472,0.000000000000e+00
20.230000,0.766767877,-0.025483715,-0.297010219,0.019999398,-0.301264198,2.785447,1,Solve_Succeeded,-0.251197238,0.002865547,-1.734723475977e-18
20.240000,0.763768147,-0.025283317,-0.299528608,0.020033705,-0.301264198,2.785447,1,Solve_Succeeded,-0.251197238,0.002865547,-1.734723475977e-18
20.250000,0.760743270,-0.025082092,-0.302043844,0.020109227,-0.296440253,2.628196,1,Solve_Succeeded,-0.247166234,0.002644488,0.000000000000e+00
20.260000,0.757693677,-0.024880621,-0.304521958,0.020141364,-0.296440253,2.628196,1,Solve_Succeeded,-0.247166234,0.002644488,0.000000000000e+00
20.270000,0.754619340,-0.024678342,-0.306996901,0.020214936,-0.291591739,2.643239,1,Solve_Succeeded,-0.243114799,0.002424328,0.000000000000e+00
20.280000,0.751520693,-0.024475840,-0.309434535,0.020244909,-0.291591739,2.643239,1,Solve_Succeeded,-0.243114799,0.002424328,0.000000000000e+00
20.290000,0.748397708,-0.024272548,-0.311868981,0.020316530,-0.286719636,2.581044,1,Solve_Succeeded,-0.239043753,0.002205099,1.734723475977e-18
20.300000,0.745250818,-0.024069056,-0.314265936,0.020344347,-0.286719636,2.581044,1,Solve_Succeeded,-0.239043753,0.002205099,1.734723475977e-18
20.310000,0.742079997,-0.023864793,-0.316659688,0.020414017,-0.281824925,2.728988,1,Solve_Succeeded,-0.234953915,0.001986833,0.000000000000e+00
20.320000,0.738885682,-0.023660351,-0.319015775,0.020439685,-0.281824925,2.728988,1,Solve_Succeeded,-0.234953915,0.001986833,0.000000000000e+00
20.330000,0.735667843,-0.023455157,-0.321368645,0.020507404,-0.276908585,2.825451,1,Solve_Succeeded,-0.230846101,0.001769561,0.000000000000e+00
20.340000,0.732426921,-0.023249806,-0.323683683,0.020530933,-0.276908585,2.825451,1,Solve_Succeeded,-0.230846101,0.001769561,0.000000000000e+00
20.350000,0.729162886,-0.023043723,-0.325995490,0.020596699,-0.271971592,2.754143,1,Solve_Succeeded,-0.226721127,0.001553313,1.734723475977e-18
20.360000,0.725876181,-0.022837504,-0.328269307,0.020618097,-0.271971592,2.754143,1,Solve_Succeeded,-0.226721127,0.001553313,1.734723475977e-18
20.370000,0.722566775,-0.022630573,-0.330539879,0.020681912,-0.267014919,2.679716,1,Solve_Succeeded,-0.222579805,0.001338119,-1.734723475977e-18
20.380000,0.719235112,-0.022423527,-0.332772309,0.020701188,-0.267014919,2.679716,1,Solve_Succeeded,-0.222579805,0.001338119,-1.734723475977e-18
20.390000,0.715881164,-0.022215787,-0.335001481,0.020763052,-0.262039537,3.444598,1,Solve_Succeeded,-0.218422947,0.001124009,0.000000000000e+00
20.400000,0.712505374,-0.022007955,-0.337192368,0.020780216,-0.262039537,3.444598,1,Solve_Succeeded,-0.218422947,0.001124009,0.000000000000e+00
20.410000,0.709107713,-0.021799448,-0.339379985,0.020840130,-0.257046416,2.907291,1,Solve_Succeeded,-0.214251360,0.000911012,0.000000000000e+00
20.420000,0.705688629,-0.021590869,-0.341529180,0.020855191,-0.257046416,2.907291,1,Solve_Succeeded,-0.214251360,0.000911012,0.000000000000e+00
20.430000,0.702248091,-0.021381635,-0.343675094,0.020913156,-0.252036520,2.573112,1,Solve_Succeeded,-0.210065851,0.000699157,0.000000000000e+00
20.440000,0.698786547,-0.021172351,-0.345782457,0.020926123,-0.252036520,2.573112,1,Solve_Succeeded,-0.210065851,0.000699157,0.000000000000e+00
20.450000,0.695303969,-0.020962431,-0.347886527,0.020982141,-0.247010812,2.594546,1,Solve_Succeeded,-0.205867223,0.000488472,0.000000000000e+00
20.460000,0.691800805,-0.020752481,-0.349951925,0.020993026,-0.247010812,2.594546,1,Solve_Succeeded,-0.205867223,0.000488472,0.000000000000e+00
20.470000,0.688277026,-0.020541915,-0.352014020,0.021047099,-0.241970252,2.616447,1,Solve_Succeeded,-0.201656278,0.000278985,1.734723475977e-18
20.480000,0.684733082,-0.020331340,-0.354037329,0.021055912,-0.241970252,2.616447,1,Solve_Succeeded,-0.201656278,0.000278985,1.734723475977e-18
20.490000,0.681168944,-0.020120168,-0.356057325,0.021108041,-0.236915795,3.695883,1,Solve_Succeeded,-0.197433813,0.000070723,0.000000000000e+00
20.500000,0.677585064,-0.019909008,-0.358038428,0.021114792,-0.236915795,3.695883,1,Solve_Succeeded,-0.197433813,0.000070723,0.000000000000e+00
20.510000,0.673981411,-0.019697270,-0.360016209,0.021164981,-0.231848396,2.630941,1,Solve_Succeeded,-0.193200624,-0.000136286,1.734723475977e-18
20.520000,0.670358440,-0.019485565,-0.361954998,0.021169681,-0.231848396,2.630941,1,Solve_Succeeded,-0.193200624,-0.000136286,1.734723475977e-18
20.530000,0.666716120,-0.019273300,-0.363890456,0.021217933,-0.226769002,2.675945,1,Solve_Succeeded,-0.188957505,-0.000342017,1.734723475977e-18
20.540000,0.663054905,-0.019061090,-0.365786830,0.021220594,-0.226769002,2.675945,1,Solve_Succeeded,-0.188957505,-0.000342017,1.734723475977e-18
20.550000,0.659374766,-0.018848339,-0.367679865,0.021266910,-0.221678561,2.561095,1,Solve_Succeeded,-0.184705243,-0.000546443,1.734723475977e-18
20.560000,0.655676157,-0.018635662,-0.369533732,0.021267543,-0.221678561,2.561095,1,Solve_Succeeded,-0.184705243,-0.000546443,1.734723475977e-18
20.570000,0.651959049,-0.018422465,-0.371384252,0.021311929,-0.216578013,3.350894,1,Solve_Succeeded,-0.180444625,-0.000749539,0.000000000000e+00
20.580000,0.648223897,-0.018209362,-0.373195526,0.021310546,-0.216578013,3.350894,1,Solve_Succeeded,-0.180444625,-0.000749539,0.000000000000e+00
20.590000,0.644470672,-0.017995757,-0.375003448,0.021353004,-0.211468298,2.739037,1,Solve_Succeeded,-0.176176435,-0.000951279,1.734723475977e-18
20.600000,0.640699831,-0.017782266,-0.376772052,0.021349617,-0.211468298,2.739037,1,Solve_Succeeded,-0.176176435,-0.000951279,1.734723475977e-18
20.610000,0.636911343,-0.017568293,-0.378537298,0.021390152,-0.206350348,2.849818,1,Solve_Succeeded,-0.171901452,-0.001151639,0.000000000000e+00
20.620000,0.633105665,-0.017354455,-0.380263164,0.021384773,-0.206350348,2.849818,1,Solve_Succeeded,-0.171901452,-0.001151639,0.000000000000e+00
20.630000,0.629282769,-0.017140153,-0.381985666,0.021423388,-0.201225095,2.595189,1,Solve_Succeeded,-0.167620452,-0.001350594,-1.734723475977e-18
20.640000,0.625443112,-0.016926006,-0.383668732,0.021416031,-0.201225095,2.595189,1,Solve_Succeeded,-0.167620452,-0.001350594,-1.734723475977e-18
20.650000,0.621586663,-0.016711414,-0.385348429,0.021452731,-0.196093462,2.811755,1,Solve_Succeeded,-0.163334208,-0.001548120,0.000000000000e+00
20.660000,0.617713882,-0.016496996,-0.386988641,0.021443408,-0.196093462,2.811755,1,Solve_Succeeded,-0.163334208,-0.001548120,0.000000000000e+00
20.670000,0.613824739,-0.016282153,-0.388625481,0.021478198,-0.190956373,2.741007,1,Solve_Succeeded,-0.159043488,-0.001744194,-1.734723475977e-18
20.680000,0.609919692,-0.016067503,-0.390222792,0.021466922,-0.190956373,2.741007,1,Solve_Succeeded,-0.159043488,-0.001744194,-1.734723475977e-18
20.690000,0.605998712,-0.015852447,-0.391816729,0.021499808,-0.185814744,2.637781,1,Solve_Succeeded,-0.154749059,-0.001938794,1.734723475977e-18
20.700000,0.602062258,-0.015637605,-0.393371102,0.021486591,-0.185814744,2.637781,1,Solve_Succeeded,-0.154749059,-0.001938794,1.734723475977e-18
20.710000,0.598110300,-0.015422374,-0.394922098,0.021517578,-0.180669486,3.078473,1,Solve_Succeeded,-0.150451680,-0.002131895,1.734723475977e-18
20.720000,0.594143298,-0.015207377,-0.396433502,0.021502435,-0.180669486,3.078473,1,Solve_Succeeded,-0.150451680,-0.002131895,1.734723475977e-18
20.730000,0.590161221,-0.014992010,-0.397941526,0.021531528,-0.175521507,2.658951,1,Solve_Succeeded,-0.146152109,-0.002323476,0.000000000000e+00
20.740000,0.586164531,-0.014776895,-0.399409939,0.021514473,-0.175521507,2.658951,1,Solve_Succeeded,-0.146152109,-0.002323476,0.000000000000e+00
20.750000,0.582153195,-0.014561431,-0.400874969,0.021541678,-0.170371710,3.152992,1,Solve_Succeeded,-0.141851101,-0.002513515,1.734723475977e-18
20.760000,0.578127676,-0.014346237,-0.402300374,0.021522724,-0.170371710,3.152992,1,Solve_Succeeded,-0.141851101,-0.002513515,1.734723475977e-18
20.770000,0.574087943,-0.014130712,-0.403722396,0.021548048,-0.165220992,3.159305,1,Solve_Succeeded,-0.137549402,-0.002701991,0.000000000000e+00
20.780000,0.570034456,-0.013915476,-0.405104785,0.021527210,-0.165220992,3.159305,1,Solve_Succeeded,-0.137549402,-0.002701991,0.000000000000e+00
20.790000,0.565967184,-0.013699928,-0.406483791,0.021550658,-0.160070247,3.336383,1,Solve_Succeeded,-0.133247760,-0.002888882,0.000000000000e+00
20.800000,0.561886589,-0.013484689,-0.407823164,0.021527951,-0.160070247,3.336383,1,Solve_Succeeded,-0.133247760,-0.002888882,0.000000000000e+00
20.810000,0.557792640,-0.013269155,-0.409159152,0.021549531,-0.154920360,3.788619,1,Solve_Succeeded,-0.128946913,-0.003074168,-8.673617379884e-19
20.820000,0.553685797,-0.013053949,-0.410455516,0.021524968,-0.154920360,3.788619,1,Solve_Succeeded,-0.128946913,-0.003074168,-8.673617379884e-19
20.830000,0.549566030,-0.012838467,-0.411748495,0.021544687,-0.149772214,2.779209,1,Solve_Succeeded,-0.124647599,-0.003257829,0.000000000000e+00
20.840000,0.545433800,-0.012623331,-0.413001863,0.021518284,-0.149772214,2.779209,1,Solve_Succeeded,-0.124647599,-0.003257829,0.000000000000e+00
20.850000,0.541289075,-0.012407938,-0.414251849,0.021536149,-0.144626687,4.104810,1,Solve_Succeeded,-0.120350548,-0.003439844,8.673617379884e-19
20.860000,0.537132317,-0.012192909,-0.415462242,0.021507920,-0.144626687,4.104810,1,Solve_Succeeded,-0.120350548,-0.003439844,8.673617379884e-19
20.870000,0.532963494,-0.011977641,-0.416669256,0.021523939,-0.139484649,2.651876,1,Solve_Succeeded,-0.116056488,-0.003620195,-8.673617379884e-19
20.880000,0.528783067,-0.011762755,-0.417836704,0.021493900,-0.139484649,2.651876,1,Solve_Succeeded,-0.116056488,-0.003620195,-8.673617379884e-19
20.890000,0.524591005,-0.011547649,-0.419000774,0.021508080,-0.134346965,2.871873,1,Solve_Succeeded,-0.111766141,-0.003798862,0.000000000000e+00
20.900000,0.520387768,-0.011332943,-0.420125313,0.021476247,-0.134346965,2.871873,1,Solve_Succeeded,-0.111766141,-0.003798862,0.000000000000e+00
20.910000,0.516173324,-0.011118035,-0.421246477,0.021488596,-0.129214496,2.693820,1,Solve_Succeeded,-0.107480225,-0.003975826,-8.673617379884e-19
20.920000,0.511948134,-0.010903545,-0.422328149,0.021454984,-0.129214496,2.693820,1,Solve_Succeeded,-0.107480225,-0.003975826,-8.673617379884e-19
20.930000,0.507712167,-0.010688871,-0.423406450,0.021465511,-0.124088096,2.614011,1,Solve_Succeeded,-0.103199451,-0.004151069,0.000000000000e+00
20.940000,0.503465880,-0.010474632,-0.424445307,0.021430136,-0.124088096,2.614011,1,Solve_Succeeded,-0.103199451,-0.004151069,0.000000000000e+00
20.950000,0.499209245,-0.010260228,-0.425480796,0.021438848,-0.118968613,2.689358,1,Solve_Succeeded,-0.098924529,-0.004324572,8.673617379884e-19
20.960000,0.494942718,-0.010046277,-0.426476894,0.021401726,-0.118968613,2.689358,1,Solve_Succeeded,-0.098924529,-0.004324572,8.673617379884e-19
20.970000,0.490666270,-0.009832178,-0.427469629,0.021408634,-0.113856889,3.279921,1,Solve_Succeeded,-0.094656161,-0.004496320,0.000000000000e+00
20.980000,0.486380357,-0.009618549,-0.428423033,0.021369781,-0.113856889,3.279921,1,Solve_Succeeded,-0.094656161,-0.004496320,0.000000000000e+00
20.990000,0.482084950,-0.009404791,-0.429373079,0.021374892,-0.108753760,2.607551,1,Solve_Succeeded,-0.090395044,-0.004666293,0.000000000000e+00
21.000000,0.477780504,-0.009191519,-0.430283860,0.021334325,-0.108753760,2.607551,1,Solve_Succeeded,-0.090395044,-0.004666293,0.000000000000e+00
21.010000,0.473466990,-0.008978137,-0.431191288,0.021337649,-0.103660057,3.912905,1,Solve_Succeeded,-0.086141871,-0.004834476,0.000000000000e+00
21.020000,0.469144862,-0.008765258,-0.432059525,0.021295385,-0.103660057,3.912905,1,Solve_Succeeded,-0.086141871,-0.004834476,0.000000000000e+00
21.030000,0.464814092,-0.008552285,-0.432924415,0.021296931,-0.098576603,3.200501,1,Solve_Succeeded,-0.081897330,-0.005000851,0.000000000000e+00
21.040000,0.460475133,-0.008339833,-0.433750192,0.021252986,-0.098576603,3.200501,1,Solve_Succeeded,-0.081897330,-0.005000851,0.000000000000e+00
21.050000,0.456127955,-0.008127306,-0.434572630,0.021252764,-0.093504216,3.486816,1,Solve_Succeeded,-0.077662102,-0.005165403,0.000000000000e+00
21.060000,0.451773012,-0.007915315,-0.435356040,0.021207155,-0.093504216,3.486816,1,Solve_Succeeded,-0.077662102,-0.005165403,0.000000000000e+00
21.070000,0.447410274,-0.007703267,-0.436136117,0.021205174,-0.088443705,3.068012,1,Solve_Succeeded,-0.073436863,-0.005328115,8.673617379884e-19
21.080000,0.443040194,-0.007491771,-0.436877258,0.021157919,-0.088443705,3.068012,1,Solve_Succeeded,-0.073436863,-0.005328115,8.673617379884e-19
21.090000,0.438662741,-0.007280236,-0.437615075,0.021154190,-0.083395876,2.804362,1,Solve_Succeeded,-0.069222285,-0.005488973,-8.673617379884e-19
21.100000,0.434278367,-0.007069269,-0.438314054,0.021105305,-0.083395876,2.804362,1,Solve_Succeeded,-0.069222285,-0.005488973,-8.673617379884e-19
21.110000,0.429887042,-0.006858280,-0.439009716,0.021099839,-0.078361527,3.132085,1,Solve_Succeeded,-0.065019034,-0.005647960,0.000000000000e+00
21.120000,0.425489217,-0.006647876,-0.439666643,0.021049342,-0.078361527,3.132085,1,Solve_Succeeded,-0.065019034,-0.005647960,0.000000000000e+00
21.130000,0.421084860,-0.006437467,-0.440320264,0.021042149,-0.073341448,2.735851,1,Solve_Succeeded,-0.060827769,-0.005805063,-4.336808689942e-19
21.140000,0.416674423,-0.006227658,-0.440935259,0.020990057,-0.073341448,2.735851,1,Solve_Succeeded,-0.060827769,-0.005805063,-4.336808689942e-19
21.150000,0.412257874,-0.006017862,-0.441546957,0.020981147,-0.068336424,3.069104,1,Solve_Succeeded,-0.056649145,-0.005960267,0.000000000000e+00
21.160000,0.407835661,-0.005808682,-0.442120146,0.020927479,-0.068336424,3.069104,1,Solve_Succeeded,-0.056649145,-0.005960267,0.000000000000e+00
21.170000,0.403407754,-0.005599533,-0.442690047,0.020916864,-0.063347232,2.879259,1,Solve_Succeeded,-0.052483809,-0.006113558,-4.336808689942e-19
21.180000,0.398974601,-0.005391014,-0.443221560,0.020861637,-0.063347232,2.879259,1,Solve_Succeeded,-0.052483809,-0.006113558,-4.336808689942e-19
21.190000,0.394536171,-0.005182542,-0.443749797,0.020849328,-0.058374642,3.405395,1,Solve_Succeeded,-0.048332406,-0.006264922,0.000000000000e+00
21.200000,0.390092908,-0.004974717,-0.444239774,0.020792560,-0.058374642,3.405395,1,Solve_Succeeded,-0.048332406,-0.006264922,0.000000000000e+00
21.210000,0.385644785,-0.004766956,-0.444726485,0.020778568,-0.053419418,2.619216,1,Solve_Succeeded,-0.044195571,-0.006414346,4.336808689942e-19
21.220000,0.381192242,-0.004559856,-0.445175070,0.020720277,-0.053419418,2.619216,1,Solve_Succeeded,-0.044195571,-0.006414346,4.336808689942e-19
21.230000,0.376735252,-0.004352837,-0.445620401,0.020704614,-0.048482315,2.749491,1,Solve_Succeeded,-0.040073935,-0.006561816,0.000000000000e+00
21.240000,0.372274256,-0.004146495,-0.446027745,0.020644820,-0.048482315,2.749491,1,Solve_Succeeded,-0.040073935,-0.006561816,0.000000000000e+00
21.250000,0.367809224,-0.003940250,-0.446431846,0.020627497,-0.043564084,2.624024,1,Solve_Succeeded,-0.035968124,-0.006707321,-4.336808689942e-19
21.260000,0.363340597,-0.003734696,-0.446798107,0.020566217,-0.043564084,2.624024,1,Solve_Succeeded,-0.035968124,-0.006707321,-4.336808689942e-19
21.270000,0.358868345,-0.003529257,-0.447161137,0.020547247,-0.038665465,2.739390,1,Solve_Succeeded,-0.031878755,-0.006850847,0.000000000000e+00
21.280000,0.354392906,-0.003324523,-0.447486477,0.020484500,-0.038665465,2.739390,1,Solve_Succeeded,-0.031878755,-0.006850847,0.000000000000e+00
21.290000,0.349914252,-0.003119920,-0.447808600,0.020463895,-0.033787194,2.968502,1,Solve_Succeeded,-0.027806443,-0.006992382,0.000000000000e+00
21.300000,0.345432818,-0.002916037,-0.448093189,0.020399699,-0.033787194,2.968502,1,Solve_Succeeded,-0.027806443,-0.006992382,0.000000000000e+00
21.310000,0.340948575,-0.002712301,-0.448374574,0.020377472,-0.028929996,2.965653,1,Solve_Succeeded,-0.023751792,-0.007131916,4.336808689942e-19
21.320000,0.336461959,-0.002509298,-0.448618588,0.020311846,-0.028929996,2.965653,1,Solve_Succeeded,-0.023751792,-0.007131916,4.336808689942e-19
21.330000,0.331972940,-0.002306460,-0.448859412,0.020288009,-0.024094593,4.027419,1,Solve_Succeeded,-0.019715404,-0.007269435,-2.168404344971e-19
21.340000,0.327481950,-0.002104369,-0.449063033,0.020220973,-0.024094593,4.027419,1,Solve_Succeeded,-0.019715404,-0.007269435,-2.168404344971e-19
21.350000,0.322988962,-0.001902458,-0.449263478,0.020195538,-0.019281694,2.885889,1,Solve_Succeeded,-0.015697871,-0.007404931,0.000000000000e+00
21.360000,0.318494404,-0.001701308,-0.449426893,0.020127111,-0.019281694,2.885889,1,Solve_Succeeded,-0.015697871,-0.007404931,0.000000000000e+00
21.370000,0.313998250,-0.001500355,-0.449587146,0.020100092,-0.014492005,2.607522,1,Solve_Succeeded,-0.011699782,-0.007538390,0.000000000000e+00
21.380000,0.309500927,-0.001300175,-0.449710549,0.020030293,-0.014492005,2.607522,1,Solve_Succeeded,-0.011699782,-0.007538390,0.000000000000e+00
21.390000,0.305002406,-0.001100209,-0.449830805,0.020001702,-0.009726223,2.794380,1,Solve_Succeeded,-0.007721718,-0.007669805,0.000000000000e+00
21.400000,0.300503115,-0.000901029,-0.449914395,0.019930550,-0.009726223,2.794380,1,Solve_Succeeded,-0.007721718,-0.007669805,0.000000000000e+00
21.410000,0.296003024,-0.000702078,-0.449994854,0.019900402,-0.004985036,2.682466,1,Solve_Succeeded,-0.003764252,-0.007799163,5.421010862428e-20
21.420000,0.291502558,-0.000503927,-0.450038835,0.019827917,-0.004985036,2.682466,1,Solve_Succeeded,-0.003764252,-0.007799163,5.421010862428e-20
21.430000,0.287001689,-0.000306020,-0.450079702,0.019796224,-0.000269124,2.776664,1,Solve_Succeeded,0.000172047,-0.007926456,-2.710505431214e-20
21.440000,0.282500838,-0.000108926,-0.450084286,0.019722426,-0.000269124,2.776664,1,Solve_Succeeded,0.000172047,-0.007926456,-2.710505431214e-20
21.450000,0.277999978,0.000087907,-0.450085773,0.019689202,0.004420838,3.011645,1,Solve_Succeeded,0.004086617,-0.008051673,2.710505431214e-20
21.460000,0.273499527,0.000283916,-0.450051176,0.019614110,0.004420838,3.011645,1,Solve_Succeeded,0.004086617,-0.008051673,2.710505431214e-20
21.470000,0.268999459,0.000479648,-0.450013498,0.019579370,0.009084187,2.785267,1,Solve_Succeeded,0.007978905,-0.008174807,-5.421010862428e-20
21.480000,0.264500189,0.000674543,-0.449939942,0.019503003,0.009084187,2.785267,1,Solve_Succeeded,0.007978905,-0.008174807,-5.421010862428e-20
21.490000,0.260001691,0.000869147,-0.449863323,0.019466760,0.013720264,3.087629,1,Solve_Succeeded,0.011848362,-0.008295848,0.000000000000e+00
21.500000,0.255504379,0.001062901,-0.449751036,0.019389139,0.013720264,3.087629,1,Solve_Succeeded,0.011848362,-0.008295848,0.000000000000e+00
21.510000,0.251008225,0.001256349,-0.449635703,0.019351408,0.018328422,3.000802,1,Solve_Succeeded,0.015694448,-0.008414787,0.000000000000e+00
21.520000,0.246513642,0.001448935,-0.449484916,0.019272553,0.018328422,3.000802,1,Solve_Succeeded,0.015694448,-0.008414787,0.000000000000e+00
21.530000,0.242020603,0.001641200,-0.449331103,0.019233348,0.022908019,2.650002,1,Solve_Succeeded,0.019516627,-0.008531617,0.000000000000e+00
21.540000,0.237529516,0.001832591,-0.449142056,0.019153279,0.022908019,2.650002,1,Solve_Succeeded,0.019516627,-0.008531617,0.000000000000e+00
21.550000,0.233040355,0.002023646,-0.448950001,0.019112614,0.027458423,2.590804,1,Solve_Succeeded,0.023314372,-0.008646330,-2.168404344971e-19
21.560000,0.228553526,0.002213816,-0.448722937,0.019031351,0.027458423,2.590804,1,Solve_Succeeded,0.023314372,-0.008646330,-2.168404344971e-19
21.570000,0.224069003,0.002403634,-0.448492884,0.018989242,0.031979010,2.647533,1,Solve_Succeeded,0.027087163,-0.008758919,0.000000000000e+00
21.580000,0.219587190,0.002592556,-0.448228052,0.018906804,0.031979010,2.647533,1,Solve_Succeeded,0.027087163,-0.008758919,0.000000000000e+00
21.590000,0.215108060,0.002781112,-0.447960250,0.018863265,0.036469163,3.121825,1,Solve_Succeeded,0.030834486,-0.008869375,-2.168404344971e-19
21.600000,0.210632015,0.002968761,-0.447657903,0.018779675,0.036469163,3.121825,1,Solve_Succeeded,0.030834486,-0.008869375,-2.168404344971e-19
21.610000,0.206159027,0.003156029,-0.447352607,0.018734721,0.040928276,3.125834,1,Solve_Succeeded,0.034555835,-0.008977693,-2.168404344971e-19
21.620000,0.201689497,0.003342380,-0.447013004,0.018649997,0.040928276,3.125834,1,Solve_Succeeded,0.034555835,-0.008977693,-2.168404344971e-19
21.630000,0.197223396,0.003528334,-0.446670473,0.018603644,0.045355750,2.633619,1,Solve_Succeeded,0.038250709,-0.009083865,-4.336808689942e-19
21.640000,0.192761122,0.003713361,-0.446293878,0.018517808,0.045355750,2.633619,1,Solve_Succeeded,0.038250709,-0.009083865,-4.336808689942e-19
21.650000,0.188302648,0.003897977,-0.445914376,0.018470070,0.049750993,3.304868,1,Solve_Succeeded,0.041918618,-0.009187886,0.000000000000e+00
21.660000,0.183848367,0.004081655,-0.445501058,0.018383143,0.049750993,3.304868,1,Solve_Succeeded,0.041918618,-0.009187886,0.000000000000e+00
21.670000,0.179398253,0.004264909,-0.445084854,0.018334036,0.054113424,2.605285,1,Solve_Succeeded,0.045559075,-0.009289750,0.000000000000e+00
21.680000,0.174952696,0.004447214,-0.444635088,0.018246037,0.054113424,2.605285,1,Solve_Succeeded,0.045559075,-0.009289750,0.000000000000e+00
21.690000,0.170511670,0.004629081,-0.444182456,0.018195578,0.058442469,3.454526,1,Solve_Succeeded,0.049171602,-0.009389451,0.000000000000e+00
21.700000,0.166075562,0.004809989,-0.443696519,0.018106528,0.058442469,3.454526,1,Solve_Succeeded,0.049171602,-0.009389451,0.000000000000e+00
21.710000,0.161644347,0.004990445,-0.443207739,0.018054731,0.062737565,2.590009,1,Solve_Succeeded,0.052755729,-0.009486983,0.000000000000e+00
21.720000,0.157218409,0.005169933,-0.442685914,0.017964652,0.062737565,2.590009,1,Solve_Succeeded,0.052755729,-0.009486983,0.000000000000e+00
21.730000,0.152797722,0.005348954,-0.442161269,0.017911534,0.066998155,2.659426,1,Solve_Succeeded,0.056310992,-0.009582343,4.336808689942e-19
21.740000,0.148382668,0.005526998,-0.441603845,0.017820446,0.066998155,2.659426,1,Solve_Succeeded,0.056310992,-0.009582343,4.336808689942e-19
21.750000,0.143973220,0.005704562,-0.441043622,0.017766022,0.071223691,2.599943,1,Solve_Succeeded,0.059836934,-0.009675526,0.000000000000e+00
21.760000,0.139569757,0.005881139,-0.440450891,0.017673946,0.071223691,2.599943,1,Solve_Succeeded,0.059836934,-0.009675526,0.000000000000e+00
21.770000,0.135172254,0.006057223,-0.439855385,0.017618234,0.075413635,2.921138,1,Solve_Succeeded,0.063333108,-0.009766526,4.336808689942e-19
21.780000,0.130781085,0.006232311,-0.439227644,0.017525191,0.075413635,2.921138,1,Solve_Succeeded,0.063333108,-0.009766526,4.336808689942e-19
21.790000,0.126396226,0.006406892,-0.438597151,0.017468205,0.079567459,2.642287,1,Solve_Succeeded,0.066799070,-0.009855341,-4.336808689942e-19
21.800000,0.122018049,0.006580469,-0.437934701,0.017374217,0.079567459,2.642287,1,Solve_Succeeded,0.066799070,-0.009855341,-4.336808689942e-19
21.810000,0.117646527,0.006753526,-0.437269523,0.017315975,0.083684640,2.587544,1,Solve_Succeeded,0.070234389,-0.009941966,-8.673617379884e-19
21.820000,0.113282030,0.006925569,-0.436572671,0.017221061,0.083684640,2.587544,1,Solve_Succeeded,0.070234389,-0.009941966,-8.673617379884e-19
21.830000,0.108924534,0.007097079,-0.435873114,0.017161580,0.087764668,3.087542,1,Solve_Succeeded,0.073638635,-0.010026399,-8.673617379884e-19
21.840000,0.104574402,0.007267568,-0.435142168,0.017065763,0.087764668,3.087542,1,Solve_Succeeded,0.073638635,-0.010026399,-8.673617379884e-19
21.850000,0.100231611,0.007437511,-0.434408543,0.017005058,0.091807040,2.733257,1,Solve_Succeeded,0.077011392,-0.010108637,0.000000000000e+00
21.860000,0.095896522,0.007606424,-0.433643818,0.016908358,0.091807040,2.733257,1,Solve_Succeeded,0.077011392,-0.010108637,0.000000000000e+00
21.870000,0.091569112,0.007774780,-0.432876439,0.016846447,0.095811261,2.987292,1,Solve_Succeeded,0.080352247,-0.010188676,0.000000000000e+00
21.880000,0.087249738,0.007942096,-0.432078254,0.016748886,0.095811261,2.987292,1,Solve_Succeeded,0.080352247,-0.010188676,0.000000000000e+00
21.890000,0.082938377,0.008108843,-0.431277440,0.016685786,0.099776848,2.721742,1,Solve_Succeeded,0.083660795,-0.010266514,0.000000000000e+00
21.900000,0.078635383,0.008274543,-0.430446117,0.016587385,0.099776848,2.721742,1,Solve_Succeeded,0.083660795,-0.010266514,0.000000000000e+00
21.910000,0.074340733,0.008439661,-0.429612190,0.016523113,0.103703325,2.604614,1,Solve_Succeeded,0.086936641,-0.010342150,0.000000000000e+00
21.920000,0.070054777,0.008603725,-0.428748055,0.016423893,0.103703325,2.604614,1,Solve_Succeeded,0.086936641,-0.010342150,0.000000000000e+00
21.930000,0.065777493,0.008767194,-0.427881342,0.016358466,0.107590224,2.565094,1,Solve_Succeeded,0.090179397,-0.010415582,0.000000000000e+00
21.940000,0.061509228,0.008929602,-0.426984727,0.016258449,0.107590224,2.565094,1,Solve_Succeeded,0.090179397,-0.010415582,0.000000000000e+00
21.950000,0.057249959,0.009091403,-0.426085558,0.016191884,0.111437090,3.309796,1,Solve_Succeeded,0.093388679,-0.010486808,-8.673617379884e-19
21.960000,0.053000030,0.009252136,-0.425156796,0.016091091,0.111437090,3.309796,1,Solve_Succeeded,0.093388679,-0.010486808,-8.673617379884e-19
21.970000,0.048759419,0.009412251,-0.424225506,0.016023405,0.115243473,2.588192,1,Solve_Succeeded,0.096564117,-0.010555828,0.000000000000e+00
21.980000,0.044528464,0.009571290,-0.423264934,0.015921857,0.115243473,2.588192,1,Solve_Succeeded,0.096564117,-0.010555828,0.000000000000e+00
21.990000,0.040307145,0.009729699,-0.422301862,0.015853069,0.119008936,3.193849,1,Solve_Succeeded,0.099705342,-0.010622641,8.673617379884e-19
22.000000,0.036095798,0.009887027,-0.421309822,0.015750788,0.119008936,3.193849,1,Solve_Succeeded,0.099705342,-0.010622641,8.673617379884e-19
22.010000,0.031894400,0.010043713,-0.420315309,0.015680915,0.122733048,2.677357,1,Solve_Succeeded,0.102811999,-0.010687246,8.673617379884e-19
22.020000,0.027703284,0.010199310,-0.419292146,0.015577921,0.122733048,2.677357,1,Solve_Succeeded,0.102811999,-0.010687246,8.673617379884e-19
22.030000,0.023522428,0.010354255,-0.418266538,0.015506981,0.126415389,3.366505,1,Solve_Succeeded,0.105883735,-0.010749644,-8.673617379884e-19
22.040000,0.019352162,0.010508105,-0.417212601,0.015403297,0.126415389,3.366505,1,Solve_Succeeded,0.105883735,-0.010749644,-8.673617379884e-19
22.050000,0.015192464,0.010661291,-0.416156246,0.015331306,0.130055548,3.341163,1,Solve_Succeeded,0.108920209,-0.010809835,8.673617379884e-19
22.060000,0.011043659,0.010813376,-0.415071887,0.015226954,0.130055548,3.341163,1,Solve_Succeeded,0.108920209,-0.010809835,8.673617379884e-19
22.070000,0.006905725,0.010964787,-0.413985137,0.015153931,0.133653123,3.096184,1,Solve_Succeeded,0.111921087,-0.010867819,-8.673617379884e-19
22.080000,0.002778985,0.011115091,-0.412870712,0.015048931,0.133653123,3.096184,1,Solve_Succeeded,0.111921087,-0.010867819,-8.673617379884e-19
22.090000,-0.001336584,0.011264709,-0.411753924,0.014974895,0.137207723,3.814558,1,Solve_Succeeded,0.114886040,-0.010923598,0.000000000000e+00
22.100000,-0.005440663,0.011413215,-0.410609790,0.014869268,0.137207723,3.814558,1,Solve_Succeeded,0.114886040,-0.010923598,0.000000000000e+00
22.110000,-0.009533273,0.011561025,-0.409463322,0.014794237,0.140718963,3.035483,1,Solve_Succeeded,0.117814751,-0.010977173,0.000000000000e+00
22.120000,-0.013614100,0.011707718,-0.408289843,0.014688005,0.140718963,3.035483,1,Solve_Succeeded,0.117814751,-0.010977173,0.000000000000e+00
22.130000,-0.017683166,0.011853704,-0.407114058,0.014611996,0.144186472,2.908864,1,Solve_Succeeded,0.120706908,-0.011028545,-8.673617379884e-19
22.140000,-0.021740160,0.011998567,-0.405911597,0.014505181,0.144186472,2.908864,1,Solve_Succeeded,0.120706908,-0.011028545,-8.673617379884e-19
22.150000,-0.025785103,0.012142713,-0.404706860,0.014428212,0.147609884,2.628662,1,Solve_Succeeded,0.123562208,-0.011077716,0.000000000000e+00
22.160000,-0.029817688,0.012285732,-0.403475787,0.014320836,0.147609884,2.628662,1,Solve_Succeeded,0.123562208,-0.011077716,0.000000000000e+00
22.170000,-0.033837936,0.012428024,-0.402242465,0.014242926,0.150988845,2.566996,1,Solve_Succeeded,0.126380355,-0.011124690,-8.673617379884e-19
22.180000,-0.037845545,0.012569183,-0.400983150,0.014135009,0.150988845,2.566996,1,Solve_Succeeded,0.126380355,-0.011124690,-8.673617379884e-19
22.190000,-0.041840535,0.012709606,-0.399721616,0.014056177,0.154323010,2.622710,1,Solve_Succeeded,0.129161062,-0.011169467,8.673617379884e-19
22.200000,-0.045822608,0.012848892,-0.398434433,0.013947740,0.154323010,2.622710,1,Solve_Succeeded,0.129161062,-0.011169467,8.673617379884e-19
22.210000,-0.049791783,0.012987431,-0.397145060,0.013868004,0.157612043,2.792833,1,Solve_Succeeded,0.131904049,-0.011212053,0.000000000000e+00
22.220000,-0.053747767,0.013124830,-0.395830386,0.013759070,0.157612043,2.792833,1,Solve_Succeeded,0.131904049,-0.011212053,0.000000000000e+00
22.230000,-0.057690579,0.013261472,-0.394513552,0.013678448,0.160855618,2.767755,1,Solve_Succeeded,0.134609046,-0.011252449,8.673617379884e-19
22.240000,-0.061619929,0.013396969,-0.393171766,0.013569038,0.160855618,2.767755,1,Solve_Succeeded,0.134609046,-0.011252449,8.673617379884e-19
22.250000,-0.065535836,0.013531701,-0.391827850,0.013487549,0.164053419,3.732312,1,Solve_Succeeded,0.137275787,-0.011290659,0.000000000000e+00
22.260000,-0.069438014,0.013665284,-0.390459335,0.013377684,0.164053419,3.732312,1,Solve_Succeeded,0.137275787,-0.011290659,0.000000000000e+00
22.270000,-0.073326482,0.013798092,-0.389088719,0.013295346,0.167205137,2.609935,1,Solve_Succeeded,0.139904017,-0.011326688,0.000000000000e+00
22.280000,-0.077200959,0.013929748,-0.387693859,0.013185048,0.167205137,2.609935,1,Solve_Succeeded,0.139904017,-0.011326688,0.000000000000e+00
22.290000,-0.081061464,0.014060620,-0.386296929,0.013101880,0.170310477,2.709649,1,Solve_Succeeded,0.142493489,-0.011360540,0.000000000000e+00
22.300000,-0.084907717,0.014190336,-0.384876111,0.012991169,0.170310477,2.709649,1,Solve_Succeeded,0.142493489,-0.011360540,0.000000000000e+00
22.310000,-0.088739739,0.014319260,-0.383453253,0.012907191,0.173369148,2.663821,1,Solve_Succeeded,0.145043962,-0.011392219,0.000000000000e+00
22.320000,-0.092557255,0.014447025,-0.382006867,0.012796089,0.173369148,2.663821,1,Solve_Succeeded,0.145043962,-0.011392219,0.000000000000e+00
22.330000,-0.096360284,0.014573989,-0.380558472,0.012711319,0.176380874,3.285990,1,Solve_Succeeded,0.147555206,-0.011421731,0.000000000000e+00
22.340000,-0.100148556,0.014699790,-0.379086910,0.012599847,0.176380874,3.285990,1,Solve_Succeeded,0.147555206,-0.011421731,0.000000000000e+00
22.350000,-0.103922089,0.014824782,-0.377613370,0.012514303,0.179345385,2.880964,1,Solve_Succeeded,0.150026995,-0.011449080,-1.734723475977e-18
22.360000,-0.107680619,0.014948610,-0.376117026,0.012402484,0.179345385,2.880964,1,Solve_Succeeded,0.150026995,-0.011449080,-1.734723475977e-18
22.370000,-0.111424162,0.015071619,-0.374618735,0.012316185,0.182262421,2.750804,1,Solve_Succeeded,0.152459114,-0.011474273,1.734723475977e-18
22.380000,-0.115152459,0.015193462,-0.373098005,0.012204038,0.182262421,2.750804,1,Solve_Succeeded,0.152459114,-0.011474273,1.734723475977e-18
22.390000,-0.118865525,0.015314478,-0.371575359,0.012117004,0.185131733,2.670525,1,Solve_Succeeded,0.154851355,-0.011497315,-1.734723475977e-18
22.400000,-0.122563106,0.015434325,-0.370030642,0.012004551,0.185131733,2.670525,1,Solve_Succeeded,0.154851355,-0.011497315,-1.734723475977e-18
22.410000,-0.126245217,0.015553339,-0.368484040,0.011916800,0.187953081,2.727339,1,Solve_Succeeded,0.157203519,-0.011518213,0.000000000000e+00
22.420000,-0.129911607,0.015671180,-0.366915737,0.011804062,0.187953081,2.727339,1,Solve_Succeeded,0.157203519,-0.011518213,0.000000000000e+00
22.430000,-0.133562292,0.015788180,-0.365345580,0.011715614,0.190726233,2.560386,1,Solve_Succeeded,0.159515412,-0.011536974,1.734723475977e-18
22.440000,-0.137197024,0.015904007,-0.363754092,0.011602611,0.190726233,2.560386,1,Solve_Succeeded,0.159515412,-0.011536974,1.734723475977e-18
22.450000,-0.140815820,0.016018985,-0.362160782,0.011513485,0.193450968,2.736773,1,Solve_Succeeded,0.161786852,-0.011553604,0.000000000000e+00
22.460000,-0.144418437,0.016132787,-0.360546514,0.011400239,0.193450968,2.736773,1,Solve_Succeeded,0.161786852,-0.011553604,0.000000000000e+00
22.470000,-0.148004889,0.016245733,-0.358930456,0.011310453,0.196127075,2.692774,1,Solve_Succeeded,0.164017662,-0.011568111,0.000000000000e+00
22.480000,-0.151574939,0.016357503,-0.357293813,0.011196985,0.196127075,2.692774,1,Solve_Succeeded,0.164017662,-0.011568111,0.000000000000e+00
22.490000,-0.155128602,0.016468409,-0.355655413,0.011106559,0.198754351,2.773938,1,Solve_Succeeded,0.166207674,-0.011580503,0.000000000000e+00
22.500000,-0.158665643,0.016578137,-0.353996804,0.010992889,0.198754351,2.773938,1,Solve_Succeeded,0.166207674,-0.011580503,0.000000000000e+00
22.510000,-0.162186078,0.016686995,-0.352336470,0.010901842,0.201332605,2.700477,1,Solve_Succeeded,0.168356728,-0.011590787,0.000000000000e+00
22.520000,-0.165689676,0.016794674,-0.350656304,0.010787992,0.201332605,2.700477,1,Solve_Succeeded,0.168356728,-0.011590787,0.000000000000e+00
22.530000,-0.169176452,0.016901476,-0.348974444,0.010696342,0.203861652,3.544946,1,Solve_Succeeded,0.170464672,-0.011598972,1.734723475977e-18
22.540000,-0.172646181,0.017007098,-0.347273132,0.010582332,0.203861652,3.544946,1,Solve_Succeeded,0.170464672,-0.011598972,1.734723475977e-18
22.550000,-0.176098878,0.017111836,-0.345570159,0.010490100,0.206341320,2.580477,1,Solve_Succeeded,0.172531362,-0.011605067,0.000000000000e+00
22.560000,-0.179534320,0.017215394,-0.343848112,0.010375951,0.206341320,2.580477,1,Solve_Succeeded,0.172531362,-0.011605067,0.000000000000e+00
22.570000,-0.182952522,0.017318062,-0.342124437,0.010283154,0.208771443,3.880666,1,Solve_Succeeded,0.174556661,-0.011609080,0.000000000000e+00
22.580000,-0.186353268,0.017419549,-0.340382071,0.010168886,0.208771443,3.880666,1,Solve_Succeeded,0.174556661,-0.011609080,0.000000000000e+00
22.590000,-0.189736572,0.017520140,-0.338638108,0.010075546,0.211151869,2.771713,1,Solve_Succeeded,0.176540441,-0.011611021,0.000000000000e+00
22.600000,-0.193102220,0.017619550,-0.336875837,0.009961179,0.211151869,2.771713,1,Solve_Succeeded,0.176540441,-0.011611021,0.000000000000e+00
22.610000,-0.196450228,0.017718057,-0.335112001,0.009867313,0.213482450,2.725008,1,Solve_Succeeded,0.178482582,-0.011610900,0.000000000000e+00
22.620000,-0.199780386,0.017815384,-0.333330241,0.009752869,0.213482450,2.725008,1,Solve_Succeeded,0.178482582,-0.011610900,0.000000000000e+00
22.630000,-0.203092708,0.017911802,-0.331546949,0.009658496,0.215763053,2.768078,1,Solve_Succeeded,0.180382971,-0.011608726,1.734723475977e-18
22.640000,-0.206386992,0.018007040,-0.329746117,0.009543995,0.215763053,2.768078,1,Solve_Succeeded,0.180382971,-0.011608726,1.734723475977e-18
22.650000,-0.209663249,0.018101364,-0.327943786,0.009449135,0.217993550,3.343265,1,Solve_Succeeded,0.182241503,-0.011604510,0.000000000000e+00
22.660000,-0.212921281,0.018194508,-0.326124300,0.009334596,0.217993550,3.343265,1,Solve_Succeeded,0.182241503,-0.011604510,0.000000000000e+00
22.670000,-0.216161101,0.018286732,-0.324303349,0.009239269,0.220173824,2.562944,1,Solve_Succeeded,0.184058081,-0.011598262,1.734723475977e-18
22.680000,-0.219382514,0.018377777,-0.322465629,0.009124713,0.220173824,2.562944,1,Solve_Succeeded,0.184058081,-0.011598262,1.734723475977e-18
22.690000,-0.222585534,0.018467898,-0.320626477,0.009028936,0.222303769,2.650506,1,Solve_Succeeded,0.185832617,-0.011589994,1.734723475977e-18
22.700000,-0.225769969,0.018556839,-0.318770944,0.008914383,0.222303769,2.650506,1,Solve_Succeeded,0.185832617,-0.011589994,1.734723475977e-18
22.710000,-0.228935832,0.018644851,-0.316914011,0.008818177,0.224383286,2.949435,1,Solve_Succeeded,0.187565029,-0.011579716,-1.734723475977e-18
22.720000,-0.232082937,0.018731686,-0.315041085,0.008703647,0.224383286,2.949435,1,Solve_Succeeded,0.187565029,-0.011579716,-1.734723475977e-18
22.730000,-0.235211298,0.018817586,-0.313166793,0.008607030,0.226412286,3.141865,1,Solve_Succeeded,0.189255245,-0.011567440,-1.734723475977e-18
22.740000,-0.238320732,0.018902309,-0.311276896,0.008492542,0.226412286,3.141865,1,Solve_Succeeded,0.189255245,-0.011567440,-1.734723475977e-18
22.750000,-0.241411251,0.018986093,-0.309385666,0.008395534,0.228390690,2.609850,1,Solve_Succeeded,0.190903197,-0.011553179,-1.734723475977e-18
22.760000,-0.244482679,0.019068702,-0.307479221,0.008281109,0.228390690,2.609850,1,Solve_Succeeded,0.190903197,-0.011553179,-1.734723475977e-18
22.770000,-0.247535027,0.019150368,-0.305571477,0.008183728,0.230318428,2.707120,1,Solve_Succeeded,0.192508829,-0.011536943,0.000000000000e+00
22.780000,-0.250568123,0.019230860,-0.303648906,0.008069385,0.230318428,2.707120,1,Solve_Succeeded,0.192508829,-0.011536943,0.000000000000e+00
22.790000,-0.253581979,0.019310404,-0.301725070,0.007971651,0.232195438,2.680518,1,Solve_Succeeded,0.194072090,-0.011518747,0.000000000000e+00
22.800000,-0.256576426,0.019388776,-0.299786798,0.007857409,0.232195438,2.680518,1,Solve_Succeeded,0.194072090,-0.011518747,0.000000000000e+00
22.810000,-0.259551477,0.019466197,-0.297847294,0.007759340,0.234021669,2.901375,1,Solve_Succeeded,0.195592938,-0.011498602,1.734723475977e-18
22.820000,-0.262506967,0.019542447,-0.295893744,0.007645220,0.234021669,2.901375,1,Solve_Succeeded,0.195592938,-0.011498602,1.734723475977e-18
22.830000,-0.265442907,0.019617742,-0.293938996,0.007546836,0.235797079,3.263967,1,Solve_Succeeded,0.197071337,-0.011476522,0.000000000000e+00
22.840000,-0.268359139,0.019691870,-0.291970594,0.007432856,0.235797079,3.263967,1,Solve_Succeeded,0.197071337,-0.011476522,0.000000000000e+00
22.850000,-0.271255674,0.019765037,-0.290001025,0.007334175,0.237521634,2.640647,1,Solve_Succeeded,0.198507262,-0.011452519,0.000000000000e+00
22.860000,-0.274132357,0.019837040,-0.288018195,0.007220355,0.237521634,2.640647,1,Solve_Succeeded,0.198507262,-0.011452519,0.000000000000e+00
22.870000,-0.276989198,0.019908079,-0.286034232,0.007121397,0.239195309,3.806475,1,Solve_Succeeded,0.199900692,-0.011426609,0.000000000000e+00
22.880000,-0.279826048,0.019977956,-0.284037398,0.007007755,0.239195309,3.806475,1,Solve_Succeeded,0.199900692,-0.011426609,0.000000000000e+00
22.890000,-0.282642917,0.020046867,-0.282039465,0.006908538,0.240818090,2.830921,1,Solve_Succeeded,0.201251615,-0.011398804,0.000000000000e+00
22.900000,-0.285439660,0.020114617,-0.280029053,0.006795093,0.240818090,2.830921,1,Solve_Succeeded,0.201251615,-0.011398804,0.000000000000e+00
22.910000,-0.288216286,0.020181398,-0.278017575,0.006695636,0.242389970,2.700344,1,Solve_Succeeded,0.202560027,-0.011369120,0.000000000000e+00
22.920000,-0.290972655,0.020247022,-0.275994009,0.006582408,0.242389970,2.700344,1,Solve_Succeeded,0.202560027,-0.011369120,0.000000000000e+00
22.930000,-0.293708776,0.020311674,-0.273969411,0.006482730,0.243910951,3.027303,1,Solve_Succeeded,0.203825930,-0.011337570,0.000000000000e+00
22.940000,-0.296424514,0.020375172,-0.271933118,0.006369736,0.243910951,3.027303,1,Solve_Succeeded,0.203825930,-0.011337570,0.000000000000e+00
22.950000,-0.299119877,0.020437694,-0.269895825,0.006269856,0.245381047,2.615592,1,Solve_Succeeded,0.205049336,-0.011304170,1.734723475977e-18
22.960000,-0.301794734,0.020499066,-0.267847229,0.006157116,0.245381047,2.615592,1,Solve_Succeeded,0.205049336,-0.011304170,1.734723475977e-18
22.970000,-0.304449094,0.020559460,-0.265797666,0.006057051,0.246800277,2.588134,1,Solve_Succeeded,0.206230263,-0.011268934,-1.734723475977e-18
22.980000,-0.307082830,0.020618708,-0.263737191,0.005944583,0.246800277,2.588134,1,Solve_Succeeded,0.206230263,-0.011268934,-1.734723475977e-18
22.990000,-0.309695950,0.020676974,-0.261675784,0.005844353,0.248168670,2.908416,1,Solve_Succeeded,0.207368734,-0.011231878,1.734723475977e-18
23.000000,-0.312288332,0.020734098,-0.259603855,0.005732176,0.248168670,2.908416,1,Solve_Succeeded,0.207368734,-0.011231878,1.734723475977e-18
23.010000,-0.314859984,0.020790239,-0.257531028,0.005631799,0.249486266,3.936645,1,Solve_Succeeded,0.208464784,-0.011193019,0.000000000000e+00
23.020000,-0.317410789,0.020845241,-0.255448070,0.005519929,0.249486266,3.936645,1,Solve_Succeeded,0.208464784,-0.011193019,0.000000000000e+00
23.030000,-0.319940754,0.020899258,-0.253364246,0.005419424,0.250753110,2.678443,1,Solve_Succeeded,0.209518453,-0.011152371,0.000000000000e+00
23.040000,-0.322449766,0.020952140,-0.251270682,0.005307881,0.250753110,2.678443,1,Solve_Succeeded,0.209518453,-0.011152371,0.000000000000e+00
23.050000,-0.324937833,0.021004035,-0.249176287,0.005207265,0.251969259,2.650999,1,Solve_Succeeded,0.210529786,-0.011109951,0.000000000000e+00
23.060000,-0.327404846,0.021054799,-0.247072541,0.005096066,0.251969259,2.650999,1,Solve_Succeeded,0.210529786,-0.011109951,0.000000000000e+00
23.070000,-0.329850812,0.021104575,-0.244967996,0.004995359,0.253134777,2.643349,1,Solve_Succeeded,0.211498840,-0.011065776,0.000000000000e+00
23.080000,-0.332275628,0.021153225,-0.242854491,0.004884522,0.253134777,2.643349,1,Solve_Succeeded,0.211498840,-0.011065776,0.000000000000e+00
23.090000,-0.334679299,0.021200884,-0.240740220,0.004783741,0.254249737,3.512706,1,Solve_Succeeded,0.212425675,-0.011019862,1.734723475977e-18
23.100000,-0.337061726,0.021247422,-0.238617378,0.004673283,0.254249737,3.512706,1,Solve_Succeeded,0.212425675,-0.011019862,1.734723475977e-18
23.110000,-0.339422917,0.021292969,-0.236493803,0.004572447,0.255314221,2.750544,1,Solve_Succeeded,0.213310360,-0.010972227,0.000000000000e+00
23.120000,-0.341762775,0.021337398,-0.234362046,0.004462385,0.255314221,2.750544,1,Solve_Succeeded,0.213310360,-0.010972227,0.000000000000e+00
23.130000,-0.344081308,0.021380835,-0.232229589,0.004361512,0.256328317,3.509336,1,Solve_Succeeded,0.214152971,-0.010922887,0.000000000000e+00
23.140000,-0.346378425,0.021423160,-0.230089337,0.004251864,0.256328317,3.509336,1,Solve_Succeeded,0.214152971,-0.010922887,0.000000000000e+00
23.150000,-0.348654131,0.021464492,-0.227948419,0.004150972,0.257292126,2.681155,1,Solve_Succeeded,0.214953591,-0.010871860,0.000000000000e+00
23.160000,-0.350908340,0.021504717,-0.225800092,0.004041755,0.257292126,2.681155,1,Solve_Succeeded,0.214953591,-0.010871860,0.000000000000e+00
23.170000,-0.353141059,0.021543948,-0.223651133,0.003940861,0.258205752,3.767436,1,Solve_Succeeded,0.215712310,-0.010819165,0.000000000000e+00
23.180000,-0.355352206,0.021582076,-0.221495151,0.003832091,0.258205752,3.767436,1,Solve_Succeeded,0.215712310,-0.010819165,0.000000000000e+00
23.190000,-0.357541786,0.021619211,-0.219338569,0.003731213,0.259069312,2.733500,1,Solve_Succeeded,0.216429223,-0.010764818,-1.734723475977e-18
23.200000,-0.359709722,0.021655249,-0.217175350,0.003622908,0.259069312,2.733500,1,Solve_Succeeded,0.216429223,-0.010764818,-1.734723475977e-18
23.210000,-0.361856019,0.021690291,-0.215011564,0.003522065,0.259882928,2.864134,1,Solve_Succeeded,0.217104436,-0.010708838,-1.734723475977e-18
23.220000,-0.363980605,0.021724243,-0.212841525,0.003414241,0.259882928,2.864134,1,Solve_Succeeded,0.217104436,-0.010708838,-1.734723475977e-18
23.230000,-0.366083484,0.021757200,-0.210670952,0.003313448,0.260646732,2.572814,1,Solve_Succeeded,0.217738059,-0.010651244,0.000000000000e+00
23.240000,-0.368164589,0.021789072,-0.208494509,0.003206122,0.260646732,2.572814,1,Solve_Succeeded,0.217738059,-0.010651244,0.000000000000e+00
23.250000,-0.370223923,0.021819948,-0.206317564,0.003105399,0.261360864,3.392499,1,Solve_Succeeded,0.218330207,-0.010592055,1.734723475977e-18
23.260000,-0.372261423,0.021849745,-0.204135132,0.002998585,0.261360864,3.392499,1,Solve_Succeeded,0.218330207,-0.010592055,1.734723475977e-18
23.270000,-0.374277093,0.021878547,-0.201952232,0.002897949,0.262025471,2.815084,1,Solve_Succeeded,0.218881007,-0.010531289,0.000000000000e+00
23.280000,-0.376270874,0.021906276,-0.199764225,0.002791665,0.262025471,2.815084,1,Solve_Succeeded,0.218881007,-0.010531289,0.000000000000e+00
23.290000,-0.378242770,0.021933010,-0.197575782,0.002691132,0.262640708,2.838856,1,Solve_Succeeded,0.219390587,-0.010468965,-1.734723475977e-18
23.300000,-0.380192725,0.021958678,-0.195382612,0.002585393,0.262640708,2.838856,1,Solve_Succeeded,0.219390587,-0.010468965,-1.734723475977e-18
23.310000,-0.382120745,0.021983350,-0.193189038,0.002484981,0.263206738,2.776226,1,Solve_Succeeded,0.219859085,-0.010405102,-1.734723475977e-18
23.320000,-0.384026777,0.022006963,-0.190991116,0.002379803,0.263206738,2.776226,1,Solve_Succeeded,0.219859085,-0.010405102,-1.734723475977e-18
23.330000,-0.385910826,0.022029581,-0.188792823,0.002279530,0.263723734,2.774468,1,Solve_Succeeded,0.220286645,-0.010339721,1.734723475977e-18
23.340000,-0.387772845,0.022051146,-0.186590559,0.002174928,0.263723734,2.774468,1,Solve_Succeeded,0.220286645,-0.010339721,1.734723475977e-18
23.350000,-0.389612838,0.022071717,-0.184387956,0.002074809,0.264191874,2.678212,1,Solve_Succeeded,0.220673417,-0.010272841,0.000000000000e+00
23.360000,-0.391430762,0.022091242,-0.182181759,0.001970799,0.264191874,2.678212,1,Solve_Succeeded,0.220673417,-0.010272841,0.000000000000e+00
23.370000,-0.393226621,0.022109774,-0.179975254,0.001870852,0.264611344,2.659095,1,Solve_Succeeded,0.221019557,-0.010204482,-1.734723475977e-18
23.380000,-0.395000377,0.022127266,-0.177765528,0.001767449,0.264611344,2.659095,1,Solve_Succeeded,0.221019557,-0.010204482,-1.734723475977e-18
23.390000,-0.396752032,0.022143767,-0.175555528,0.001667690,0.264982339,2.689306,1,Solve_Succeeded,0.221325228,-0.010134664,-1.734723475977e-18
23.400000,-0.398481554,0.022159234,-0.173342680,0.001564909,0.264982339,2.689306,1,Solve_Succeeded,0.221325228,-0.010134664,-1.734723475977e-18
23.410000,-0.400188944,0.022173712,-0.171129589,0.001465355,0.265305061,2.844770,1,Solve_Succeeded,0.221590600,-0.010063407,-1.734723475977e-18
23.420000,-0.401874175,0.022187164,-0.168914021,0.001363210,0.265305061,2.844770,1,Solve_Succeeded,0.221590600,-0.010063407,-1.734723475977e-18
23.430000,-0.403537247,0.022199627,-0.166698243,0.001263878,0.265579719,3.012597,1,Solve_Succeeded,0.221815848,-0.009990733,0.000000000000e+00
23.440000,-0.405178137,0.022211072,-0.164480358,0.001162384,0.265579719,3.012597,1,Solve_Succeeded,0.221815848,-0.009990733,0.000000000000e+00
23.450000,-0.406796845,0.022221530,-0.162262293,0.001063289,0.265806529,2.654272,1,Solve_Succeeded,0.222001152,-0.009916660,-1.734723475977e-18
23.460000,-0.408393353,0.022230977,-0.160042490,0.000962461,0.265806529,2.654272,1,Solve_Succeeded,0.222001152,-0.009916660,-1.734723475977e-18
23.470000,-0.409967661,0.022239439,-0.157822539,0.000863620,0.265985715,2.887798,1,Solve_Succeeded,0.222146702,-0.009841211,0.000000000000e+00
23.480000,-0.411519753,0.022246897,-0.155601216,0.000763471,0.265985715,2.887798,1,Solve_Succeeded,0.222146702,-0.009841211,0.000000000000e+00
23.490000,-0.413049630,0.022253372,-0.153379776,0.000664900,0.266117508,2.546551,1,Solve_Succeeded,0.222252690,-0.009764406,-1.734723475977e-18
23.500000,-0.414557282,0.022258851,-0.151157328,0.000565444,0.266117508,2.546551,1,Solve_Succeeded,0.222252690,-0.009764406,-1.734723475977e-18
23.510000,-0.416042708,0.022263349,-0.148934795,0.000467159,0.266202147,2.609232,1,Solve_Succeeded,0.222319316,-0.009686267,0.000000000000e+00
23.520000,-0.417505901,0.022266859,-0.146711617,0.000368410,0.266202147,2.609232,1,Solve_Succeeded,0.222319316,-0.009686267,0.000000000000e+00
23.530000,-0.418946861,0.022269390,-0.144488385,0.000270427,0.266239877,2.653633,1,Solve_Succeeded,0.222346786,-0.009606814,0.000000000000e+00
23.540000,-0.420365586,0.022270941,-0.142264869,0.000172398,0.266239877,2.653633,1,Solve_Succeeded,0.222346786,-0.009606814,0.000000000000e+00
23.550000,-0.421762075,0.022271516,-0.140041329,0.000074732,0.266230950,2.564197,1,Solve_Succeeded,0.222335310,-0.009526070,0.000000000000e+00
23.560000,-0.423136330,0.022271119,-0.137817864,-0.000022562,0.266230950,2.564197,1,Solve_Succeeded,0.222335310,-0.009526070,0.000000000000e+00
23.570000,-0.424488350,0.022269748,-0.135594406,-0.000119896,0.266175625,2.616604,1,Solve_Succeeded,0.222285107,-0.009444055,1.734723475977e-18
23.580000,-0.425818141,0.022267413,-0.133371380,-0.000216443,0.266175625,2.616604,1,Solve_Succeeded,0.222285107,-0.009444055,1.734723475977e-18
23.590000,-0.427125702,0.022264108,-0.131148392,-0.000313428,0.266074169,3.202952,1,Solve_Succeeded,0.222196397,-0.009360791,1.734723475977e-18
23.600000,-0.428411043,0.022259846,-0.128926191,-0.000409216,0.266074169,3.202952,1,Solve_Succeeded,0.222196397,-0.009360791,1.734723475977e-18
23.610000,-0.429674162,0.022254618,-0.126704057,-0.000505838,0.265926852,2.899846,1,Solve_Succeeded,0.222069411,-0.009276301,0.000000000000e+00
23.620000,-0.430915073,0.022248441,-0.124483064,-0.000600852,0.265926852,2.899846,1,Solve_Succeeded,0.222069411,-0.009276301,0.000000000000e+00
23.630000,-0.432133775,0.022241301,-0.122262168,-0.000697096,0.265733956,2.959779,1,Solve_Succeeded,0.221904381,-0.009190606,0.000000000000e+00
23.640000,-0.433330286,0.022233221,-0.120042762,-0.000791326,0.265733956,2.959779,1,Solve_Succeeded,0.221904381,-0.009190606,0.000000000000e+00
23.650000,-0.434504605,0.022224180,-0.117823485,-0.000887176,0.265495766,2.686314,1,Solve_Succeeded,0.221701547,-0.009103729,0.000000000000e+00
23.660000,-0.435656752,0.022214209,-0.115606047,-0.000980608,0.265495766,2.686314,1,Solve_Succeeded,0.221701547,-0.009103729,0.000000000000e+00
23.670000,-0.436786727,0.022203280,-0.113388766,-0.001076051,0.265212574,2.846737,1,Solve_Succeeded,0.221461153,-0.009015691,0.000000000000e+00
23.680000,-0.437894555,0.022191430,-0.111173670,-0.001168673,0.265212574,2.846737,1,Solve_Succeeded,0.221461153,-0.009015691,0.000000000000e+00
23.690000,-0.438980234,0.022178625,-0.108958762,-0.001263693,0.264884678,2.593759,1,Solve_Succeeded,0.221183449,-0.008926515,-1.734723475977e-18
23.700000,-0.440043793,0.022164908,-0.106746383,-0.001355495,0.264884678,2.593759,1,Solve_Succeeded,0.221183449,-0.008926515,-1.734723475977e-18
23.710000,-0.441085232,0.022150241,-0.104534220,-0.001450077,0.264512383,2.612595,1,Solve_Succeeded,0.220868691,-0.008836223,0.000000000000e+00
23.720000,-0.442104582,0.022134670,-0.102324928,-0.001541046,0.264512383,2.612595,1,Solve_Succeeded,0.220868691,-0.008836223,0.000000000000e+00
23.730000,-0.443101843,0.022118152,-0.100115882,-0.001635177,0.264096001,2.792139,1,Solve_Succeeded,0.220517138,-0.008744837,-1.734723475977e-18
23.740000,-0.444077051,0.022100740,-0.097910046,-0.001725301,0.264096001,2.792139,1,Solve_Succeeded,0.220517138,-0.008744837,-1.734723475977e-18
23.750000,-0.445030203,0.022082385,-0.095704484,-0.001818968,0.263635848,2.641232,1,Solve_Succeeded,0.220129057,-0.008652381,-1.734723475977e-18
23.760000,-0.445961342,0.022063145,-0.093502469,-0.001908236,0.263635848,2.641232,1,Solve_Succeeded,0.220129057,-0.008652381,-1.734723475977e-18
23.770000,-0.446870464,0.022042966,-0.091300758,-0.002001423,0.263132248,3.879651,1,Solve_Succeeded,0.219704717,-0.008558877,0.000000000000e+00
23.780000,-0.447757615,0.022021912,-0.089102927,-0.002089825,0.263132248,3.879651,1,Solve_Succeeded,0.219704717,-0.008558877,0.000000000000e+00
23.790000,-0.448622791,0.021999923,-0.086905429,-0.002182519,0.262585529,2.651206,1,Solve_Succeeded,0.219244394,-0.008464347,0.000000000000e+00
23.800000,-0.449466042,0.021977068,-0.084712143,-0.002270043,0.262585529,2.651206,1,Solve_Succeeded,0.219244394,-0.008464347,0.000000000000e+00
23.810000,-0.450287365,0.021953283,-0.082519218,-0.002362230,0.261996026,2.997178,1,Solve_Succeeded,0.218748368,-0.008368815,0.000000000000e+00
23.820000,-0.451086811,0.021928642,-0.080330834,-0.002448867,0.261996026,2.997178,1,Solve_Succeeded,0.218748368,-0.008368815,0.000000000000e+00
23.830000,-0.451864378,0.021903075,-0.078142839,-0.002540534,0.261364080,2.604923,1,Solve_Succeeded,0.218216923,-0.008272303,0.000000000000e+00
23.840000,-0.452620123,0.021876661,-0.075959712,-0.002626272,0.261364080,2.604923,1,Solve_Succeeded,0.218216923,-0.008272303,0.000000000000e+00
23.850000,-0.453354041,0.021849326,-0.073777002,-0.002717406,0.260690038,3.115172,1,Solve_Succeeded,0.217650350,-0.008174834,0.000000000000e+00
23.860000,-0.454066193,0.021821154,-0.071599484,-0.002802235,0.260690038,3.115172,1,Solve_Succeeded,0.217650350,-0.008174834,0.000000000000e+00
23.870000,-0.454756575,0.021792066,-0.069422409,-0.002892823,0.259974249,2.682618,1,Solve_Succeeded,0.217048942,-0.008076431,0.000000000000e+00
23.880000,-0.455425252,0.021762150,-0.067250849,-0.002976734,0.259974249,2.682618,1,Solve_Succeeded,0.217048942,-0.008076431,0.000000000000e+00
23.890000,-0.456072218,0.021731324,-0.065079759,-0.003066762,0.259217072,2.819841,1,Solve_Succeeded,0.216412999,-0.007977118,-1.734723475977e-18
23.900000,-0.456697542,0.021699680,-0.062914502,-0.003149745,0.259217072,2.819841,1,Solve_Succeeded,0.216412999,-0.007977118,-1.734723475977e-18
23.910000,-0.457301219,0.021667130,-0.060749743,-0.003239201,0.258418869,2.952362,1,Solve_Succeeded,0.215742822,-0.007876917,0.000000000000e+00
23.920000,-0.457883321,0.021633773,-0.058591132,-0.003321247,0.258418869,2.952362,1,Solve_Succeeded,0.215742822,-0.007876917,0.000000000000e+00
23.930000,-0.458443843,0.021599515,-0.056433046,-0.003410119,0.257580008,2.912151,1,Solve_Succeeded,0.215038721,-0.007775851,1.734723475977e-18
23.940000,-0.458982860,0.021564459,-0.054281420,-0.003491218,0.257580008,2.912151,1,Solve_Succeeded,0.215038721,-0.007775851,1.734723475977e-18
23.950000,-0.459500368,0.021528509,-0.052130347,-0.003579492,0.256700860,2.864649,1,Solve_Succeeded,0.214301006,-0.007673944,-1.734723475977e-18
23.960000,-0.459996444,0.021491771,-0.049986044,-0.003659635,0.256700860,2.864649,1,Solve_Succeeded,0.214301006,-0.007673944,-1.734723475977e-18
23.970000,-0.460471084,0.021454143,-0.047842319,-0.003747301,0.255781805,2.605777,1,Solve_Succeeded,0.213529993,-0.007571219,1.734723475977e-18
23.980000,-0.460924371,0.021415739,-0.045705672,-0.003826479,0.255781805,2.605777,1,Solve_Succeeded,0.213529993,-0.007571219,1.734723475977e-18
23.990000,-0.461356297,0.021376450,-0.043569630,-0.003913523,0.254823224,2.872862,1,Solve_Succeeded,0.212726003,-0.007467698,1.734723475977e-18
24.000000,-0.461766951,0.021336395,-0.041440969,-0.003991729,0.254823224,2.872862,1,Solve_Succeeded,0.212726003,-0.007467698,1.734723475977e-18
24.010000,-0.462156325,0.021295461,-0.039312939,-0.004078140,0.253825505,2.807353,1,Solve_Succeeded,0.211889359,-0.007363405,0.000000000000e+00
24.020000,-0.462524509,0.021253771,-0.037192591,-0.004155364,0.253825505,2.807353,1,Solve_Succeeded,0.211889359,-0.007363405,0.000000000000e+00
24.030000,-0.462871497,0.021211208,-0.035072900,-0.004241130,0.252789041,2.949896,1,Solve_Succeeded,0.211020390,-0.007258364,0.000000000000e+00
24.040000,-0.463197383,0.021167900,-0.032961189,-0.004317365,0.252789041,2.949896,1,Solve_Succeeded,0.211020390,-0.007258364,0.000000000000e+00
24.050000,-0.463502159,0.021123725,-0.030850161,-0.004402475,0.251714228,2.918984,1,Solve_Succeeded,0.210119427,-0.007152597,0.000000000000e+00
24.060000,-0.463785922,0.021078815,-0.028747408,-0.004477712,0.251714228,2.918984,1,Solve_Succeeded,0.210119427,-0.007152597,0.000000000000e+00
24.070000,-0.464048666,0.021033045,-0.026645362,-0.004562155,0.250601467,3.001991,1,Solve_Succeeded,0.209186806,-0.007046128,-1.734723475977e-18
24.080000,-0.464290491,0.020986550,-0.024551884,-0.004636387,0.250601467,3.001991,1,Solve_Succeeded,0.209186806,-0.007046128,-1.734723475977e-18
24.090000,-0.464511389,0.020939200,-0.022459138,-0.004720151,0.249451165,2.752932,1,Solve_Succeeded,0.208222867,-0.006938979,0.000000000000e+00
24.100000,-0.464711464,0.020891138,-0.020375248,-0.004793370,0.249451165,2.752932,1,Solve_Succeeded,0.208222867,-0.006938979,0.000000000000e+00
24.110000,-0.464890709,0.020842226,-0.018292115,-0.004876445,0.248263732,2.856149,1,Solve_Succeeded,0.207227953,-0.006831175,0.000000000000e+00
24.120000,-0.465049230,0.020792613,-0.016218124,-0.004948644,0.248263732,2.856149,1,Solve_Succeeded,0.207227953,-0.006831175,0.000000000000e+00
24.130000,-0.465187021,0.020742157,-0.014144914,-0.005031019,0.247039582,2.649056,1,Solve_Succeeded,0.206202409,-0.006722737,0.000000000000e+00
24.140000,-0.465304190,0.020691010,-0.012081128,-0.005102192,0.247039582,2.649056,1,Solve_Succeeded,0.206202409,-0.006722737,0.000000000000e+00
24.150000,-0.465400731,0.020639027,-0.010018148,-0.005183855,0.245779134,2.803410,1,Solve_Succeeded,0.205146587,-0.006613691,0.000000000000e+00
24.160000,-0.465476756,0.020586363,-0.007964872,-0.005253994,0.245779134,2.803410,1,Solve_Succeeded,0.205146587,-0.006613691,0.000000000000e+00
24.170000,-0.465532259,0.020532871,-0.005912424,-0.005334937,0.244482810,2.648866,1,Solve_Succeeded,0.204060839,-0.006504057,0.000000000000e+00
24.180000,-0.465567354,0.020478709,-0.003869956,-0.005404036,0.244482810,2.648866,1,Solve_Succeeded,0.204060839,-0.006504057,0.000000000000e+00
24.190000,-0.465582034,0.020423725,-0.001828341,-0.005484247,0.243151037,3.159673,1,Solve_Succeeded,0.202945521,-0.006393860,-1.734723475977e-18
24.200000,-0.465576419,0.020368082,0.000203021,-0.005552300,0.243151037,3.159673,1,Solve_Succeeded,0.202945521,-0.006393860,-1.734723475977e-18
24.210000,-0.465550501,0.020311624,0.002233508,-0.005631770,0.241784245,2.587521,1,Solve_Succeeded,0.201800995,-0.006283123,0.000000000000e+00
24.220000,-0.465504402,0.020254518,0.004253473,-0.005698771,0.241784245,2.587521,1,Solve_Succeeded,0.201800995,-0.006283123,0.000000000000e+00
24.230000,-0.465438113,0.020196604,0.006272539,-0.005777489,0.240382869,2.812086,1,Solve_Succeeded,0.200627622,-0.006171868,0.000000000000e+00
24.240000,-0.465351761,0.020138053,0.008280817,-0.005843432,0.240382869,2.812086,1,Solve_Succeeded,0.200627622,-0.006171868,0.000000000000e+00
24.250000,-0.465245337,0.020078702,0.010288174,-0.005921390,0.238947346,2.604405,1,Solve_Succeeded,0.199425768,-0.006060119,0.000000000000e+00
24.260000,-0.465118969,0.020018725,0.012284480,-0.005986268,0.238947346,2.604405,1,Solve_Succeeded,0.199425768,-0.006060119,0.000000000000e+00
24.270000,-0.464972650,0.019957954,0.014279842,-0.006063456,0.237478117,2.790306,1,Solve_Succeeded,0.198195803,-0.005947899,0.000000000000e+00
24.280000,-0.464806509,0.019896568,0.016263894,-0.006127265,0.237478117,2.790306,1,Solve_Succeeded,0.198195803,-0.005947899,0.000000000000e+00
24.290000,-0.464620540,0.019834397,0.018246980,-0.006203674,0.235975627,2.825635,1,Solve_Succeeded,0.196938098,-0.005835229,3.469446951954e-18
24.300000,-0.464414876,0.019771622,0.020218500,-0.006266408,0.235975627,2.825635,1,Solve_Succeeded,0.196938098,-0.005835229,3.469446951954e-18
24.310000,-0.464189508,0.019708068,0.022189032,-0.006342029,0.234440324,2.822785,1,Solve_Succeeded,0.195653028,-0.005722134,-1.734723475977e-18
24.320000,-0.463944574,0.019643923,0.024147746,-0.006403684,0.234440324,2.822785,1,Solve_Succeeded,0.195653028,-0.005722134,-1.734723475977e-18
24.330000,-0.463680065,0.019579006,0.026105451,-0.006478507,0.232872660,3.721527,1,Solve_Succeeded,0.194340969,-0.005608635,0.000000000000e+00
24.340000,-0.463396121,0.019513508,0.028051088,-0.006539078,0.232872660,3.721527,1,Solve_Succeeded,0.194340969,-0.005608635,0.000000000000e+00
24.350000,-0.463092732,0.019447246,0.029995695,-0.006613095,0.231273088,2.863239,1,Solve_Succeeded,0.193002302,-0.005494756,-1.734723475977e-18
24.360000,-0.462770042,0.019380416,0.031927989,-0.006672577,0.231273088,2.863239,1,Solve_Succeeded,0.193002302,-0.005494756,-1.734723475977e-18
24.370000,-0.462428042,0.019312829,0.033859231,-0.006745781,0.229642067,2.767060,1,Solve_Succeeded,0.191637409,-0.005380519,0.000000000000e+00
24.380000,-0.462066877,0.019244684,0.035777919,-0.006804170,0.229642067,2.767060,1,Solve_Succeeded,0.191637409,-0.005380519,0.000000000000e+00
24.390000,-0.461686537,0.019175791,0.037695534,-0.006876551,0.227980056,2.819164,1,Solve_Succeeded,0.190246674,-0.005265947,0.000000000000e+00
24.400000,-0.461287172,0.019106351,0.039600357,-0.006933842,0.227980056,2.819164,1,Solve_Succeeded,0.190246674,-0.005265947,0.000000000000e+00
24.410000,-0.460868772,0.019036171,0.041504086,-0.007005393,0.226287518,2.594253,1,Solve_Succeeded,0.188830485,-0.005151061,1.734723475977e-18
24.420000,-0.460431487,0.018965456,0.043394788,-0.007061584,0.226287518,2.594253,1,Solve_Succeeded,0.188830485,-0.005151061,1.734723475977e-18
24.430000,-0.459975309,0.018894008,0.045284378,-0.007132296,0.224564921,3.024187,1,Solve_Succeeded,0.187389231,-0.005035885,0.000000000000e+00
24.440000,-0.459500391,0.018822037,0.047160708,-0.007187382,0.224564921,3.024187,1,Solve_Succeeded,0.187389231,-0.005035885,0.000000000000e+00
24.450000,-0.459006723,0.018749341,0.049035906,-0.007257249,0.222812731,2.656916,1,Solve_Succeeded,0.185923304,-0.004920440,0.000000000000e+00
24.460000,-0.458494461,0.018676134,0.050897617,-0.007311226,0.222812731,2.656916,1,Solve_Succeeded,0.185923304,-0.004920440,0.000000000000e+00
24.470000,-0.457963596,0.018602210,0.052758176,-0.007380240,0.221031421,2.566372,1,Solve_Succeeded,0.184433097,-0.004804749,0.000000000000e+00
24.480000,-0.457414287,0.018527785,0.054605025,-0.007433106,0.221031421,2.566372,1,Solve_Succeeded,0.184433097,-0.004804749,0.000000000000e+00
24.490000,-0.456846522,0.018452652,0.056450702,-0.007501259,0.219221463,3.241438,1,Solve_Succeeded,0.182919006,-0.004688833,1.734723475977e-18
24.500000,-0.456260466,0.018377031,0.058282449,-0.007553011,0.219221463,3.241438,1,Solve_Succeeded,0.182919006,-0.004688833,1.734723475977e-18
24.510000,-0.455656105,0.018300709,0.060113006,-0.007620296,0.217383334,3.633131,1,Solve_Succeeded,0.181381429,-0.004572715,0.000000000000e+00
24.520000,-0.455033605,0.018223911,0.061929415,-0.007670931,0.217383334,3.633131,1,Solve_Succeeded,0.181381429,-0.004572715,0.000000000000e+00
24.530000,-0.454392956,0.018146420,0.063744616,-0.007737342,0.215517511,2.712778,1,Solve_Succeeded,0.179820764,-0.004456417,-1.734723475977e-18
24.540000,-0.453734324,0.018068464,0.065545456,-0.007786857,0.215517511,2.712778,1,Solve_Succeeded,0.179820764,-0.004456417,-1.734723475977e-18
24.550000,-0.453057697,0.017989825,0.067345069,-0.007852386,0.213624475,2.681140,1,Solve_Succeeded,0.178237414,-0.004339959,-1.734723475977e-18
24.560000,-0.452363246,0.017910731,0.069130113,-0.007900779,0.213624475,2.681140,1,Solve_Succeeded,0.178237414,-0.004339959,-1.734723475977e-18
24.570000,-0.451650959,0.017830963,0.070913912,-0.007965421,0.211704708,2.680166,1,Solve_Succeeded,0.176631781,-0.004223365,0.000000000000e+00
24.580000,-0.450921008,0.017750753,0.072682935,-0.008012690,0.211704708,2.680166,1,Solve_Succeeded,0.176631781,-0.004223365,0.000000000000e+00
24.590000,-0.450173381,0.017669876,0.074450696,-0.008076438,0.209758693,2.870934,1,Solve_Succeeded,0.175004269,-0.004106655,0.000000000000e+00
24.600000,-0.449408253,0.017588569,0.076203480,-0.008122581,0.209758693,2.870934,1,Solve_Succeeded,0.175004269,-0.004106655,0.000000000000e+00
24.610000,-0.448625612,0.017506603,0.077954985,-0.008185429,0.207786918,2.685263,1,Solve_Succeeded,0.173355285,-0.003989850,1.734723475977e-18
24.620000,-0.447825635,0.017424220,0.079691314,-0.008230444,0.207786918,2.685263,1,Solve_Succeeded,0.173355285,-0.003989850,1.734723475977e-18
24.630000,-0.447008310,0.017341186,0.081426347,-0.008292386,0.205789869,2.735178,1,Solve_Succeeded,0.171685237,-0.003872972,1.734723475977e-18
24.640000,-0.446173815,0.017257746,0.083146010,-0.008336272,0.205789869,2.735178,1,Solve_Succeeded,0.171685237,-0.003872972,1.734723475977e-18
24.650000,-0.445322139,0.017173666,0.084864360,-0.008397303,0.203768036,2.584896,1,Solve_Succeeded,0.169994532,-0.003756042,0.000000000000e+00
24.660000,-0.444453463,0.017089190,0.086567150,-0.008440057,0.203768036,2.584896,1,Solve_Succeeded,0.169994532,-0.003756042,0.000000000000e+00
24.670000,-0.443567774,0.017004082,0.088268610,-0.008500171,0.201721910,2.697654,1,Solve_Succeeded,0.168283581,-0.003639081,1.734723475977e-18
24.680000,-0.442665256,0.016918590,0.089954323,-0.008541794,0.201721910,2.697654,1,Solve_Succeeded,0.168283581,-0.003639081,1.734723475977e-18
24.690000,-0.441745897,0.016832476,0.091638691,-0.008600986,0.199651984,2.807927,1,Solve_Succeeded,0.166552796,-0.003522110,0.000000000000e+00
24.700000,-0.440809881,0.016745990,0.093307129,-0.008641476,0.199651984,2.807927,1,Solve_Succeeded,0.166552796,-0.003522110,0.000000000000e+00
24.710000,-0.439857197,0.016658890,0.094974205,-0.008699740,0.197558750,2.659557,1,Solve_Succeeded,0.164802589,-0.003405150,0.000000000000e+00
24.720000,-0.438888032,0.016571429,0.096625172,-0.008739097,0.197558750,2.659557,1,Solve_Succeeded,0.164802589,-0.003405150,0.000000000000e+00
24.730000,-0.437902373,0.016483364,0.098274764,-0.008796429,0.195442705,2.579296,1,Solve_Succeeded,0.163033373,-0.003288220,0.000000000000e+00
24.740000,-0.436900410,0.016394950,0.099908069,-0.008834652,0.195442705,2.579296,1,Solve_Succeeded,0.163033373,-0.003288220,0.000000000000e+00
24.750000,-0.435882131,0.016305940,0.101539984,-0.008891046,0.193304343,2.624103,1,Solve_Succeeded,0.161245563,-0.003171343,1.734723475977e-18
24.760000,-0.434847725,0.016216593,0.103155442,-0.008928136,0.193304343,2.624103,1,Solve_Succeeded,0.161245563,-0.003171343,1.734723475977e-18
24.770000,-0.433797182,0.016126659,0.104769495,-0.008983589,0.191144162,2.638754,1,Solve_Succeeded,0.159439574,-0.003054537,1.734723475977e-18
24.780000,-0.432730694,0.016036400,0.106366922,-0.009019544,0.191144162,2.638754,1,Solve_Succeeded,0.159439574,-0.003054537,1.734723475977e-18
24.790000,-0.431648248,0.015945564,0.107962930,-0.009074051,0.188962661,2.691013,1,Solve_Succeeded,0.157615822,-0.002937822,-1.734723475977e-18
24.800000,-0.430550040,0.015854413,0.109542149,-0.009108872,0.188962661,2.691013,1,Solve_Succeeded,0.157615822,-0.002937822,-1.734723475977e-18
24.810000,-0.429436056,0.015762695,0.111119935,-0.009162429,0.186760338,2.856026,1,Solve_Succeeded,0.155774725,-0.002821220,-1.734723475977e-18
24.820000,-0.428306494,0.015670674,0.112680771,-0.009196116,0.186760338,2.856026,1,Solve_Succeeded,0.155774725,-0.002821220,-1.734723475977e-18
24.830000,-0.427161340,0.015578094,0.114240160,-0.009248719,0.184537694,2.873996,1,Solve_Succeeded,0.153916699,-0.002704750,0.000000000000e+00
24.840000,-0.426000794,0.015485224,0.115782444,-0.009281273,0.184537694,2.873996,1,Solve_Succeeded,0.153916699,-0.002704750,0.000000000000e+00
24.850000,-0.424824843,0.015391804,0.117323267,-0.009332918,0.182295228,2.810503,1,Solve_Succeeded,0.152042163,-0.002588431,0.000000000000e+00
24.860000,-0.423633686,0.015298105,0.118846832,-0.009364340,0.182295228,2.810503,1,Solve_Succeeded,0.152042163,-0.002588431,0.000000000000e+00
24.870000,-0.422427310,0.015203865,0.120368924,-0.009415023,0.180033442,3.114998,1,Solve_Succeeded,0.150151535,-0.002472283,0.000000000000e+00
24.880000,-0.421205919,0.015109358,0.121873609,-0.009445314,0.180033442,3.114998,1,Solve_Succeeded,0.150151535,-0.002472283,0.000000000000e+00
24.890000,-0.419969498,0.015014320,0.123376807,-0.009495033,0.177752837,2.774462,1,Solve_Succeeded,0.148245235,-0.002356326,1.734723475977e-18
24.900000,-0.418718252,0.014919027,0.124862455,-0.009524193,0.177752837,2.774462,1,Solve_Succeeded,0.148245235,-0.002356326,1.734723475977e-18
24.910000,-0.417452167,0.014823211,0.126346604,-0.009572943,0.175453916,2.708201,1,Solve_Succeeded,0.146323682,-0.002240578,0.000000000000e+00
24.920000,-0.416171448,0.014727152,0.127813061,-0.009600975,0.175453916,2.708201,1,Solve_Succeeded,0.146323682,-0.002240578,0.000000000000e+00
24.930000,-0.414876083,0.014630580,0.129278008,-0.009648754,0.173137182,2.631331,1,Solve_Succeeded,0.144387294,-0.002125058,-1.734723475977e-18
24.940000,-0.413566278,0.014533776,0.130725125,-0.009675658,0.173137182,2.631331,1,Solve_Succeeded,0.144387294,-0.002125058,-1.734723475977e-18
24.950000,-0.412242020,0.014436469,0.132170720,-0.009722463,0.170803135,2.926802,1,Solve_Succeeded,0.142436493,-0.002009786,-1.734723475977e-18
24.960000,-0.410903517,0.014338941,0.133598353,-0.009748241,0.170803135,2.926802,1,Solve_Succeeded,0.142436493,-0.002009786,-1.734723475977e-18
24.970000,-0.409550756,0.014240920,0.135024452,-0.009794070,0.168452280,2.577794,1,Solve_Succeeded,0.140471698,-0.001894781,0.000000000000e+00
24.980000,-0.408183946,0.014142689,0.136432459,-0.009818724,0.168452280,2.577794,1,Solve_Succeeded,0.140471698,-0.001894781,0.000000000000e+00
24.990000,-0.406803075,0.014043974,0.137838922,-0.009863574,0.166085119,2.903593,1,Solve_Succeeded,0.138493329,-0.001780060,1.734723475977e-18
25.000000,-0.405408354,0.013945061,0.139227168,-0.009887106,0.166085119,2.903593,1,Solve_Succeeded,0.138493329,-0.001780060,1.734723475977e-18
25.010000,-0.403999768,0.013845674,0.140613859,-0.009930974,0.163702156,2.971063,1,Solve_Succeeded,0.136501805,-0.001665641,-1.734723475977e-18
25.020000,-0.402577531,0.013746101,0.141982211,-0.009953387,0.163702156,2.971063,1,Solve_Succeeded,0.136501805,-0.001665641,-1.734723475977e-18
25.030000,-0.401141629,0.013646062,0.143348998,-0.009996272,0.161303892,2.742889,1,Solve_Succeeded,0.134497548,-0.001551545,-1.734723475977e-18
25.040000,-0.399692276,0.013545849,0.144697328,-0.010017567,0.161303892,2.742889,1,Solve_Succeeded,0.134497548,-0.001551545,-1.734723475977e-18
25.050000,-0.398229459,0.013445181,0.146044083,-0.010059467,0.158890830,2.715738,1,Solve_Succeeded,0.132480976,-0.001437787,0.000000000000e+00
25.060000,-0.396753392,0.013344348,0.147372268,-0.010079647,0.158890830,2.715738,1,Solve_Succeeded,0.132480976,-0.001437787,0.000000000000e+00
25.070000,-0.395264063,0.013243071,0.148698867,-0.010120560,0.156463472,3.146867,1,Solve_Succeeded,0.130452508,-0.001324386,-1.734723475977e-18
25.080000,-0.393761687,0.013141641,0.150006787,-0.010139628,0.156463472,3.146867,1,Solve_Succeeded,0.130452508,-0.001324386,-1.734723475977e-18
25.090000,-0.392246250,0.013039775,0.151313111,-0.010179553,0.154022322,2.960942,1,Solve_Succeeded,0.128412565,-0.001211360,-8.673617379884e-19
25.100000,-0.390717972,0.012937768,0.152600650,-0.010197512,0.154022322,2.960942,1,Solve_Succeeded,0.128412565,-0.001211360,-8.673617379884e-19
25.110000,-0.389176837,0.012835335,0.153886585,-0.010236447,0.151567878,2.688081,1,Solve_Succeeded,0.126361564,-0.001098726,0.000000000000e+00
25.120000,-0.387623064,0.012732772,0.155153632,-0.010253300,0.151567878,2.688081,1,Solve_Succeeded,0.126361564,-0.001098726,0.000000000000e+00
25.130000,-0.386056641,0.012629793,0.156419066,-0.010291244,0.149100644,3.360085,1,Solve_Succeeded,0.124299925,-0.000986502,0.000000000000e+00
25.140000,-0.384477786,0.012526695,0.157665514,-0.010306995,0.149100644,3.360085,1,Solve_Succeeded,0.124299925,-0.000986502,0.000000000000e+00
25.150000,-0.382886486,0.012423190,0.158910341,-0.010343947,0.146621118,2.698028,1,Solve_Succeeded,0.122228063,-0.000874704,0.000000000000e+00
25.160000,-0.381282962,0.012319578,0.160136087,-0.010358598,0.146621118,2.698028,1,Solve_Succeeded,0.122228063,-0.000874704,0.000000000000e+00
25.170000,-0.379667199,0.012215569,0.161360203,-0.010394557,0.144129801,2.961550,1,Solve_Succeeded,0.120146398,-0.000763349,8.673617379884e-19
25.180000,-0.378039422,0.012111464,0.162565149,-0.010408113,0.144129801,2.961550,1,Solve_Succeeded,0.120146398,-0.000763349,8.673617379884e-19
25.190000,-0.376399614,0.012006972,0.163768457,-0.010443079,0.141627191,2.999093,1,Solve_Succeeded,0.118055345,-0.000652455,0.000000000000e+00
25.200000,-0.374747999,0.011902394,0.164952507,-0.010455543,0.141627191,2.999093,1,Solve_Succeeded,0.118055345,-0.000652455,0.000000000000e+00
25.210000,-0.373084563,0.011797439,0.166134913,-0.010489515,0.139113786,2.633005,1,Solve_Succeeded,0.115955320,-0.000542037,-8.673617379884e-19
25.220000,-0.371409531,0.011692410,0.167297977,-0.010500892,0.139113786,2.633005,1,Solve_Succeeded,0.115955320,-0.000542037,-8.673617379884e-19
25.230000,-0.369722888,0.011587013,0.168459390,-0.010533869,0.136590083,2.696479,1,Solve_Succeeded,0.113846737,-0.000432112,0.000000000000e+00
25.240000,-0.368024858,0.011481554,0.169601383,-0.010544162,0.136590083,2.696479,1,Solve_Succeeded,0.113846737,-0.000432112,0.000000000000e+00
25.250000,-0.366315429,0.011375736,0.170741717,-0.010576145,0.134056578,2.949947,1,Solve_Succeeded,0.111730012,-0.000322697,8.673617379884e-19
25.260000,-0.364594825,0.011269866,0.171862556,-0.010585359,0.134056578,2.949947,1,Solve_Succeeded,0.111730012,-0.000322697,8.673617379884e-19
25.270000,-0.362863033,0.011163648,0.172981730,-0.010616347,0.131513765,2.850276,1,Solve_Succeeded,0.109605557,-0.000213806,-8.673617379884e-19
25.280000,-0.361120279,0.011057389,0.174081337,-0.010624486,0.131513765,2.850276,1,Solve_Succeeded,0.109605557,-0.000213806,-8.673617379884e-19
25.290000,-0.359366549,0.010950791,0.175179273,-0.010654480,0.128962139,2.919666,1,Solve_Succeeded,0.107473784,-0.000105457,8.673617379884e-19
25.300000,-0.357602070,0.010844163,0.176257574,-0.010661550,0.128962139,2.919666,1,Solve_Succeeded,0.107473784,-0.000105457,8.673617379884e-19
25.310000,-0.355826828,0.010737206,0.177334199,-0.010690550,0.126402192,2.886871,1,Solve_Succeeded,0.105335104,0.000002336,0.000000000000e+00
25.320000,-0.354041052,0.010630230,0.178391124,-0.010696554,0.126402192,2.886871,1,Solve_Succeeded,0.105335104,0.000002336,0.000000000000e+00
25.330000,-0.352244726,0.010522935,0.179446368,-0.010724561,0.123834414,2.729338,1,Solve_Succeeded,0.103189928,0.000109557,8.673617379884e-19
25.340000,-0.350438080,0.010415631,0.180481852,-0.010729505,0.123834414,2.729338,1,Solve_Succeeded,0.103189928,0.000109557,8.673617379884e-19
25.350000,-0.348621099,0.010308018,0.181515649,-0.010756519,0.121259296,3.086398,1,Solve_Succeeded,0.101038664,0.000216192,8.673617379884e-19
25.360000,-0.346794014,0.010200407,0.182529631,-0.010760408,0.121259296,3.086398,1,Solve_Succeeded,0.101038664,0.000216192,8.673617379884e-19
25.370000,-0.344956808,0.010092497,0.183541921,-0.010786431,0.118677325,2.998831,1,Solve_Succeeded,0.098881719,0.000322224,0.000000000000e+00
25.380000,-0.343109713,0.009984599,0.184534342,-0.010789269,0.118677325,2.998831,1,Solve_Succeeded,0.098881719,0.000322224,0.000000000000e+00
25.390000,-0.341252714,0.009876412,0.185525067,-0.010814301,0.116088988,2.756414,1,Solve_Succeeded,0.096719500,0.000427639,0.000000000000e+00
25.400000,-0.339386042,0.009768248,0.186495875,-0.010816095,0.116088988,2.756414,1,Solve_Succeeded,0.096719500,0.000427639,0.000000000000e+00
25.410000,-0.337509682,0.009659804,0.187464983,-0.010840138,0.113494770,3.439499,1,Solve_Succeeded,0.094552412,0.000532423,-8.673617379884e-19
25.420000,-0.335623866,0.009551394,0.188414128,-0.010840893,0.113494770,3.439499,1,Solve_Succeeded,0.094552412,0.000532423,-8.673617379884e-19
25.430000,-0.333728579,0.009442714,0.189361569,-0.010863947,0.110895155,2.932415,1,Solve_Succeeded,0.092380858,0.000636561,0.000000000000e+00
25.440000,-0.331824052,0.009334078,0.190289005,-0.010863669,0.110895155,2.932415,1,Solve_Succeeded,0.092380858,0.000636561,0.000000000000e+00
25.450000,-0.329910271,0.009225181,0.191214734,-0.010885737,0.108290622,2.515019,1,Solve_Succeeded,0.090205240,0.000740040,0.000000000000e+00
25.460000,-0.327987468,0.009116339,0.192120422,-0.010884431,0.108290622,2.515019,1,Solve_Succeeded,0.090205240,0.000740040,0.000000000000e+00
25.470000,-0.326055629,0.009007247,0.193024398,-0.010905514,0.105681653,2.669835,1,Solve_Succeeded,0.088025957,0.000842844,0.000000000000e+00
25.480000,-0.324114986,0.008898219,0.193908298,-0.010903187,0.105681653,2.669835,1,Solve_Succeeded,0.088025957,0.000842844,0.000000000000e+00
25.490000,-0.322165525,0.008788951,0.194790485,-0.010923287,0.103068725,2.590246,1,Solve_Succeeded,0.085843410,0.000944960,0.000000000000e+00
25.500000,-0.320207478,0.008679757,0.195652565,-0.010919944,0.103068725,2.590246,1,Solve_Succeeded,0.085843410,0.000944960,0.000000000000e+00
25.510000,-0.318240830,0.008570333,0.196512929,-0.010939064,0.100452313,3.146139,1,Solve_Succeeded,0.083657995,0.001046375,0.000000000000e+00
25.520000,-0.316265816,0.008460994,0.197353160,-0.010934712,0.100452313,3.146139,1,Solve_Succeeded,0.083657995,0.001046375,0.000000000000e+00
25.530000,-0.314282419,0.008351433,0.198191672,-0.010952853,0.097832890,2.628809,1,Solve_Succeeded,0.081470107,0.001147076,-8.673617379884e-19
25.540000,-0.312290875,0.008241968,0.199010028,-0.010947498,0.097832890,2.628809,1,Solve_Succeeded,0.081470107,0.001147076,-8.673617379884e-19
25.550000,-0.310291167,0.008132291,0.199826663,-0.010964662,0.095210929,2.765278,1,Solve_Succeeded,0.079280140,0.001247048,-8.673617379884e-19
25.560000,-0.308283530,0.008022719,0.200623123,-0.010958311,0.095210929,2.765278,1,Solve_Succeeded,0.079280140,0.001247048,-8.673617379884e-19
25.570000,-0.306267949,0.007912945,0.201417861,-0.010974502,0.092586899,2.893421,1,Solve_Succeeded,0.077088485,0.001346280,0.000000000000e+00
25.580000,-0.304244658,0.007803286,0.202192407,-0.010967161,0.092586899,2.893421,1,Solve_Succeeded,0.077088485,0.001346280,0.000000000000e+00
25.590000,-0.302213642,0.007693436,0.202965229,-0.010982380,0.089961266,2.951744,1,Solve_Succeeded,0.074895532,0.001444758,0.000000000000e+00
25.600000,-0.300175136,0.007583710,0.203717848,-0.010974057,0.089961266,2.951744,1,Solve_Succeeded,0.074895532,0.001444758,0.000000000000e+00
25.610000,-0.298129123,0.007473802,0.204468742,-0.010988307,0.087334495,3.015095,1,Solve_Succeeded,0.072701669,0.001542469,-8.673617379884e-19
25.620000,-0.296075839,0.007364028,0.205199424,-0.010979008,0.087334495,3.015095,1,Solve_Succeeded,0.072701669,0.001542469,-8.673617379884e-19
25.630000,-0.294015269,0.007254082,0.205928380,-0.010992293,0.084707048,3.738881,1,Solve_Succeeded,0.070507283,0.001639402,0.000000000000e+00
25.640000,-0.291947647,0.007144280,0.206637119,-0.010982025,0.084707048,3.738881,1,Solve_Succeeded,0.070507283,0.001639402,0.000000000000e+00
25.650000,-0.289872958,0.007034314,0.207344131,-0.010994348,0.082079385,2.725165,1,Solve_Succeeded,0.068312755,0.001735544,0.000000000000e+00
25.660000,-0.287791437,0.006924503,0.208030925,-0.010983118,0.082079385,2.725165,1,Solve_Succeeded,0.068312755,0.001735544,0.000000000000e+00
25.670000,-0.285703068,0.006814538,0.208715993,-0.010994481,0.079451964,2.670713,1,Solve_Succeeded,0.066118469,0.001830884,0.000000000000e+00
25.680000,-0.283608087,0.006704737,0.209380843,-0.010982297,0.079451964,2.670713,1,Solve_Succeeded,0.066118469,0.001830884,0.000000000000e+00
25.690000,-0.281506477,0.006594791,0.210043968,-0.010992705,0.076825238,2.657910,1,Solve_Succeeded,0.063924803,0.001925409,-4.336808689942e-19
25.700000,-0.279398473,0.006485019,0.210686881,-0.010979574,0.076825238,2.657910,1,Solve_Succeeded,0.063924803,0.001925409,-4.336808689942e-19
25.710000,-0.277284061,0.006375112,0.211328068,-0.010989029,0.074199660,2.679218,1,Solve_Succeeded,0.061732135,0.002019108,0.000000000000e+00
25.720000,-0.275163475,0.006265387,0.211949053,-0.010974959,0.074199660,2.679218,1,Solve_Succeeded,0.061732135,0.002019108,0.000000000000e+00
25.730000,-0.273036699,0.006155537,0.212568313,-0.010983465,0.071575680,3.809050,1,Solve_Succeeded,0.059540840,0.002111970,-4.336808689942e-19
25.740000,-0.270903968,0.006045879,0.213167383,-0.010968463,0.071575680,3.809050,1,Solve_Succeeded,0.059540840,0.002111970,-4.336808689942e-19
25.750000,-0.268765266,0.005936105,0.213764728,-0.010976025,0.068953742,2.881853,1,Solve_Succeeded,0.057351290,0.002203983,-4.336808689942e-19
25.760000,-0.266620829,0.005826533,0.214341900,-0.010960099,0.068953742,2.881853,1,Solve_Succeeded,0.057351290,0.002203983,-4.336808689942e-19
25.770000,-0.264470640,0.005716854,0.214917349,-0.010966720,0.066334292,2.857041,1,Solve_Succeeded,0.055163856,0.002295137,4.336808689942e-19
25.780000,-0.262314933,0.005607385,0.215472642,-0.010949878,0.066334292,2.857041,1,Solve_Succeeded,0.055163856,0.002295137,4.336808689942e-19
25.790000,-0.260153694,0.005497819,0.216026215,-0.010955561,0.063717770,2.576077,1,Solve_Succeeded,0.052978905,0.002385420,0.000000000000e+00
25.800000,-0.257987156,0.005388472,0.216559655,-0.010937812,0.063717770,2.576077,1,Solve_Succeeded,0.052978905,0.002385420,0.000000000000e+00
25.810000,-0.255815304,0.005279038,0.217091376,-0.010942562,0.061104613,2.670919,1,Solve_Succeeded,0.050796803,0.002474823,0.000000000000e+00
25.820000,-0.253638372,0.005169832,0.217602991,-0.010923913,0.061104613,2.670919,1,Solve_Succeeded,0.050796803,0.002474823,0.000000000000e+00
25.830000,-0.251456343,0.005060548,0.218112889,-0.010927735,0.058495256,2.688086,1,Solve_Succeeded,0.048617912,0.002563335,-4.336808689942e-19
25.840000,-0.249269451,0.004951500,0.218602709,-0.010908194,0.058495256,2.688086,1,Solve_Succeeded,0.048617912,0.002563335,-4.336808689942e-19
25.850000,-0.247077682,0.004842384,0.219090816,-0.010911093,0.055890132,3.540157,1,Solve_Succeeded,0.046442593,0.002650946,-4.336808689942e-19
25.860000,-0.244881267,0.004733514,0.219558877,-0.010890668,0.055890132,3.540157,1,Solve_Succeeded,0.046442593,0.002650946,-4.336808689942e-19
25.870000,-0.242680192,0.004624584,0.220025227,-0.010892648,0.053289668,2.802585,1,Solve_Succeeded,0.044271203,0.002737646,-4.336808689942e-19
25.880000,-0.240474689,0.004515908,0.220471569,-0.010871348,0.053289668,2.802585,1,Solve_Succeeded,0.044271203,0.002737646,-4.336808689942e-19
25.890000,-0.238264742,0.004407182,0.220916202,-0.010872413,0.050694290,2.536680,1,Solve_Succeeded,0.042104098,0.002823426,4.336808689942e-19
25.900000,-0.236050584,0.004298718,0.221340865,-0.010850248,0.050694290,2.536680,1,Solve_Succeeded,0.042104098,0.002823426,4.336808689942e-19
25.910000,-0.233832199,0.004190214,0.221763823,-0.010850403,0.048104420,2.832747,1,Solve_Succeeded,0.039941629,0.002908275,4.336808689942e-19
25.920000,-0.231609819,0.004081981,0.222166854,-0.010827379,0.048104420,2.832747,1,Solve_Succeeded,0.039941629,0.002908275,4.336808689942e-19
25.930000,-0.229383429,0.003973716,0.222568184,-0.010826630,0.045520477,3.339922,1,Solve_Succeeded,0.037784146,0.002992185,0.000000000000e+00
25.940000,-0.227153260,0.003865731,0.222949632,-0.010802758,0.045520477,3.339922,1,Solve_Succeeded,0.037784146,0.002992185,0.000000000000e+00
25.950000,-0.224919296,0.003757722,0.223329383,-0.010801109,0.042942877,2.661990,1,Solve_Succeeded,0.035631996,0.003075147,0.000000000000e+00
25.960000,-0.222681768,0.003650002,0.223689301,-0.010776396,0.042942877,2.661990,1,Solve_Succeeded,0.035631996,0.003075147,0.000000000000e+00
25.970000,-0.220440660,0.003542268,0.224047526,-0.010773853,0.040372031,2.533826,1,Solve_Succeeded,0.033485523,0.003157151,0.000000000000e+00
25.980000,-0.218196203,0.003434830,0.224385970,-0.010748309,0.040372031,2.533826,1,Solve_Succeeded,0.033485523,0.003157151,0.000000000000e+00
25.990000,-0.215948382,0.003327387,0.224722726,-0.010744877,0.037808349,2.550933,1,Solve_Succeeded,0.031345068,0.003238189,0.000000000000e+00
26.000000,-0.213697425,0.003220249,0.225039756,-0.010718511,0.037808349,2.550933,1,Solve_Succeeded,0.031345068,0.003238189,0.000000000000e+00
26.010000,-0.211443317,0.003113114,0.225355102,-0.010714196,0.035252235,2.919886,1,Solve_Succeeded,0.029210968,0.003318253,0.000000000000e+00
26.020000,-0.209186288,0.003006292,0.225650780,-0.010687017,0.035252235,2.919886,1,Solve_Succeeded,0.029210968,0.003318253,0.000000000000e+00
26.030000,-0.206926321,0.002899483,0.225944780,-0.010681823,0.032704091,3.133699,1,Solve_Succeeded,0.027083559,0.003397335,0.000000000000e+00
26.040000,-0.204663645,0.002792994,0.226219174,-0.010653841,0.032704091,3.133699,1,Solve_Succeeded,0.027083559,0.003397335,0.000000000000e+00
26.050000,-0.202398245,0.002686527,0.226491893,-0.010647775,0.030164315,2.670529,1,Solve_Succeeded,0.024963174,0.003475425,2.168404344971e-19
26.060000,-0.200130347,0.002580388,0.226745072,-0.010618998,0.030164315,2.670529,1,Solve_Succeeded,0.024963174,0.003475425,2.168404344971e-19
26.070000,-0.197859938,0.002474279,0.226996582,-0.010612066,0.027633302,3.285222,1,Solve_Succeeded,0.022850140,0.003552518,2.168404344971e-19
26.080000,-0.195587242,0.002368507,0.227228618,-0.010582504,0.027633302,3.285222,1,Solve_Succeeded,0.022850140,0.003552518,2.168404344971e-19
26.090000,-0.193312246,0.002262773,0.227458992,-0.010574712,0.025111442,2.778516,1,Solve_Succeeded,0.020744784,0.003628604,0.000000000000e+00
26.100000,-0.191035174,0.002157383,0.227669962,-0.010544374,0.025111442,2.778516,1,Solve_Succeeded,0.020744784,0.003628604,0.000000000000e+00
26.110000,-0.188756012,0.002052041,0.227879273,-0.010535720,0.022599274,2.913642,1,Solve_Succeeded,0.018647574,0.003703320,0.000000000000e+00
26.120000,-0.186474984,0.001947050,0.228069235,-0.010504561,0.022599274,2.913642,1,Solve_Succeeded,0.018647574,0.003703320,0.000000000000e+00
26.130000,-0.184192077,0.001842119,0.228257488,-0.010494867,0.020102314,2.965188,1,Solve_Succeeded,0.016563712,0.003764547,-2.168404344971e-19
26.140000,-0.181907515,0.001737549,0.228426417,-0.010462628,0.020102314,2.965188,1,Solve_Succeeded,0.016563712,0.003764547,-2.168404344971e-19
26.150000,-0.179621285,0.001633055,0.228593516,-0.010451447,0.017636807,2.944829,1,Solve_Succeeded,0.014508598,0.003775008,-1.084202172486e-19
26.160000,-0.177333610,0.001528936,0.228741364,-0.010417800,0.017636807,2.944829,1,Solve_Succeeded,0.014508598,0.003775008,-1.084202172486e-19
26.170000,-0.175044481,0.001424913,0.228887196,-0.010404636,0.015222707,3.244212,1,Solve_Succeeded,0.012501144,0.003689051,0.000000000000e+00
26.180000,-0.172754118,0.001321283,0.229013934,-0.010369282,0.015222707,3.244212,1,Solve_Succeeded,0.012501144,0.003689051,0.000000000000e+00
26.190000,-0.170462514,0.001217773,0.229138411,-0.010353683,0.012879859,3.184100,1,Solve_Succeeded,0.010560137,0.003461713,1.084202172486e-19
26.200000,-0.168169887,0.001114676,0.229244031,-0.010316358,0.012879859,3.184100,1,Solve_Succeeded,0.010560137,0.003461713,1.084202172486e-19
26.210000,-0.165876235,0.001011729,0.229347086,-0.010297899,0.010627930,2.807640,1,Solve_Succeeded,0.008704171,0.003048847,0.000000000000e+00
26.220000,-0.163581769,0.000909215,0.229431598,-0.010258366,0.010627930,2.807640,1,Solve_Succeeded,0.008704171,0.003048847,0.000000000000e+00
26.230000,-0.161286494,0.000806887,0.229513183,-0.010236650,0.008486705,2.715886,1,Solve_Succeeded,0.006951939,0.002406386,0.000000000000e+00
26.240000,-0.158990616,0.000705014,0.229576620,-0.010194694,0.008486705,2.715886,1,Solve_Succeeded,0.006951939,0.002406386,0.000000000000e+00
26.250000,-0.156694142,0.000603365,0.229636705,-0.010169342,0.006476103,2.946868,1,Solve_Succeeded,0.005322241,0.001490279,-5.421010862428e-20
26.260000,-0.154397276,0.000502196,0.229679118,-0.010124772,0.006476103,2.946868,1,Solve_Succeeded,0.005322241,0.001490279,-5.421010862428e-20
26.270000,-0.152100031,0.000401294,0.229717697,-0.010095428,0.004616116,3.235277,1,Solve_Succeeded,0.003833935,0.000256611,0.000000000000e+00
26.280000,-0.149802602,0.000300897,0.229739159,-0.010048074,0.004616116,3.235277,1,Solve_Succeeded,0.003833935,0.000256611,0.000000000000e+00
26.290000,-0.147505009,0.000200812,0.229756244,-0.010014404,0.002926760,3.059863,1,Solve_Succeeded,0.002505882,-0.001338302,-1.355252715607e-20
26.300000,-0.145207440,0.000101260,0.229756852,-0.009964120,0.002926760,3.059863,1,Solve_Succeeded,0.002505882,-0.001338302,-1.355252715607e-20
26.310000,-0.142909923,0.000002069,0.229752481,-0.009925812,0.001428032,2.751345,1,Solve_Succeeded,0.001356919,-0.003337843,-2.329340604949e-21
26.320000,-0.140612635,-0.000096561,0.229732352,-0.009872469,0.001428032,2.751345,1,Solve_Succeeded,0.001356919,-0.003337843,-2.329340604949e-21
26.330000,-0.138315614,-0.000194777,0.229706584,-0.009829231,0.000139873,3.371856,1,Solve_Succeeded,0.000405811,-0.005785016,-2.710505431214e-20
26.340000,-0.136019375,-0.000291538,0.229636359,-0.009699058,0.000139873,3.371856,1,Solve_Succeeded,0.000405811,-0.005785016,-2.710505431214e-20
26.350000,-0.133723990,-0.000386895,0.229553136,-0.009560181,0.002609131,2.839053,1,Solve_Succeeded,0.003026008,-0.017034694,2.710505431214e-20
26.360000,-0.131429940,-0.000479884,0.229427202,-0.009338070,0.002609131,2.839053,1,Solve_Succeeded,0.003026008,-0.017034694,2.710505431214e-20
26.370000,-0.129137350,-0.000570421,0.229284268,-0.009096376,0.009599069,2.959889,1,Solve_Succeeded,0.009938909,-0.038793738,-5.421010862428e-20
26.380000,-0.126845686,-0.000660060,0.229184099,-0.008983752,0.009599069,2.959889,1,Solve_Succeeded,0.009938909,-0.038793738,-5.421010862428e-20
26.390000,-0.124555088,-0.000748669,0.229078415,-0.008879372,0.011935244,3.404487,1,Solve_Succeeded,0.012412968,-0.049338703,-1.626303258728e-19
26.400000,-0.122266629,-0.000833791,0.228880816,-0.008567221,0.011935244,3.404487,1,Solve_Succeeded,0.012412968,-0.049338703,-1.626303258728e-19
26.410000,-0.119980517,-0.000915108,0.228651587,-0.008197065,0.024514470,2.675655,1,Solve_Succeeded,0.024624238,-0.083910359,0.000000000000e+00
26.420000,-0.117695776,-0.000995263,0.228500747,-0.008042730,0.024514470,2.675655,1,Solve_Succeeded,0.024624238,-0.083910359,0.000000000000e+00
26.430000,-0.115412634,-0.001073879,0.228342150,-0.007888739,0.030073222,2.654666,1,Solve_Succeeded,0.030139669,-0.101573139,-2.168404344971e-19
26.440000,-0.113132563,-0.001147476,0.228057403,-0.007439061,0.030073222,2.654666,1,Solve_Succeeded,0.030139669,-0.101573139,-2.168404344971e-19
26.450000,-0.110855877,-0.001215447,0.227726921,-0.006893387,0.050792144,3.076630,1,Solve_Succeeded,0.050066988,-0.154804194,-1.084202172486e-19
26.460000,-0.108584503,-0.001273147,0.227225831,-0.005938564,0.050792144,3.076630,1,Solve_Succeeded,0.050066988,-0.154804194,-1.084202172486e-19
26.470000,-0.106329786,-0.001292388,0.225734779,-0.002526214,0.144687068,3.386009,1,Solve_Succeeded,0.139584219,-0.380233573,3.252606517457e-19
26.480000,-0.104091199,-0.001274531,0.224140089,0.001138888,0.144687068,3.386009,1,Solve_Succeeded,0.139584219,-0.380233573,3.252606517457e-19
26.490000,-0.101869656,-0.001217253,0.222452221,0.005039437,0.315390728,3.360821,1,Solve_Succeeded,0.302028167,-0.784051818,1.734723475977e-18
26.500000,-0.099649831,-0.001158681,0.222052974,0.005734535,0.315390728,3.360821,1,Solve_Succeeded,0.302028167,-0.784051818,1.734723475977e-18
26.510000,-0.097432672,-0.001096306,0.221766416,0.006162078,0.359852234,2.718685,1,Solve_Succeeded,0.344196466,-0.886392667,2.385244779468e-18
26.520000,-0.095228315,-0.001004666,0.220635282,0.008713722,0.359852234,2.718685,1,Solve_Succeeded,0.344196466,-0.886392667,2.385244779468e-18
26.530000,-0.093037981,-0.000880488,0.219273729,0.011862194,0.504406474,3.093992,1,Solve_Succeeded,0.481543278,-1.224091586,3.577867169202e-18
26.540000,-0.090849142,-0.000754748,0.218942402,0.012467186,0.504406474,3.093992,1,Solve_Succeeded,0.481543278,-1.224091586,3.577867169202e-18
26.550000,-0.088663056,-0.000624000,0.218658662,0.012983726,0.559993192,2.741452,1,Solve_Succeeded,0.534115647,-1.349093453,1.084202172486e-19
26.560000,-0.086499235,-0.000439196,0.216723532,0.017655830,0.559993192,2.741452,1,Solve_Succeeded,0.534115647,-1.349093453,1.084202172486e-19
26.570000,-0.084359324,-0.000195779,0.214400969,0.023338821,0.815917384,2.627631,1,Solve_Succeeded,0.777215001,-1.945677089,-4.336808689942e-19
26.580000,-0.082220610,0.000050132,0.213950865,0.024403325,0.815917384,2.627631,1,Solve_Succeeded,0.777215001,-1.945677089,-4.336808689942e-19
26.590000,-0.080084772,0.000303333,0.213638838,0.025182523,0.906102935,3.001631,1,Solve_Succeeded,0.862393813,-2.146160575,2.981555974335e-19
26.600000,-0.077968508,0.000606136,0.211928314,0.029515642,0.906102935,3.001631,1,Solve_Succeeded,0.862393813,-2.146160575,2.981555974335e-19
26.610000,-0.075873834,0.000964323,0.209836522,0.034873285,1.167994173,2.914821,1,Solve_Succeeded,1.110849263,-2.750415822,2.385244779468e-18
26.620000,-0.073813541,0.001410712,0.206600386,0.043174031,1.167994173,2.914821,1,Solve_Succeeded,1.110849263,-2.750415822,2.385244779468e-18
26.630000,-0.071790062,0.001952474,0.202985710,0.052525875,1.617411057,2.689539,1,Solve_Succeeded,1.537413983,-3.791430534,7.806255641896e-18
26.640000,-0.069763035,0.002490144,0.202745216,0.053580788,1.617411057,2.689539,1,Solve_Succeeded,1.537413983,-3.791430534,7.806255641896e-18
26.650000,-0.067734917,0.003031174,0.202801755,0.054024711,1.748821860,3.456291,1,Solve_Succeeded,1.661036359,-4.073706051,-1.019150042136e-17
26.660000,-0.065722375,0.003618505,0.201486365,0.058026855,1.748821860,3.456291,1,Solve_Succeeded,1.661036359,-4.073706051,-1.019150042136e-17
26.670000,-0.063728174,0.004260486,0.199730000,0.063272433,2.049388966,3.394228,1,Solve_Succeeded,1.945522411,-4.753991559,6.071532165919e-18
26.680000,-0.061726472,0.004894156,0.200104238,0.063352791,2.049388966,3.394228,1,Solve_Succeeded,1.945522411,-4.753991559,6.071532165919e-18
26.690000,-0.059720079,0.005528086,0.200558987,0.063386975,2.169500164,2.619590,1,Solve_Succeeded,2.058118142,-5.004081021,-2.992397996060e-17
26.700000,-0.057741180,0.006244193,0.198290319,0.070377082,2.169500164,2.619590,1,Solve_Succeeded,2.058118142,-5.004081021,-2.992397996060e-17
26.710000,-0.055792989,0.007052263,0.195339796,0.079242521,2.628753342,2.658520,1,Solve_Succeeded,2.493292180,-6.053394146,-1.561251128379e-17
26.720000,-0.053834983,0.007853088,0.195731463,0.079956569,2.628753342,2.658520,1,Solve_Succeeded,2.493292180,-6.053394146,-1.561251128379e-17
26.730000,-0.051870413,0.008656743,0.196348143,0.080304099,2.796939138,2.617258,1,Solve_Succeeded,2.651188307,-6.408298127,-3.469446951954e-18
26.740000,-0.049919613,0.009515969,0.195270186,0.085079881,2.796939138,2.617258,1,Solve_Succeeded,2.651188307,-6.408298127,-3.469446951954e-18
26.750000,-0.047986162,0.010441811,0.193633874,0.091458508,3.184382078,2.959238,1,Solve_Succeeded,3.017608277,-7.279440403,-2.862293735362e-17
26.760000,-0.046036752,0.011353368,0.194744922,0.091201179,3.184382078,2.959238,1,Solve_Succeeded,3.017608277,-7.279440403,-2.862293735362e-17
26.770000,-0.044075026,0.012261964,0.195958518,0.090910793,3.339637745,2.687779,1,Solve_Succeeded,3.162880349,-7.597447693,4.336808689942e-17
26.780000,-0.042089891,0.013142132,0.198130178,0.088450933,3.339637745,2.687779,1,Solve_Succeeded,3.162880349,-7.597447693,4.336808689942e-17
26.790000,-0.040085112,0.014005423,0.200125739,0.086647361,3.414800261,2.586982,1,Solve_Succeeded,3.231990576,-7.727126531,-5.204170427930e-18
26.800000,-0.038057359,0.014845639,0.202377907,0.084415427,3.414800261,2.586982,1,Solve_Succeeded,3.231990576,-7.727126531,-5.204170427930e-18
26.810000,-0.036010530,0.015674572,0.204337173,0.083121636,3.499902144,3.472383,1,Solve_Succeeded,3.310666525,-7.882488122,1.561251128379e-17
26.820000,-0.033940487,0.016483923,0.206604213,0.081263120,3.499902144,3.472383,1,Solve_Succeeded,3.310666525,-7.882488122,1.561251128379e-17
26.830000,-0.031920944,0.017459722,0.202651756,0.095132387,3.909026462,2.992179,1,Solve_Succeeded,3.697707821,-8.804899408,-1.040834085586e-17
26.840000,-0.029917493,0.018518457,0.200691151,0.104262293,3.909026462,2.992179,1,Solve_Succeeded,3.697707821,-8.804899408,-1.040834085586e-17
26.850000,-0.027934691,0.019674095,0.198641835,0.113868601,4.489970111,2.757201,1,Solve_Succeeded,4.247734369,-10.123556318,-1.734723475977e-17
26.860000,-0.025921783,0.020802750,0.200893464,0.113015904,4.489970111,2.757201,1,Solve_Succeeded,4.247734369,-10.123556318,-1.734723475977e-17
26.870000,-0.023883427,0.021918809,0.203394236,0.111817435,4.655283875,2.804729,1,Solve_Succeeded,4.401945941,-10.453091106,1.214306433184e-17
26.880000,-0.021808633,0.022997570,0.206866638,0.108467285,4.655283875,2.804729,1,Solve_Succeeded,4.401945941,-10.453091106,1.214306433184e-17
26.890000,-0.019702264,0.024053816,0.210071390,0.106051026,4.738149166,2.983600,1,Solve_Succeeded,4.477799563,-10.589631362,1.214306433184e-17
26.900000,-0.017561399,0.025082849,0.213484181,0.103375420,4.738149166,2.983600,1,Solve_Succeeded,4.477799563,-10.589631362,1.214306433184e-17
26.910000,-0.015391125,0.026099884,0.216495936,0.101954291,4.848910865,2.652398,1,Solve_Succeeded,4.580334544,-10.794915076,1.734723475977e-18
26.920000,-0.013186087,0.027094051,0.219902602,0.099797327,4.848910865,2.652398,1,Solve_Succeeded,4.580334544,-10.794915076,1.734723475977e-18
26.930000,-0.010951599,0.028081047,0.222916927,0.098864280,4.976120429,2.712596,1,Solve_Succeeded,4.698615200,-11.041041976,1.040834085586e-17
26.940000,-0.008680972,0.029046600,0.226440830,0.096901651,4.976120429,2.712596,1,Solve_Succeeded,4.698615200,-11.041041976,1.040834085586e-17
26.950000,-0.006379759,0.030006935,0.229569194,0.096163761,5.108088954,2.689807,1,Solve_Succeeded,4.821497997,-11.299953549,1.387778780781e-17
26.960000,-0.004041068,0.030947203,0.233224143,0.094347300,5.108088954,2.689807,1,Solve_Succeeded,4.821497997,-11.299953549,1.387778780781e-17
26.970000,-0.001670706,0.031884202,0.236464406,0.093797053,5.244226096,2.736743,1,Solve_Succeeded,4.948411273,-11.570057312,-8.326672684689e-17
26.980000,0.000738355,0.032802693,0.240239769,0.092141271,5.244226096,2.736743,1,Solve_Succeeded,4.948411273,-11.570057312,-8.326672684689e-17
26.990000,0.003180034,0.033720097,0.243578693,0.091800533,5.385852493,2.662312,1,Solve_Succeeded,5.080601888,-11.854284217,2.428612866368e-17
27.000000,0.005661603,0.034620518,0.247470185,0.090305861,5.385852493,2.662312,1,Solve_Succeeded,5.080601888,-11.854284217,2.428612866368e-17
27.010000,0.008176696,0.035522049,0.250903458,0.090176028,5.533609936,2.645372,1,Solve_Succeeded,5.218669944,-12.153945033,2.775557561563e-17
27.020000,0.010732873,0.036408036,0.254910561,0.088835317,5.533609936,2.645372,1,Solve_Succeeded,5.218669944,-12.153945033,2.775557561563e-17
27.030000,0.013323464,0.037297295,0.258436802,0.088912281,5.687864497,3.011821,1,Solve_Succeeded,5.362953172,-12.469699264,-5.551115123126e-17
27.040000,0.015956334,0.038172378,0.262559501,0.087718906,5.687864497,3.011821,1,Solve_Succeeded,5.362953172,-12.469699264,-5.551115123126e-17
27.050000,0.018624493,0.039052876,0.266177395,0.088000139,5.849013130,2.720854,1,Solve_Succeeded,5.513818848,-12.802283759,3.816391647149e-17
27.060000,0.021336131,0.039920508,0.270415851,0.086948762,5.849013130,2.720854,1,Solve_Succeeded,5.513818848,-12.802283759,3.816391647149e-17
27.070000,0.024083917,0.040795694,0.274124203,0.087433152,6.017500307,2.876526,1,Solve_Succeeded,5.671679538,-13.152550492,3.469446951954e-17
27.080000,0.026876392,0.041659272,0.278478997,0.086519093,6.017500307,2.876526,1,Solve_Succeeded,5.671679538,-13.152550492,3.469446951954e-17
27.090000,0.029705864,0.042532548,0.282276988,0.087206266,6.193794501,2.890649,1,Solve_Succeeded,5.836970645,-13.521409579,0.000000000000e+00
27.100000,0.032581248,0.043395423,0.286749177,0.086425318,6.193794501,2.890649,1,Solve_Succeeded,5.836970645,-13.521409579,0.000000000000e+00
27.110000,0.035494472,0.044270149,0.290636396,0.087315548,6.378384488,2.743761,1,Solve_Succeeded,6.010146844,-13.909819655,4.163336342344e-17
27.120000,0.038454849,0.045135639,0.295227503,0.086663995,6.378384488,2.743761,1,Solve_Succeeded,6.010146844,-13.909819655,4.163336342344e-17
27.130000,0.041453905,0.046015153,0.299203914,0.087758253,6.571782795,2.904553,1,Solve_Succeeded,6.191685304,-14.318795170,0.000000000000e+00
27.140000,0.044501380,0.046886554,0.303915918,0.087232877,6.571782795,2.904553,1,Solve_Succeeded,6.191685304,-14.318795170,0.000000000000e+00
27.150000,0.047588373,0.047774177,0.307981847,0.088532861,6.774528665,2.631791,1,Solve_Succeeded,6.382088461,-14.749412453,3.816391647149e-17
27.160000,0.050725078,0.048654777,0.312817179,0.088130943,6.774528665,2.631791,1,Solve_Succeeded,6.382088461,-14.749412453,3.816391647149e-17
27.170000,0.053902145,0.049553830,0.316973306,0.089639092,6.987190420,2.800466,1,Solve_Succeeded,6.581886196,-15.202814304,4.510281037540e-17
27.180000,0.057130250,0.050446918,0.321934854,0.089358399,6.987190420,2.800466,1,Solve_Succeeded,6.581886196,-15.202814304,4.510281037540e-17
27.190000,0.060399567,0.051360732,0.326182205,0.091077908,7.210367922,2.597034,1,Solve_Succeeded,6.791638111,-15.680214729,-1.040834085586e-17
27.200000,0.063721284,0.052269614,0.331273315,0.090916694,7.210367922,2.597034,1,Solve_Succeeded,6.791638111,-15.680214729,-1.040834085586e-17
27.210000,0.067085076,0.053201544,0.335613259,0.092851533,7.444695266,2.967335,1,Solve_Succeeded,7.011936019,-16.182904175,0.000000000000e+00
27.220000,0.070502673,0.054129554,0.340837739,0.092808536,7.444695266,2.967335,1,Solve_Succeeded,7.011936019,-16.182904175,0.000000000000e+00
27.230000,0.073963218,0.055082991,0.345271982,0.094963476,7.690843689,2.703805,1,Solve_Succeeded,7.243406630,-16.712255179,8.326672684689e-17
27.240000,0.077479021,0.056033502,0.350634109,0.095037920,7.690843689,2.703805,1,Solve_Succeeded,7.243406630,-16.712255179,8.326672684689e-17
27.250000,0.081038663,0.057011888,0.355164690,0.097418563,7.949524709,3.399344,1,Solve_Succeeded,7.486714445,-17.269728422,6.938893903907e-18
27.260000,0.084655069,0.057988328,0.360669217,0.097610160,7.949524709,3.399344,1,Solve_Succeeded,7.486714445,-17.269728422,6.938893903907e-18
27.270000,0.088316224,0.058995169,0.365298506,0.100222969,8.221493489,3.426707,1,Solve_Succeeded,7.742564858,-17.856879241,-8.326672684689e-17
27.280000,0.092035705,0.060001033,0.370950675,0.100531925,8.221493489,3.426707,1,Solve_Succeeded,7.742564858,-17.856879241,-8.326672684689e-17
27.290000,0.095800867,0.061039909,0.375681370,0.103384259,8.507552487,3.787160,1,Solve_Succeeded,8.011707518,-18.475364623,-5.551115123126e-17
27.300000,0.099625981,0.062078776,0.381486920,0.103811281,8.507552487,3.787160,1,Solve_Succeeded,8.011707518,-18.475364623,-5.551115123126e-17
27.310000,0.103497734,0.063153361,0.386322049,0.106911441,8.808555394,4.117924,1,Solve_Succeeded,8.294939944,-19.126950727,-1.387778780781e-17
27.320000,0.107431134,0.064228902,0.392287233,0.107457746,8.808555394,4.117924,1,Solve_Succeeded,8.294939944,-19.126950727,-1.387778780781e-17
27.330000,0.111412158,0.065342977,0.397230151,0.110815017,9.125411404,3.217131,1,Solve_Succeeded,8.593111450,-19.813520991,-1.387778780781e-17
27.340000,0.115456596,0.066458978,0.403361748,0.111482343,9.125411404,3.217131,1,Solve_Succeeded,8.593111450,-19.813520991,-1.387778780781e-17
27.350000,0.119549677,0.067616445,0.408416141,0.115107044,9.459089850,3.207271,1,Solve_Succeeded,8.907127391,-20.537084841,-1.249000902703e-16
27.360000,0.123708019,0.068776817,0.414721480,0.115897664,9.459089850,3.207271,1,Solve_Succeeded,8.907127391,-20.537084841,-1.249000902703e-16
27.370000,0.127916056,0.069981718,0.419891364,0.119801209,9.810625234,3.312576,1,Solve_Succeeded,9.237953764,-21.299787084,4.163336342344e-17
27.380000,0.132191287,0.071190515,0.426378341,0.120717948,9.810625234,3.312576,1,Solve_Succeeded,9.237953764,-21.299787084,4.163336342344e-17
27.390000,0.136517302,0.072447047,0.431668069,0.124912902,10.181122709,3.579118,1,Solve_Succeeded,9.586622212,-22.103918011,-6.245004513517e-17
27.400000,0.140912537,0.073708485,0.438345171,0.125959154,10.181122709,3.579118,1,Solve_Succeeded,9.586622212,-22.103918011,-6.245004513517e-17
27.410000,0.145359686,0.075021019,0.443759434,0.130459304,10.571764045,3.275434,1,Solve_Succeeded,9.954235457,-22.951924269,1.457167719821e-16
27.420000,0.149878178,0.076339492,0.450635764,0.131639052,10.571764045,3.275434,1,Solve_Succeeded,9.954235457,-22.951924269,1.457167719821e-16
27.430000,0.154449757,0.077712593,0.456179600,0.136459481,10.983814142,3.548123,1,Solve_Succeeded,10.341973213,-23.846420570,-4.857225732735e-17
27.440000,0.159094910,0.079092692,0.463264909,0.137777320,10.983814142,3.548123,1,Solve_Succeeded,10.341973213,-23.846420570,-4.857225732735e-17
27.450000,0.163794368,0.080531138,0.468943705,0.142934488,11.418628138,3.219674,1,Solve_Succeeded,10.751098634,-24.790202279,-7.632783294298e-17
27.460000,0.168569743,0.081977673,0.476248423,0.144395649,11.418628138,3.219674,1,Solve_Succeeded,10.751098634,-24.790202279,-7.632783294298e-17
27.470000,0.173400692,0.083486474,0.482067927,0.149907481,11.877659193,3.710896,1,Solve_Succeeded,11.182965331,-25.786258948,-7.632783294298e-17
27.480000,0.178310022,0.085004495,0.489603198,0.151517859,11.877659193,3.710896,1,Solve_Succeeded,11.182965331,-25.786258948,-7.632783294298e-17
27.490000,0.183276246,0.086588920,0.495569524,0.157403837,12.362467003,4.732941,1,Solve_Succeeded,11.639025050,-26.837788852,5.551115123126e-17
27.500000,0.188323444,0.088183737,0.503347249,0.159170018,12.362467003,4.732941,1,Solve_Succeeded,11.639025050,-26.837788852,5.551115123126e-17
27.510000,0.193428912,0.089849335,0.509466891,0.165451290,12.874727143,3.390570,1,Solve_Succeeded,12.120836041,-27.948214598,-4.163336342344e-17
27.520000,0.199746467,0.088720235,0.613412237,-0.071155734,12.874727143,3.390570,1,Solve_Succeeded,12.120836041,-27.948214598,-4.163336342344e-17
27.530000,0.207276289,0.084792752,0.732046670,-0.344509493,2.170964962,2.801346,1,Solve_Succeeded,1.947726742,-2.771691741,0.000000000000e+00
27.540000,0.215000905,0.080587896,0.766399364,-0.409089111,2.170964962,2.801346,1,Solve_Succeeded,1.947726742,-2.771691741,0.000000000000e+00
27.550000,0.222920925,0.076093884,0.788161561,-0.443354460,-0.463371498,3.184038,1,Solve_Succeeded,-0.546026513,3.221938243,6.938893903907e-18
27.560000,0.230786350,0.071922030,0.786785430,-0.421110730,-0.463371498,3.184038,1,Solve_Succeeded,-0.546026513,3.221938243,6.938893903907e-18
27.570000,0.238597737,0.068060832,0.781985653,-0.391368388,0.016440954,2.930500,1,Solve_Succeeded,-0.078664886,1.862041480,0.000000000000e+00
27.580000,0.246401258,0.064385847,0.780597150,-0.371079060,0.016440954,2.930500,1,Solve_Succeeded,-0.078664886,1.862041480,0.000000000000e+00
27.590000,0.254197414,0.060886835,0.779762804,-0.353077828,0.283645740,2.787861,1,Solve_Succeeded,0.185421551,1.028489508,6.938893903907e-18
27.600000,0.262012112,0.057490667,0.781213771,-0.341635967,0.283645740,2.787861,1,Solve_Succeeded,0.185421551,1.028489508,6.938893903907e-18
27.610000,0.269845820,0.054187854,0.783047296,-0.331984488,0.237359137,2.847312,1,Solve_Succeeded,0.150602787,0.951295520,0.000000000000e+00
27.620000,0.277694590,0.050980155,0.784602473,-0.322452066,0.237359137,2.847312,1,Solve_Succeeded,0.150602787,0.951295520,0.000000000000e+00
27.630000,0.285558862,0.047858611,0.786153563,-0.313699108,0.161139722,2.955598,1,Solve_Succeeded,0.086799580,0.955472298,0.000000000000e+00
27.640000,0.293431815,0.044832594,0.787124038,-0.304266251,0.161139722,2.955598,1,Solve_Succeeded,0.086799580,0.955472298,0.000000000000e+00
27.650000,0.301313867,0.041893654,0.788043013,-0.295449906,0.110800674,2.751569,1,Solve_Succeeded,0.047136878,0.908393217,0.000000000000e+00
27.660000,0.309200633,0.039045532,0.788581537,-0.286407856,0.110800674,2.751569,1,Solve_Succeeded,0.047136878,0.908393217,0.000000000000e+00
27.670000,0.317092507,0.036280270,0.789096556,-0.278008394,0.069813794,2.729026,1,Solve_Succeeded,0.015900796,0.848909383,0.000000000000e+00
27.680000,0.324985972,0.033599878,0.789308986,-0.269534590,0.069813794,2.729026,1,Solve_Succeeded,0.015900796,0.848909383,0.000000000000e+00
27.690000,0.332881399,0.030996864,0.789507667,-0.261686408,0.030255936,3.260193,1,Solve_Succeeded,-0.014423173,0.795233375,-3.469446951954e-18
27.700000,0.340775385,0.028473350,0.789414902,-0.253751603,0.030255936,3.260193,1,Solve_Succeeded,-0.014423173,0.795233375,-3.469446951954e-18
27.710000,0.348668279,0.026022283,0.789308249,-0.246403440,-0.007829203,3.279881,1,Solve_Succeeded,-0.043766398,0.746673788,1.734723475977e-18
27.720000,0.356556797,0.023645861,0.788920277,-0.238956420,-0.007829203,3.279881,1,Solve_Succeeded,-0.043766398,0.746673788,1.734723475977e-18
27.730000,0.364441270,0.021337439,0.788518230,-0.232059368,-0.043844771,2.925935,1,Solve_Succeeded,-0.071535922,0.701280867,1.734723475977e-18
27.740000,0.372318590,0.019099121,0.787849917,-0.225065858,-0.043844771,2.925935,1,Solve_Succeeded,-0.071535922,0.701280867,1.734723475977e-18
27.750000,0.380189068,0.016924650,0.787168179,-0.218589950,-0.077813196,3.145907,1,Solve_Succeeded,-0.097729947,0.658615306,1.734723475977e-18
27.760000,0.388049775,0.014816017,0.786235271,-0.212022258,-0.077813196,3.145907,1,Solve_Succeeded,-0.097729947,0.658615306,1.734723475977e-18
27.770000,0.395901003,0.012767326,0.785289687,-0.205942126,-0.109902153,2.910027,1,Solve_Succeeded,-0.122486201,0.618613358,-2.602085213965e-18
27.780000,0.403739983,0.010780473,0.784106781,-0.199773799,-0.109902153,2.910027,1,Solve_Succeeded,-0.122486201,0.618613358,-2.602085213965e-18
27.790000,0.411566993,0.008849901,0.782911850,-0.194064689,-0.140240437,2.722232,1,Solve_Succeeded,-0.145906603,0.581147496,-2.602085213965e-18
27.800000,0.419379413,0.006977422,0.781492474,-0.188270453,-0.140240437,2.722232,1,Solve_Succeeded,-0.145906603,0.581147496,-2.602085213965e-18
27.810000,0.427177505,0.005157796,0.780061661,-0.182908761,-0.168930592,2.849528,1,Solve_Succeeded,-0.168069264,0.546055227,1.301042606983e-18
27.820000,0.434958790,0.003392754,0.778418525,-0.177464900,-0.168930592,2.849528,1,Solve_Succeeded,-0.168069264,0.546055227,1.301042606983e-18
27.830000,0.442723517,0.001677356,0.776764505,-0.172428527,-0.196068091,3.593810,1,Solve_Succeeded,-0.189046697,0.513183016,8.673617379884e-19
27.840000,0.450469339,0.000013255,0.774909583,-0.167312855,-0.196068091,3.593810,1,Solve_Succeeded,-0.189046697,0.513183016,8.673617379884e-19
27.850000,0.458196490,-0.001604206,0.773044301,-0.162581139,-0.221743805,2.844148,1,Solve_Succeeded,-0.208908118,0.482390499,-1.951563910474e-18
27.860000,0.465902752,-0.003173450,0.770988870,-0.157772881,-0.221743805,2.844148,1,Solve_Succeeded,-0.208908118,0.482390499,-1.951563910474e-18
27.870000,0.473588343,-0.004698868,0.768923572,-0.153326467,-0.246043072,3.026718,1,Solve_Succeeded,-0.227718502,0.453546725,-8.673617379884e-19
27.880000,0.481251163,-0.006178952,0.766678253,-0.148806158,-0.246043072,3.026718,1,Solve_Succeeded,-0.227718502,0.453546725,-8.673617379884e-19
27.890000,0.488891419,-0.007617846,0.764423531,-0.144626911,-0.269045672,3.085498,1,Solve_Succeeded,-0.245538508,0.426528668,-8.673617379884e-19
27.900000,0.496507123,-0.009014108,0.761998330,-0.140376312,-0.269045672,3.085498,1,Solve_Succeeded,-0.245538508,0.426528668,-8.673617379884e-19
27.910000,0.504098469,-0.010371647,0.759564164,-0.136447244,-0.290826237,3.162138,1,Solve_Succeeded,-0.262424817,0.401220871,-1.734723475977e-18
27.920000,0.511663574,-0.011689085,0.756968514,-0.132449273,-0.290826237,3.162138,1,Solve_Succeeded,-0.262424817,0.401220871,-1.734723475977e-18
27.930000,0.519202621,-0.012970109,0.754364315,-0.128754468,-0.311454629,2.786908,1,Solve_Succeeded,-0.278430441,0.377515090,0.000000000000e+00
27.940000,0.526713827,-0.014213403,0.751607113,-0.124993122,-0.311454629,2.786908,1,Solve_Succeeded,-0.278430441,0.377515090,0.000000000000e+00
27.950000,0.534197364,-0.015422446,0.748841755,-0.121517674,-0.330996248,2.634091,1,Solve_Succeeded,-0.293604973,0.355309855,1.734723475977e-18
27.960000,0.541651542,-0.016595979,0.745931395,-0.117977965,-0.330996248,2.634091,1,Solve_Succeeded,-0.293604973,0.355309855,1.734723475977e-18
27.970000,0.549076525,-0.017737288,0.743013253,-0.114707912,-0.349512324,2.775874,1,Solve_Succeeded,-0.307994810,0.334510057,0.000000000000e+00
27.980000,0.556470709,-0.018845165,0.739957663,-0.111375799,-0.349512324,2.775874,1,Solve_Succeeded,-0.307994810,0.334510057,0.000000000000e+00
27.990000,0.563834250,-0.019922715,0.736894642,-0.108298063,-0.367060176,3.097738,1,Solve_Succeeded,-0.321643363,0.315026545,-1.734723475977e-18
28.000000,0.571165628,-0.020968782,0.733701308,-0.105160399,-0.367060176,3.097738,1,Solve_Succeeded,-0.321643363,0.315026545,-1.734723475977e-18
28.010000,0.578464989,-0.021986296,0.730500878,-0.102262734,-0.383693469,2.773497,1,Solve_Succeeded,-0.334591255,0.296775761,1.734723475977e-18
28.020000,0.585730892,-0.022974152,0.727176876,-0.099307204,-0.383693469,2.773497,1,Solve_Succeeded,-0.334591255,0.296775761,1.734723475977e-18
28.030000,0.592963475,-0.023935117,0.723846097,-0.096578139,-0.399462449,2.702705,1,Solve_Succeeded,-0.346876500,0.279679399,1.734723475977e-18
28.040000,0.600161372,-0.024868135,0.720398118,-0.093793211,-0.399462449,2.702705,1,Solve_Succeeded,-0.346876500,0.279679399,1.734723475977e-18
28.050000,0.607324712,-0.025775817,0.716943665,-0.091222005,-0.414414159,3.075327,1,Solve_Succeeded,-0.358534680,0.263664070,1.734723475977e-18
28.060000,0.614452200,-0.026657154,0.713378040,-0.088596881,-0.414414159,3.075327,1,Solve_Succeeded,-0.358534680,0.263664070,1.734723475977e-18
28.070000,0.621543960,-0.027514612,0.709806232,-0.086173477,-0.428592648,3.793822,1,Solve_Succeeded,-0.369599099,0.248661005,0.000000000000e+00
28.080000,0.628598760,-0.028347224,0.706128956,-0.083698043,-0.428592648,3.793822,1,Solve_Succeeded,-0.369599099,0.248661005,0.000000000000e+00
28.090000,0.635616718,-0.029157322,0.702445772,-0.081413022,-0.442039164,2.685997,1,Solve_Succeeded,-0.380100934,0.234605762,-3.469446951954e-18
28.100000,0.642596667,-0.029943979,0.698662523,-0.079077811,-0.442039164,2.685997,1,Solve_Succeeded,-0.380100934,0.234605762,-3.469446951954e-18
28.110000,0.649538717,-0.030709399,0.694873631,-0.076922355,-0.454792329,2.850486,1,Solve_Succeeded,-0.390069369,0.221437959,-3.469446951954e-18
28.120000,0.656441761,-0.031452695,0.690989795,-0.074718501,-0.454792329,2.850486,1,Solve_Succeeded,-0.390069369,0.221437959,-3.469446951954e-18
28.130000,0.663305903,-0.032175948,0.687100566,-0.072684354,-0.466888315,2.692367,1,Solve_Succeeded,-0.399531733,0.209101021,-3.469446951954e-18
28.140000,0.670130093,-0.032878312,0.683121249,-0.070603557,-0.466888315,2.692367,1,Solve_Succeeded,-0.399531733,0.209101021,-3.469446951954e-18
28.150000,0.676914430,-0.033561753,0.679136780,-0.068682990,-0.478360995,3.506798,1,Solve_Succeeded,-0.408513612,0.197541939,0.000000000000e+00
28.160000,0.683657916,-0.034225459,0.675066831,-0.066717479,-0.478360995,3.506798,1,Solve_Succeeded,-0.408513612,0.197541939,0.000000000000e+00
28.170000,0.690360644,-0.034871290,0.670991961,-0.064903254,-0.489242096,2.758552,1,Solve_Succeeded,-0.417038967,0.186711053,0.000000000000e+00
28.180000,0.697021670,-0.035498469,0.666835986,-0.063045754,-0.489242096,2.758552,1,Solve_Succeeded,-0.417038967,0.186711053,0.000000000000e+00
28.190000,0.703641081,-0.036108755,0.662675311,-0.061331098,-0.499561336,2.588776,1,Solve_Succeeded,-0.425130240,0.176561838,-3.469446951954e-18
28.200000,0.710217980,-0.036701403,0.658437689,-0.059574800,-0.499561336,2.588776,1,Solve_Succeeded,-0.425130240,0.176561838,-3.469446951954e-18
28.210000,0.716752449,-0.037278076,0.654195581,-0.057953372,-0.509346551,3.503227,1,Solve_Succeeded,-0.432808450,0.167050710,3.469446951954e-18
28.220000,0.723243639,-0.037838063,0.649880478,-0.056291900,-0.509346551,3.503227,1,Solve_Succeeded,-0.432808450,0.167050710,3.469446951954e-18
28.230000,0.729691628,-0.038382933,0.645561094,-0.054757765,-0.518623819,3.359210,1,Solve_Succeeded,-0.440093287,0.158136842,0.000000000000e+00
28.240000,0.736095608,-0.038912009,0.641172479,-0.053185154,-0.518623819,3.359210,1,Solve_Succeeded,-0.440093287,0.158136842,0.000000000000e+00
28.250000,0.742455654,-0.039426774,0.636779778,-0.051732756,-0.527417576,2.744598,1,Solve_Succeeded,-0.447003201,0.149781989,0.000000000000e+00
28.260000,0.748771001,-0.039926580,0.632321431,-0.050243420,-0.527417576,2.744598,1,Solve_Succeeded,-0.447003201,0.149781989,0.000000000000e+00
28.270000,0.755041718,-0.040412827,0.627859187,-0.048867561,-0.535750716,2.691936,1,Solve_Succeeded,-0.453555475,0.141950330,0.000000000000e+00
28.280000,0.761267081,-0.040884900,0.623334714,-0.047456274,-0.535750716,2.691936,1,Solve_Succeeded,-0.453555475,0.141950330,0.000000000000e+00
28.290000,0.767447155,-0.041344119,0.618806526,-0.046152088,-0.543644696,2.957709,1,Solve_Succeeded,-0.459766312,0.134608312,0.000000000000e+00
28.300000,0.773581254,-0.041789897,0.614219370,-0.044813957,-0.543644696,2.957709,1,Solve_Succeeded,-0.459766312,0.134608312,0.000000000000e+00
28.310000,0.779669439,-0.042223483,0.609628674,-0.043576891,-0.551119627,3.276552,1,Solve_Succeeded,-0.465650897,0.127724511,0.000000000000e+00
28.320000,0.785711061,-0.042644316,0.604982122,-0.042307340,-0.551119627,3.276552,1,Solve_Succeeded,-0.465650897,0.127724511,0.000000000000e+00
28.330000,0.791706177,-0.043053575,0.600332201,-0.041133134,-0.558194362,2.750822,1,Solve_Succeeded,-0.471223465,0.121269495,-6.938893903907e-18
28.340000,0.797654172,-0.043450727,0.595629398,-0.039927878,-0.558194362,2.750822,1,Solve_Succeeded,-0.471223465,0.121269495,-6.938893903907e-18
28.350000,0.803555101,-0.043836884,0.590923390,-0.038812545,-0.564886578,2.814110,1,Solve_Succeeded,-0.476497366,0.115215702,0.000000000000e+00
28.360000,0.809408381,-0.044211540,0.586167346,-0.037667577,-0.564886578,2.814110,1,Solve_Succeeded,-0.476497366,0.115215702,0.000000000000e+00
28.370000,0.815214066,-0.044575743,0.581408256,-0.036607387,-0.571212851,3.497233,1,Solve_Succeeded,-0.481485120,0.109537321,0.000000000000e+00
28.380000,0.820971602,-0.044929011,0.576601853,-0.035518956,-0.571212851,3.497233,1,Solve_Succeeded,-0.481485120,0.109537321,0.000000000000e+00
28.390000,0.826681041,-0.045272336,0.571792559,-0.034510420,-0.577188730,3.985465,1,Solve_Succeeded,-0.486198473,0.104210180,0.000000000000e+00
28.400000,0.832341861,-0.045605259,0.566938562,-0.033475017,-0.577188730,3.985465,1,Solve_Succeeded,-0.486198473,0.104210180,0.000000000000e+00
28.410000,0.837954108,-0.045928713,0.562081822,-0.032514872,-0.582828801,2.748585,1,Solve_Succeeded,-0.490648446,0.099211645,0.000000000000e+00
28.420000,0.843517292,-0.046242266,0.557182884,-0.031529214,-0.582828801,2.748585,1,Solve_Succeeded,-0.490648446,0.099211645,0.000000000000e+00
28.430000,0.849031455,-0.046546795,0.552281347,-0.030614405,-0.588146754,2.750749,1,Solve_Succeeded,-0.494845383,0.094520523,-3.469446951954e-18
28.440000,0.854496136,-0.046841893,0.547340015,-0.029675422,-0.588146754,2.750749,1,Solve_Succeeded,-0.494845383,0.094520523,-3.469446951954e-18
28.450000,0.859911374,-0.047128384,0.542396226,-0.028803094,-0.593155438,2.688623,1,Solve_Succeeded,-0.498798998,0.090116971,0.000000000000e+00
28.460000,0.865276733,-0.047405884,0.537414950,-0.027907913,-0.593155438,2.688623,1,Solve_Succeeded,-0.498798998,0.090116971,0.000000000000e+00
28.470000,0.870592252,-0.047675168,0.532431354,-0.027075394,-0.597866917,3.225550,1,Solve_Succeeded,-0.502518413,0.085982409,3.469446951954e-18
28.480000,0.875857520,-0.047935875,0.527412492,-0.026221328,-0.597866917,3.225550,1,Solve_Succeeded,-0.502518413,0.085982409,3.469446951954e-18
28.490000,0.881072573,-0.048188732,0.522391443,-0.025426121,-0.602292521,2.703965,1,Solve_Succeeded,-0.506012198,0.082099443,0.000000000000e+00
28.500000,0.886237027,-0.048433400,0.517337266,-0.024610656,-0.602292521,2.703965,1,Solve_Succeeded,-0.506012198,0.082099443,0.000000000000e+00
28.510000,0.891350914,-0.048670563,0.512281031,-0.023850425,-0.606442898,2.771335,1,Solve_Succeeded,-0.509288409,0.078451787,0.000000000000e+00
28.520000,0.896413874,-0.048899900,0.507193728,-0.023071211,-0.606442898,2.771335,1,Solve_Succeeded,-0.509288409,0.078451787,0.000000000000e+00
28.530000,0.901425938,-0.049122054,0.502104494,-0.022343771,-0.610328052,3.509647,1,Solve_Succeeded,-0.512354620,0.075024197,3.469446951954e-18
28.540000,0.906386768,-0.049336725,0.496986179,-0.021598611,-0.610328052,3.509647,1,Solve_Succeeded,-0.512354620,0.075024197,3.469446951954e-18
28.550000,0.911296393,-0.049544514,0.491866055,-0.020901921,-0.613957392,3.662942,1,Solve_Succeeded,-0.515217956,0.071802401,-3.469446951954e-18
28.560000,0.916154497,-0.049745144,0.486718768,-0.020188757,-0.613957392,3.662942,1,Solve_Succeeded,-0.515217956,0.071802401,-3.469446951954e-18
28.570000,0.920961108,-0.049939174,0.481569793,-0.019520908,-0.617339768,2.715399,1,Solve_Succeeded,-0.517885122,0.068773039,0.000000000000e+00
28.580000,0.925715932,-0.050126347,0.476395507,-0.018837820,-0.617339768,2.715399,1,Solve_Succeeded,-0.517885122,0.068773039,0.000000000000e+00
28.590000,0.930418995,-0.050307186,0.471219652,-0.018197027,-0.620483507,2.903902,1,Solve_Succeeded,-0.520362432,0.065923608,3.469446951954e-18
28.600000,0.935070022,-0.050481453,0.466020276,-0.017542217,-0.620483507,2.903902,1,Solve_Succeeded,-0.520362432,0.065923608,3.469446951954e-18
28.610000,0.939669039,-0.050649635,0.460819447,-0.016926812,-0.623396452,2.763681,1,Solve_Succeeded,-0.522655834,0.063242403,3.469446951954e-18
28.620000,0.944215791,-0.050811512,0.455596831,-0.016298600,-0.623396452,2.763681,1,Solve_Succeeded,-0.522655834,0.063242403,3.469446951954e-18
28.630000,0.948710301,-0.050967539,0.450372874,-0.015707024,-0.626085990,3.692986,1,Solve_Succeeded,-0.524770934,0.060718470,3.469446951954e-18
28.640000,0.953152335,-0.051117513,0.445128811,-0.015103840,-0.626085990,3.692986,1,Solve_Succeeded,-0.524770934,0.060718470,3.469446951954e-18
28.650000,0.957541913,-0.051261854,0.439883517,-0.014534636,-0.628559082,2.779257,1,Solve_Succeeded,-0.526713022,0.058341556,3.469446951954e-18
28.660000,0.961878822,-0.051400382,0.434619745,-0.013955012,-0.628559082,2.779257,1,Solve_Succeeded,-0.526713022,0.058341556,3.469446951954e-18
28.670000,0.966163079,-0.051533483,0.429354851,-0.013406819,-0.630822295,2.630323,1,Solve_Succeeded,-0.528487088,0.056102066,3.469446951954e-18
28.680000,0.970394489,-0.051660993,0.424073060,-0.012849382,-0.630822295,2.630323,1,Solve_Succeeded,-0.528487088,0.056102066,3.469446951954e-18
28.690000,0.974573069,-0.051783269,0.418790251,-0.012320929,-0.632881827,3.493711,1,Solve_Succeeded,-0.530097848,0.053991022,0.000000000000e+00
28.700000,0.978698640,-0.051900167,0.413492082,-0.011784396,-0.632881827,3.493711,1,Solve_Succeeded,-0.530097848,0.053991022,0.000000000000e+00
28.710000,0.982771219,-0.052012012,0.408192999,-0.011274495,-0.634743530,3.603113,1,Solve_Succeeded,-0.531549757,0.052000022,-6.938893903907e-18
28.720000,0.986790644,-0.052118676,0.402880047,-0.010757669,-0.634743530,3.603113,1,Solve_Succeeded,-0.531549757,0.052000022,-6.938893903907e-18
28.730000,0.990756929,-0.052220459,0.397566284,-0.010265210,-0.636412933,2.879035,1,Solve_Succeeded,-0.532847030,0.050121203,6.938893903907e-18
28.740000,0.994669931,-0.052317250,0.392240103,-0.009766969,-0.636412933,2.879035,1,Solve_Succeeded,-0.532847030,0.050121203,6.938893903907e-18
28.750000,0.998529663,-0.052409319,0.386913211,-0.009290916,-0.637895269,2.780856,1,Solve_Succeeded,-0.533993658,0.048347211,0.000000000000e+00
28.760000,1.002335996,-0.052496573,0.381575314,-0.008810215,-0.637895269,2.780856,1,Solve_Succeeded,-0.533993658,0.048347211,0.000000000000e+00
28.770000,1.006088943,-0.052579256,0.376236805,-0.008349600,-0.639195488,3.421484,1,Solve_Succeeded,-0.534993423,0.046671163,0.000000000000e+00
28.780000,1.009788392,-0.052657291,0.370888668,-0.007885462,-0.639195488,3.421484,1,Solve_Succeeded,-0.534993423,0.046671163,0.000000000000e+00
28.790000,1.013434353,-0.052730898,0.365540015,-0.007439382,-0.640318280,3.156505,1,Solve_Succeeded,-0.535849910,0.045086620,0.000000000000e+00
28.800000,1.017026731,-0.052800015,0.360183076,-0.006990892,-0.640318280,3.156505,1,Solve_Succeeded,-0.535849910,0.045086620,0.000000000000e+00
28.810000,1.020565534,-0.052864837,0.354825717,-0.006558504,-0.641268091,2.941671,1,Solve_Succeeded,-0.536566523,0.043587559,-3.469446951954e-18
28.820000,1.024050681,-0.052925320,0.349461381,-0.006124809,-0.641268091,2.941671,1,Solve_Succeeded,-0.536566523,0.043587559,-3.469446951954e-18
28.830000,1.027482181,-0.052981633,0.344096718,-0.005705326,-0.642049144,2.824731,1,Solve_Succeeded,-0.537146498,0.042168347,0.000000000000e+00
28.840000,1.030859968,-0.053033749,0.338726356,-0.005285630,-0.642049144,2.824731,1,Solve_Succeeded,-0.537146498,0.042168347,0.000000000000e+00
28.850000,1.034184048,-0.053081813,0.333355760,-0.004878317,-0.642665447,2.657215,1,Solve_Succeeded,-0.537592913,0.040823713,3.469446951954e-18
28.860000,1.037454369,-0.053125815,0.327980714,-0.004471876,-0.642665447,2.657215,1,Solve_Succeeded,-0.537592913,0.040823713,3.469446951954e-18
28.870000,1.040670939,-0.053165877,0.322605524,-0.004076047,-0.643120814,2.676728,1,Solve_Succeeded,-0.537908698,0.039548729,-6.938893903907e-18
28.880000,1.043833719,-0.053202003,0.317227105,-0.003682167,-0.643120814,2.676728,1,Solve_Succeeded,-0.537908698,0.039548729,-6.938893903907e-18
28.890000,1.046942714,-0.053234296,0.311848631,-0.003297183,-0.643418873,2.672282,1,Solve_Succeeded,-0.538096647,0.038338786,0.000000000000e+00
28.900000,1.049997900,-0.053262774,0.306468122,-0.002915214,-0.643418873,2.672282,1,Solve_Succeeded,-0.538096647,0.038338786,0.000000000000e+00
28.910000,1.052999281,-0.053287517,0.301087646,-0.002540480,-0.643563086,2.677930,1,Solve_Succeeded,-0.538159428,0.037189572,0.000000000000e+00
28.920000,1.055946848,-0.053308561,0.295706303,-0.002169816,-0.643563086,2.677930,1,Solve_Succeeded,-0.538159428,0.037189572,0.000000000000e+00
28.930000,1.058840602,-0.053325965,0.290325080,-0.001804776,-0.643556753,2.714013,1,Solve_Succeeded,-0.538099590,0.036097059,6.938893903907e-18
28.940000,1.061680548,-0.053339778,0.284944133,-0.001444852,-0.643556753,2.714013,1,Solve_Succeeded,-0.538099590,0.036097059,6.938893903907e-18
28.950000,1.064466687,-0.053350040,0.279563392,-0.001088987,-0.643403027,2.948976,1,Solve_Succeeded,-0.537919572,0.035057477,0.000000000000e+00
28.960000,1.067199034,-0.053356816,0.274184048,-0.000739276,-0.643403027,2.948976,1,Solve_Succeeded,-0.537919572,0.035057477,0.000000000000e+00
28.970000,1.069877592,-0.053360124,0.268804993,-0.000392102,-0.643104924,2.847161,1,Solve_Succeeded,-0.537621711,0.034067304,0.000000000000e+00
28.980000,1.072502388,-0.053360045,0.263428434,-0.000052112,-0.643104924,2.847161,1,Solve_Succeeded,-0.537621711,0.034067304,0.000000000000e+00
28.990000,1.075073423,-0.053356579,0.258052248,0.000286820,-0.642665333,2.941263,1,Solve_Succeeded,-0.537208250,0.033123246,0.000000000000e+00
29.000000,1.077590738,-0.053349820,0.252679633,0.000617550,-0.642665333,2.941263,1,Solve_Succeeded,-0.537208250,0.033123246,0.000000000000e+00
29.010000,1.080054333,-0.053339749,0.247307473,0.000948659,-0.642087024,2.687850,1,Solve_Succeeded,-0.536681342,0.032222227,-6.938893903907e-18
29.020000,1.082464260,-0.053326475,0.241939941,0.001270558,-0.642087024,2.687850,1,Solve_Succeeded,-0.536681342,0.032222227,-6.938893903907e-18
29.030000,1.084820518,-0.053309962,0.236572945,0.001594235,-0.641372655,2.721922,1,Solve_Succeeded,-0.536043060,0.031361369,0.000000000000e+00
29.040000,1.087123173,-0.053290332,0.231211613,0.001907701,-0.641372655,2.721922,1,Solve_Succeeded,-0.536043060,0.031361369,0.000000000000e+00
29.050000,1.089372222,-0.053267530,0.225850897,0.002224311,-0.640524786,2.619124,1,Solve_Succeeded,-0.535295401,0.030537984,0.000000000000e+00
29.060000,1.091567742,-0.053241694,0.220496861,0.002529718,-0.640524786,2.619124,1,Solve_Succeeded,-0.535295401,0.030537984,0.000000000000e+00
29.070000,1.093709730,-0.053212751,0.215143521,0.002839598,-0.639545876,3.057346,1,Solve_Succeeded,-0.534440291,0.029749561,0.000000000000e+00
29.080000,1.095798276,-0.053180852,0.209797861,0.003137295,-0.639545876,3.057346,1,Solve_Succeeded,-0.534440291,0.029749561,0.000000000000e+00
29.090000,1.097833373,-0.053145909,0.204452973,0.003440761,-0.638438300,2.798998,1,Solve_Succeeded,-0.533479589,0.028993753,-6.938893903907e-18
29.100000,1.099815124,-0.053108086,0.199116746,0.003731071,-0.638438300,2.798998,1,Solve_Succeeded,-0.533479589,0.028993753,-6.938893903907e-18
29.110000,1.101743522,-0.053067277,0.193781369,0.004028415,-0.637204350,3.416753,1,Solve_Succeeded,-0.532415096,0.028268369,0.000000000000e+00
29.120000,1.103618680,-0.053023661,0.188455617,0.004311641,-0.637204350,3.416753,1,Solve_Succeeded,-0.532415096,0.028268369,0.000000000000e+00
29.130000,1.105440591,-0.052977115,0.183130791,0.004603138,-0.635846240,3.144071,1,Solve_Succeeded,-0.531248557,0.027571362,-3.469446951954e-18
29.140000,1.107209378,-0.052927832,0.177816537,0.004879562,-0.635846240,3.144071,1,Solve_Succeeded,-0.531248557,0.027571362,-3.469446951954e-18
29.150000,1.108925035,-0.052875673,0.172503283,0.005165463,-0.634366117,2.995545,1,Solve_Succeeded,-0.529981663,0.026900821,-3.469446951954e-18
29.160000,1.110587694,-0.052820843,0.167201534,0.005435349,-0.634366117,2.995545,1,Solve_Succeeded,-0.529981663,0.026900821,-3.469446951954e-18
29.170000,1.112197348,-0.052763189,0.161900858,0.005715890,-0.632766060,2.981395,1,Solve_Succeeded,-0.528616057,0.026254961,0.000000000000e+00
29.180000,1.113754142,-0.052702929,0.156612604,0.005979482,-0.632766060,2.981395,1,Solve_Succeeded,-0.528616057,0.026254961,0.000000000000e+00
29.190000,1.115258067,-0.052639894,0.151325495,0.006254884,-0.631048088,2.891896,1,Solve_Succeeded,-0.527153340,0.025632116,0.000000000000e+00
29.200000,1.116709277,-0.052574316,0.146051709,0.006512410,-0.631048088,2.891896,1,Solve_Succeeded,-0.527153340,0.025632116,0.000000000000e+00
29.210000,1.118107764,-0.052506010,0.140779140,0.006782874,-0.629214164,2.851181,1,Solve_Succeeded,-0.525595069,0.025030731,-3.469446951954e-18
29.220000,1.119453693,-0.052435220,0.135520780,0.007034549,-0.629214164,2.851181,1,Solve_Succeeded,-0.525595069,0.025030731,-3.469446951954e-18
29.230000,1.120747053,-0.052361749,0.130263709,0.007300264,-0.627266201,2.906779,1,Solve_Succeeded,-0.523942766,0.024449357,6.938893903907e-18
29.240000,1.121988019,-0.052285852,0.125021718,0.007546285,-0.627266201,2.906779,1,Solve_Succeeded,-0.523942766,0.024449357,6.938893903907e-18
29.250000,1.123176582,-0.052207316,0.119781086,0.007807427,-0.625206060,2.680637,1,Solve_Succeeded,-0.522197913,0.023886638,-3.469446951954e-18
29.260000,1.124312926,-0.052126412,0.114556392,0.008047978,-0.625206060,2.680637,1,Solve_Succeeded,-0.522197913,0.023886638,-3.469446951954e-18
29.270000,1.125397040,-0.052042912,0.109333127,0.008304709,-0.623035561,3.215030,1,Solve_Succeeded,-0.520361965,0.023341313,3.469446951954e-18
29.280000,1.126429118,-0.051957097,0.104126643,0.008539964,-0.623035561,3.215030,1,Solve_Succeeded,-0.520361965,0.023341313,3.469446951954e-18
29.290000,1.127409149,-0.051868727,0.098921656,0.008792435,-0.620756481,3.516228,1,Solve_Succeeded,-0.518436344,0.022812205,3.469446951954e-18
29.300000,1.128337338,-0.051778096,0.093734282,0.009022553,-0.620756481,3.516228,1,Solve_Succeeded,-0.518436344,0.022812205,3.469446951954e-18
29.310000,1.129213671,-0.051684948,0.088548472,0.009270903,-0.618370561,3.440782,1,Solve_Succeeded,-0.516422445,0.022298217,-6.938893903907e-18
29.320000,1.130038363,-0.051589591,0.083381093,0.009496034,-0.618370561,3.440782,1,Solve_Succeeded,-0.516422445,0.022298217,-6.938893903907e-18
29.330000,1.130811401,-0.051491756,0.078215344,0.009740393,-0.615879506,2.804615,1,Solve_Succeeded,-0.514321637,0.021798324,-3.469446951954e-18
29.340000,1.131533007,-0.051391760,0.073068831,0.009960676,-0.615879506,2.804615,1,Solve_Succeeded,-0.514321637,0.021798324,-3.469446951954e-18
29.350000,1.132203168,-0.051289324,0.067924014,0.010201163,-0.613284987,2.752991,1,Solve_Succeeded,-0.512135267,0.021311575,-3.469446951954e-18
29.360000,1.132822116,-0.051184776,0.062799225,0.010416728,-0.613284987,2.752991,1,Solve_Succeeded,-0.512135267,0.021311575,-3.469446951954e-18
29.370000,1.133389838,-0.051077824,0.057676196,0.010653454,-0.610588647,2.737478,1,Solve_Succeeded,-0.509864658,0.020837082,0.000000000000e+00
29.380000,1.133906574,-0.050968808,0.052573975,0.010864422,-0.610588647,2.737478,1,Solve_Succeeded,-0.509864658,0.020837082,0.000000000000e+00
29.390000,1.134372309,-0.050857421,0.047473579,0.011097488,-0.607792103,2.697173,1,Solve_Succeeded,-0.507511116,0.020374018,3.469446951954e-18
29.400000,1.134787294,-0.050744017,0.042394758,0.011303972,-0.607792103,2.697173,1,Solve_Succeeded,-0.507511116,0.020374018,3.469446951954e-18
29.410000,1.135151513,-0.050628278,0.037317824,0.011533475,-0.604896942,2.663924,1,Solve_Succeeded,-0.505075926,0.019921613,0.000000000000e+00
29.420000,1.135465225,-0.050510565,0.032263222,0.011735578,-0.604896942,2.663924,1,Solve_Succeeded,-0.505075926,0.019921613,0.000000000000e+00
29.430000,1.135728414,-0.050390550,0.027210569,0.011961604,-0.601904732,2.890817,1,Solve_Succeeded,-0.502560359,0.019479152,-3.469446951954e-18
29.440000,1.135941348,-0.050268607,0.022180991,0.012159425,-0.601904732,2.890817,1,Solve_Succeeded,-0.502560359,0.019479152,-3.469446951954e-18
29.450000,1.136104010,-0.050144393,0.017153424,0.012382055,-0.598817018,2.703131,1,Solve_Succeeded,-0.499965667,0.019045968,0.000000000000e+00
29.460000,1.136216677,-0.050018295,0.012149664,0.012575685,-0.598817018,2.703131,1,Solve_Succeeded,-0.499965667,0.019045968,0.000000000000e+00
29.470000,1.136279330,-0.049889958,0.007147975,0.012794994,-0.595635325,2.775939,1,Solve_Succeeded,-0.497293092,0.018621442,0.000000000000e+00
29.480000,1.136292255,-0.049759778,0.002170813,0.012984517,-0.595635325,2.775939,1,Solve_Succeeded,-0.497293092,0.018621442,0.000000000000e+00
29.490000,1.136255433,-0.049627391,-0.002804217,0.013200573,-0.592361158,2.652393,1,Solve_Succeeded,-0.494543860,0.018204999,0.000000000000e+00
29.500000,1.136169158,-0.049493203,-0.007754012,0.013386068,-0.592361158,2.652393,1,Solve_Succeeded,-0.494543860,0.018204999,0.000000000000e+00
29.510000,1.136033411,-0.049356838,-0.012701617,0.013598934,-0.588996010,2.721860,1,Solve_Succeeded,-0.491719186,0.017796103,3.469446951954e-18
29.520000,1.135848493,-0.049218713,-0.017623288,0.013780476,-0.588996010,2.721860,1,Solve_Succeeded,-0.491719186,0.017796103,3.469446951954e-18
29.530000,1.135614385,-0.049078441,-0.022542711,0.013990210,-0.585541353,2.619318,1,Solve_Succeeded,-0.488820273,0.017394259,0.000000000000e+00
29.540000,1.135331395,-0.048936449,-0.027435514,0.014167866,-0.585541353,2.619318,1,Solve_Succeeded,-0.488820273,0.017394259,0.000000000000e+00
29.550000,1.134999505,-0.048792339,-0.032326013,0.014374523,-0.581998649,2.747262,1,Solve_Succeeded,-0.485848317,0.016999006,0.000000000000e+00
29.560000,1.134619030,-0.048646549,-0.037189215,0.014548358,-0.581998649,2.747262,1,Solve_Succeeded,-0.485848317,0.016999006,0.000000000000e+00
29.570000,1.134189952,-0.048498669,-0.042050057,0.014751986,-0.578369344,2.726243,1,Solve_Succeeded,-0.482804500,0.016609915,0.000000000000e+00
29.580000,1.133712594,-0.048349149,-0.046882939,0.014922059,-0.578369344,2.726243,1,Solve_Succeeded,-0.482804500,0.016609915,0.000000000000e+00
29.590000,1.133186935,-0.048197568,-0.051713405,0.015122704,-0.574654875,2.826069,1,Solve_Succeeded,-0.479690001,0.016226592,0.000000000000e+00
29.600000,1.132613309,-0.048044383,-0.056515257,0.015289072,-0.574654875,2.826069,1,Solve_Succeeded,-0.479690001,0.016226592,0.000000000000e+00
29.610000,1.131991693,-0.047889167,-0.061314638,0.015486774,-0.570856664,2.929106,1,Solve_Succeeded,-0.476505986,0.015848669,0.000000000000e+00
29.620000,1.131322428,-0.047732385,-0.066084764,0.015649488,-0.570856664,2.929106,1,Solve_Succeeded,-0.476505986,0.015848669,0.000000000000e+00
29.630000,1.130605491,-0.047573598,-0.070852365,0.015844287,-0.566976128,3.521238,1,Solve_Succeeded,-0.473253618,0.015475805,0.000000000000e+00
29.640000,1.129841229,-0.047413283,-0.075590078,0.016003396,-0.566976128,3.521238,1,Solve_Succeeded,-0.473253618,0.015475805,0.000000000000e+00
29.650000,1.129029621,-0.047250991,-0.080325215,0.016195325,-0.563014669,2.708674,1,Solve_Succeeded,-0.469934051,0.015107688,0.000000000000e+00
29.660000,1.128171020,-0.047087208,-0.085029841,0.016350875,-0.563014669,2.708674,1,Solve_Succeeded,-0.469934051,0.015107688,0.000000000000e+00
29.670000,1.127265404,-0.046921475,-0.089731840,0.016539966,-0.558973684,2.828549,1,Solve_Succeeded,-0.466548435,0.014744027,0.000000000000e+00
29.680000,1.126313134,-0.046754286,-0.094402718,0.016691999,-0.558973684,2.828549,1,Solve_Succeeded,-0.466548435,0.014744027,0.000000000000e+00
29.690000,1.125314187,-0.046585175,-0.099070918,0.016878283,-0.554854563,2.654109,1,Solve_Succeeded,-0.463097913,0.014384552,0.000000000000e+00
29.700000,1.124268931,-0.046414644,-0.103707397,0.017026839,-0.554854563,2.654109,1,Solve_Succeeded,-0.463097913,0.014384552,0.000000000000e+00
29.710000,1.123177342,-0.046242217,-0.108341146,0.017210341,-0.550658684,2.907460,1,Solve_Succeeded,-0.459583623,0.014029017,-3.469446951954e-18
29.720000,1.122039796,-0.046068406,-0.112942586,0.017355458,-0.550658684,2.907460,1,Solve_Succeeded,-0.459583623,0.014029017,-3.469446951954e-18
29.730000,1.120856269,-0.045892725,-0.117541248,0.017536203,-0.546387424,2.841204,1,Solve_Succeeded,-0.456006698,0.013677194,-3.469446951954e-18
29.740000,1.119627141,-0.045715696,-0.122107021,0.017677916,-0.546387424,2.841204,1,Solve_Succeeded,-0.456006698,0.013677194,-3.469446951954e-18
29.750000,1.118352389,-0.045536823,-0.126669966,0.017855925,-0.542042149,2.687543,1,Solve_Succeeded,-0.452368269,0.013328872,0.000000000000e+00
29.760000,1.117032401,-0.045356636,-0.131199455,0.017994267,-0.542042149,2.687543,1,Solve_Succeeded,-0.452368269,0.013328872,0.000000000000e+00
29.770000,1.115667153,-0.045174631,-0.135726069,0.018169561,-0.537624221,3.145300,1,Solve_Succeeded,-0.448669461,0.012983857,3.469446951954e-18
29.780000,1.114257038,-0.044991347,-0.140218669,0.018304563,-0.537624221,3.145300,1,Solve_Succeeded,-0.448669461,0.012983857,3.469446951954e-18
29.790000,1.112802031,-0.044806271,-0.144708346,0.018477161,-0.533134999,3.701656,1,Solve_Succeeded,-0.444911394,0.012641973,0.000000000000e+00
29.800000,1.111302535,-0.044619950,-0.149163462,0.018608853,-0.533134999,3.701656,1,Solve_Succeeded,-0.444911394,0.012641973,0.000000000000e+00
29.810000,1.109758522,-0.044431862,-0.153615609,0.018778770,-0.528575832,2.966129,1,Solve_Succeeded,-0.441095189,0.012303056,0.000000000000e+00
29.820000,1.108170401,-0.044242564,-0.158032657,0.018907179,-0.528575832,2.966129,1,Solve_Succeeded,-0.441095189,0.012303056,0.000000000000e+00
29.830000,1.106538144,-0.044051525,-0.162446692,0.019074432,-0.523948069,2.914699,1,Solve_Succeeded,-0.437221959,0.011966958,0.000000000000e+00
29.840000,1.104862167,-0.043859308,-0.166825101,0.019199584,-0.523948069,2.914699,1,Solve_Succeeded,-0.437221959,0.011966958,0.000000000000e+00
29.850000,1.103142441,-0.043665376,-0.171200452,0.019364186,-0.519253052,2.629376,1,Solve_Succeeded,-0.433292818,0.011633541,0.000000000000e+00
29.860000,1.101379387,-0.043470299,-0.175539661,0.019486107,-0.519253052,2.629376,1,Solve_Succeeded,-0.433292818,0.011633541,0.000000000000e+00
29.870000,1.099572977,-0.043273533,-0.179875769,0.019648070,-0.514492120,3.187096,1,Solve_Succeeded,-0.429308873,0.011302681,0.000000000000e+00
29.880000,1.097723638,-0.043075655,-0.184175227,0.019766783,-0.514492120,3.187096,1,Solve_Succeeded,-0.429308873,0.011302681,0.000000000000e+00
29.890000,1.095831340,-0.042876113,-0.188471542,0.019926119,-0.509666607,2.745542,1,Solve_Succeeded,-0.425271232,0.010974265,0.000000000000e+00
29.900000,1.093896517,-0.042675493,-0.192730712,0.020041646,-0.509666607,2.745542,1,Solve_Succeeded,-0.425271232,0.010974265,0.000000000000e+00
29.910000,1.091919140,-0.042473233,-0.196986696,0.020198365,-0.504777844,3.155323,1,Solve_Succeeded,-0.421180999,0.010648189,0.000000000000e+00
29.920000,1.089899645,-0.042269927,-0.201205049,0.020310728,-0.504777844,3.155323,1,Solve_Succeeded,-0.421180999,0.010648189,0.000000000000e+00
29.930000,1.087838005,-0.042065007,-0.205420176,0.020464840,-0.499827159,2.725696,1,Solve_Succeeded,-0.417039274,0.010324360,0.000000000000e+00
29.940000,1.085734662,-0.041859073,-0.209597196,0.020574059,-0.499827159,2.725696,1,Solve_Succeeded,-0.417039274,0.010324360,0.000000000000e+00
29.950000,1.083589587,-0.041651550,-0.213770949,0.020725571,-0.494815876,2.805167,1,Solve_Succeeded,-0.412847159,0.010002692,0.000000000000e+00
29.960000,1.081403228,-0.041443046,-0.217906130,0.020831667,-0.494815876,2.805167,1,Solve_Succeeded,-0.412847159,0.010002692,0.000000000000e+00
29.970000,1.079175556,-0.041232978,-0.222038005,0.020980588,-0.489745316,2.633142,1,Solve_Succeeded,-0.408605748,0.009683110,3.469446951954e-18
29.980000,1.076907025,-0.041021960,-0.226130852,0.021083578,-0.489745316,2.633142,1,Solve_Succeeded,-0.408605748,0.009683110,3.469446951954e-18
29.990000,1.074597605,-0.040809403,-0.230220355,0.021229915,-0.484616797,3.235675,1,Solve_Succeeded,-0.404316137,0.009365545,0.000000000000e+00
30.000000,1.072247754,-0.040595928,-0.234270384,0.021329818,-0.484616797,3.235675,1,Solve_Succeeded,-0.404316137,0.009365545,0.000000000000e+00
30.010000,1.069857442,-0.040380939,-0.238317032,0.021473576,-0.479431633,2.737163,1,Solve_Succeeded,-0.399979419,0.009049936,0.000000000000e+00
30.020000,1.067427134,-0.040165064,-0.242323772,0.021570410,-0.479431633,2.737163,1,Solve_Succeeded,-0.399979419,0.009049936,0.000000000000e+00
30.030000,1.064956798,-0.039947699,-0.246327092,0.021711597,-0.474191136,2.682016,1,Solve_Succeeded,-0.395596684,0.008736227,0.000000000000e+00
30.040000,1.062446904,-0.039729479,-0.250290079,0.021805378,-0.474191136,2.682016,1,Solve_Succeeded,-0.395596684,0.008736227,0.000000000000e+00
30.050000,1.059897421,-0.039509795,-0.254249612,0.021943998,-0.468896614,2.714679,1,Solve_Succeeded,-0.391169019,0.008424369,0.000000000000e+00
30.060000,1.057308821,-0.039289287,-0.258168395,0.022034744,-0.468896614,2.714679,1,Solve_Succeeded,-0.391169019,0.008424369,0.000000000000e+00
30.070000,1.054681075,-0.039067339,-0.262083689,0.022170801,-0.463549374,2.909760,1,Solve_Succeeded,-0.386697511,0.008114321,0.000000000000e+00
30.080000,1.052014660,-0.038844599,-0.265957829,0.022258527,-0.463549374,2.909760,1,Solve_Succeeded,-0.386697511,0.008114321,0.000000000000e+00
30.090000,1.049309545,-0.038620443,-0.269828446,0.022392027,-0.458150718,3.194862,1,Solve_Succeeded,-0.382183244,0.007806044,0.000000000000e+00
30.100000,1.046566213,-0.038395526,-0.273657513,0.022476749,-0.458150718,3.194862,1,Solve_Succeeded,-0.382183244,0.007806044,0.000000000000e+00
30.110000,1.043784631,-0.038169218,-0.277483023,0.022607695,-0.452701947,2.879826,1,Solve_Succeeded,-0.377627300,0.007499507,0.000000000000e+00
30.120000,1.040965289,-0.037942180,-0.281266598,0.022689429,-0.452701947,2.879826,1,Solve_Succeeded,-0.377627300,0.007499507,0.000000000000e+00
30.130000,1.038108152,-0.037713775,-0.285046584,0.022817825,-0.447204357,2.784695,1,Solve_Succeeded,-0.373030757,0.007194679,0.000000000000e+00
30.140000,1.035213714,-0.037484670,-0.288784261,0.022896586,-0.447204357,2.784695,1,Solve_Succeeded,-0.373030757,0.007194679,0.000000000000e+00
30.150000,1.032281941,-0.037254223,-0.292518316,0.023022437,-0.441659243,2.927231,1,Solve_Succeeded,-0.368394694,0.006891539,3.469446951954e-18
30.160000,1.029313330,-0.037023107,-0.296209696,0.023098239,-0.441659243,2.927231,1,Solve_Succeeded,-0.368394694,0.006891539,3.469446951954e-18
30.170000,1.026307848,-0.036790674,-0.299897424,0.023221547,-0.436067895,2.668784,1,Solve_Succeeded,-0.363720185,0.006590066,0.000000000000e+00
30.180000,1.023265995,-0.036557602,-0.303542122,0.023294405,-0.436067895,2.668784,1,Solve_Succeeded,-0.363720185,0.006590066,0.000000000000e+00
30.190000,1.020187738,-0.036323237,-0.307183137,0.023415174,-0.430431603,2.787830,1,Solve_Succeeded,-0.359008303,0.006290244,0.000000000000e+00
30.200000,1.017073582,-0.036088262,-0.310780777,0.023485103,-0.430431603,2.787830,1,Solve_Succeeded,-0.359008303,0.006290244,0.000000000000e+00
30.210000,1.013923492,-0.035852020,-0.314374706,0.023603336,-0.424751651,2.994740,1,Solve_Succeeded,-0.354260118,0.005992059,-3.469446951954e-18
30.220000,1.010737978,-0.035615199,-0.317924923,0.023670350,-0.424751651,2.994740,1,Solve_Succeeded,-0.354260118,0.005992059,-3.469446951954e-18
30.230000,1.007517005,-0.035377134,-0.321471401,0.023786051,-0.419029321,2.640272,1,Solve_Succeeded,-0.349476698,0.005695502,3.469446951954e-18
30.240000,1.004261086,-0.035138519,-0.324973841,0.023850164,-0.419029321,2.640272,1,Solve_Succeeded,-0.349476698,0.005695502,3.469446951954e-18
30.250000,1.000970187,-0.034898686,-0.328472515,0.023963335,-0.413265892,2.692134,1,Solve_Succeeded,-0.344659109,0.005400567,3.469446951954e-18
30.260000,0.997644823,-0.034658332,-0.331926835,0.024024562,-0.413265892,2.692134,1,Solve_Succeeded,-0.344659109,0.005400567,3.469446951954e-18
30.270000,0.994284960,-0.034416785,-0.335377362,0.024135206,-0.407462641,2.767461,1,Solve_Succeeded,-0.339808414,0.005107247,0.000000000000e+00
30.280000,0.990891117,-0.034174746,-0.338783229,0.024193560,-0.407462641,2.767461,1,Solve_Succeeded,-0.339808414,0.005107247,0.000000000000e+00
30.290000,0.987463261,-0.033931539,-0.342185277,0.024301681,-0.401620838,2.728194,1,Solve_Succeeded,-0.334925672,0.004815543,0.000000000000e+00
30.300000,0.984001913,-0.033687869,-0.345542369,0.024357177,-0.401620838,2.728194,1,Solve_Succeeded,-0.334925672,0.004815543,0.000000000000e+00
30.310000,0.980507039,-0.033443055,-0.348895617,0.024462777,-0.395741754,2.724157,1,Solve_Succeeded,-0.330011942,0.004525453,0.000000000000e+00
30.320000,0.976979165,-0.033197808,-0.352203623,0.024515430,-0.395741754,2.724157,1,Solve_Succeeded,-0.330011942,0.004525453,0.000000000000e+00
30.330000,0.973418257,-0.032951441,-0.355507759,0.024618512,-0.389826654,2.821618,1,Solve_Succeeded,-0.325068277,0.004236980,-3.469446951954e-18
30.340000,0.969824843,-0.032704669,-0.358766377,0.024668335,-0.389826654,2.821618,1,Solve_Succeeded,-0.325068277,0.004236980,-3.469446951954e-18
30.350000,0.966198888,-0.032456803,-0.362021103,0.024768903,-0.383876799,3.254671,1,Solve_Succeeded,-0.320095731,0.003950128,-3.469446951954e-18
30.360000,0.962540925,-0.032208561,-0.365230042,0.024815911,-0.383876799,3.254671,1,Solve_Succeeded,-0.320095731,0.003950128,-3.469446951954e-18
30.370000,0.958850918,-0.031959248,-0.368435067,0.024913968,-0.377893449,2.964619,1,Solve_Succeeded,-0.315095351,0.003664903,-3.469446951954e-18
30.380000,0.955129403,-0.031709588,-0.371594048,0.024958174,-0.377893449,2.964619,1,Solve_Succeeded,-0.315095351,0.003664903,-3.469446951954e-18
30.390000,0.951376344,-0.031458883,-0.374749092,0.025053723,-0.371877857,2.662366,1,Solve_Succeeded,-0.310068183,0.003381312,0.000000000000e+00
30.400000,0.947592280,-0.031207858,-0.377857846,0.025095143,-0.371877857,2.662366,1,Solve_Succeeded,-0.310068183,0.003381312,0.000000000000e+00
30.410000,0.943777175,-0.030955812,-0.380962641,0.025188188,-0.365831275,2.722213,1,Solve_Succeeded,-0.305015271,0.003099363,3.469446951954e-18
30.420000,0.939931568,-0.030703475,-0.384020907,0.025226835,-0.365831275,2.722213,1,Solve_Succeeded,-0.305015271,0.003099363,3.469446951954e-18
30.430000,0.936055427,-0.030450142,-0.387075196,0.025317379,-0.359754948,2.503450,1,Solve_Succeeded,-0.299937654,0.002819068,0.000000000000e+00
30.440000,0.932149292,-0.030196546,-0.390082726,0.025353269,-0.359754948,2.503450,1,Solve_Succeeded,-0.299937654,0.002819068,0.000000000000e+00
30.450000,0.928213129,-0.029941977,-0.393086259,0.025441316,-0.353650120,2.658052,1,Solve_Succeeded,-0.294836367,0.002540437,0.000000000000e+00
30.460000,0.924247483,-0.029687174,-0.396042816,0.025474463,-0.353650120,2.658052,1,Solve_Succeeded,-0.294836367,0.002540437,0.000000000000e+00
30.470000,0.920252319,-0.029431423,-0.398995356,0.025560016,-0.347518030,2.686447,1,Solve_Succeeded,-0.289712445,0.002263481,3.469446951954e-18
30.480000,0.916228185,-0.029175465,-0.401900710,0.025590436,-0.347518030,2.686447,1,Solve_Succeeded,-0.289712445,0.002263481,3.469446951954e-18
30.490000,0.912175045,-0.028918583,-0.404802031,0.025673500,-0.341359911,2.636431,1,Solve_Succeeded,-0.284566915,0.001988215,6.938893903907e-18
30.500000,0.908093449,-0.028661522,-0.407655964,0.025701206,-0.341359911,2.636431,1,Solve_Succeeded,-0.284566915,0.001988215,6.938893903907e-18
30.510000,0.903983361,-0.028403562,-0.410505848,0.025781785,-0.335176994,2.747168,1,Solve_Succeeded,-0.279400803,0.001714652,0.000000000000e+00
30.520000,0.899845335,-0.028145450,-0.413308155,0.025806793,-0.335176994,2.747168,1,Solve_Succeeded,-0.279400803,0.001714652,0.000000000000e+00
30.530000,0.895679332,-0.027886464,-0.416106395,0.025884892,-0.328970503,2.855191,1,Solve_Succeeded,-0.274215132,0.001442808,-3.469446951954e-18
30.540000,0.891485910,-0.027627352,-0.418856877,0.025907218,-0.328970503,2.855191,1,Solve_Succeeded,-0.274215132,0.001442808,-3.469446951954e-18
30.550000,0.887265031,-0.027367390,-0.421603277,0.025982840,-0.322741660,3.037850,1,Solve_Succeeded,-0.269010920,0.001172696,-3.469446951954e-18
30.560000,0.883017251,-0.027107330,-0.424301747,0.026002499,-0.322741660,3.037850,1,Solve_Succeeded,-0.269010920,0.001172696,-3.469446951954e-18
30.570000,0.878742535,-0.026846445,-0.426996121,0.026075650,-0.316491681,2.892548,1,Solve_Succeeded,-0.263789181,0.000904335,0.000000000000e+00
30.580000,0.874441441,-0.026585488,-0.429642402,0.026092657,-0.316491681,2.892548,1,Solve_Succeeded,-0.263789181,0.000904335,0.000000000000e+00
30.590000,0.870113933,-0.026323730,-0.432284573,0.026163343,-0.310221777,2.851131,1,Solve_Succeeded,-0.258550924,0.000637739,-1.734723475977e-18
30.600000,0.865760570,-0.026061928,-0.434878499,0.026177713,-0.310221777,2.851131,1,Solve_Succeeded,-0.258550924,0.000637739,-1.734723475977e-18
30.610000,0.861381317,-0.025799348,-0.437468302,0.026245938,-0.303933154,2.609049,1,Solve_Succeeded,-0.253297157,0.000372926,0.000000000000e+00
30.620000,0.856976735,-0.025536750,-0.440009715,0.026257689,-0.303933154,2.609049,1,Solve_Succeeded,-0.253297157,0.000372926,0.000000000000e+00
30.630000,0.852546788,-0.025273400,-0.442546994,0.026323458,-0.297627013,2.811937,1,Solve_Succeeded,-0.248028880,0.000109913,-1.734723475977e-18
30.640000,0.848092038,-0.025010057,-0.445035748,0.026332605,-0.297627013,2.811937,1,Solve_Succeeded,-0.248028880,0.000109913,-1.734723475977e-18
30.650000,0.843612450,-0.024745986,-0.447520356,0.026395925,-0.291304551,2.766303,1,Solve_Succeeded,-0.242747093,-0.000151282,1.734723475977e-18
30.660000,0.839108588,-0.024481950,-0.449956315,0.026402484,-0.291304551,2.766303,1,Solve_Succeeded,-0.242747093,-0.000151282,1.734723475977e-18
30.670000,0.834580416,-0.024217209,-0.452388117,0.026463360,-0.284966958,2.878412,1,Solve_Succeeded,-0.237452787,-0.000410640,-1.734723475977e-18
30.680000,0.830028499,-0.023952528,-0.454771153,0.026467348,-0.284966958,2.878412,1,Solve_Succeeded,-0.237452787,-0.000410640,-1.734723475977e-18
30.690000,0.825452800,-0.023687167,-0.457150023,0.026525787,-0.278615421,2.878382,1,Solve_Succeeded,-0.232146952,-0.000668145,0.000000000000e+00
30.700000,0.820853888,-0.023421893,-0.459480019,0.026527221,-0.278615421,2.878382,1,Solve_Succeeded,-0.232146952,-0.000668145,0.000000000000e+00
30.710000,0.816231726,-0.023155962,-0.461805841,0.026583228,-0.272251117,2.934406,1,Solve_Succeeded,-0.226830573,-0.000923776,1.734723475977e-18
30.720000,0.811586881,-0.022890142,-0.464082691,0.026582124,-0.272251117,2.934406,1,Solve_Succeeded,-0.226830573,-0.000923776,1.734723475977e-18
30.730000,0.806919317,-0.022623691,-0.466355357,0.026635708,-0.265875223,2.888655,1,Solve_Succeeded,-0.221504628,-0.001177517,1.734723475977e-18
30.740000,0.802229603,-0.022357376,-0.468578964,0.026632083,-0.265875223,2.888655,1,Solve_Succeeded,-0.221504628,-0.001177517,1.734723475977e-18
30.750000,0.797517703,-0.022090453,-0.470798379,0.026683249,-0.259488907,2.784430,1,Solve_Succeeded,-0.216170092,-0.001429347,-1.734723475977e-18
30.760000,0.792784186,-0.021823693,-0.472968654,0.026677121,-0.259488907,2.784430,1,Solve_Succeeded,-0.216170092,-0.001429347,-1.734723475977e-18
30.770000,0.788029016,-0.021556348,-0.475134732,0.026725876,-0.253093330,2.649937,1,Solve_Succeeded,-0.210827935,-0.001679249,-1.734723475977e-18
30.780000,0.783252765,-0.021289191,-0.477251598,0.026717263,-0.253093330,2.649937,1,Solve_Succeeded,-0.210827935,-0.001679249,-1.734723475977e-18
30.790000,0.778455394,-0.021021473,-0.479364260,0.026763615,-0.246689651,2.681817,1,Solve_Succeeded,-0.205479123,-0.001927203,1.734723475977e-18
30.800000,0.773637476,-0.020753967,-0.481427649,0.026752534,-0.246689651,2.681817,1,Solve_Succeeded,-0.205479123,-0.001927203,1.734723475977e-18
30.810000,0.768798974,-0.020485925,-0.483486829,0.026796490,-0.240279019,2.806638,1,Solve_Succeeded,-0.200124614,-0.002173190,0.000000000000e+00
30.820000,0.763940460,-0.020218119,-0.485496683,0.026782959,-0.240279019,2.806638,1,Solve_Succeeded,-0.200124614,-0.002173190,0.000000000000e+00
30.830000,0.759061898,-0.019949800,-0.487502323,0.026824528,-0.233862579,3.461556,1,Solve_Succeeded,-0.194765365,-0.002417192,0.000000000000e+00
30.840000,0.754163860,-0.019681743,-0.489458591,0.026808564,-0.233862579,3.461556,1,Solve_Succeeded,-0.194765365,-0.002417192,0.000000000000e+00
30.850000,0.749246308,-0.019413196,-0.491410643,0.026847753,-0.227441470,2.876657,1,Solve_Succeeded,-0.189402323,-0.002659191,0.000000000000e+00
30.860000,0.744309818,-0.019144935,-0.493313288,0.026829376,-0.227441470,2.876657,1,Solve_Succeeded,-0.189402323,-0.002659191,0.000000000000e+00
30.870000,0.739354351,-0.018876208,-0.495211712,0.026866194,-0.221016823,2.718736,1,Solve_Succeeded,-0.184036434,-0.002899166,0.000000000000e+00
30.880000,0.734380481,-0.018607790,-0.497060703,0.026845421,-0.221016823,2.718736,1,Solve_Succeeded,-0.184036434,-0.002899166,0.000000000000e+00
30.890000,0.729388170,-0.018338931,-0.498905471,0.026879877,-0.214589763,2.746341,1,Solve_Succeeded,-0.178668636,-0.003137100,-1.734723475977e-18
30.900000,0.724377994,-0.018070404,-0.500700787,0.026856728,-0.214589763,2.746341,1,Solve_Succeeded,-0.178668636,-0.003137100,-1.734723475977e-18
30.910000,0.719349915,-0.017801459,-0.502491879,0.026888830,-0.208161409,2.567818,1,Solve_Succeeded,-0.173299863,-0.003372974,0.000000000000e+00
30.920000,0.714304506,-0.017532871,-0.504233509,0.026863322,-0.208161409,2.567818,1,Solve_Succeeded,-0.173299863,-0.003372974,0.000000000000e+00
30.930000,0.709241731,-0.017263888,-0.505970915,0.026893081,-0.201732874,2.685762,1,Solve_Succeeded,-0.167931041,-0.003606770,0.000000000000e+00
30.940000,0.704162164,-0.016995285,-0.507658856,0.026865234,-0.201732874,2.685762,1,Solve_Succeeded,-0.167931041,-0.003606770,0.000000000000e+00
30.950000,0.699065767,-0.016726310,-0.509342574,0.026892657,-0.195305262,2.601219,1,Solve_Succeeded,-0.162563093,-0.003838469,-1.734723475977e-18
30.960000,0.693953114,-0.016457738,-0.510976835,0.026862491,-0.195305262,2.601219,1,Solve_Succeeded,-0.162563093,-0.003838469,-1.734723475977e-18
30.970000,0.688824169,-0.016188818,-0.512606872,0.026887589,-0.188879672,2.774534,1,Solve_Succeeded,-0.157196935,-0.004068053,0.000000000000e+00
30.980000,0.683679505,-0.015920324,-0.514187469,0.026855122,-0.188879672,2.774534,1,Solve_Succeeded,-0.157196935,-0.004068053,0.000000000000e+00
30.990000,0.678519085,-0.015651505,-0.515763844,0.026877905,-0.182457194,2.755002,1,Solve_Succeeded,-0.151833478,-0.004295505,0.000000000000e+00
31.000000,0.673343482,-0.015383134,-0.517290801,0.026843157,-0.182457194,2.755002,1,Solve_Succeeded,-0.151833478,-0.004295505,0.000000000000e+00
31.010000,0.668152660,-0.015114462,-0.518813539,0.026863635,-0.176038913,3.340539,1,Solve_Succeeded,-0.146473625,-0.004520806,0.000000000000e+00
31.020000,0.662947191,-0.014846261,-0.520286893,0.026826626,-0.176038913,3.340539,1,Solve_Succeeded,-0.146473625,-0.004520806,0.000000000000e+00
31.030000,0.657727038,-0.014577781,-0.521756029,0.026844809,-0.169625906,2.919174,1,Solve_Succeeded,-0.141118275,-0.004743938,0.000000000000e+00
31.040000,0.652492774,-0.014309794,-0.523175822,0.026805560,-0.169625906,2.919174,1,Solve_Succeeded,-0.141118275,-0.004743938,0.000000000000e+00
31.050000,0.647244362,-0.014041552,-0.524591402,0.026821458,-0.163219242,2.700291,1,Solve_Succeeded,-0.135768320,-0.004964885,0.000000000000e+00
31.060000,0.641982374,-0.013773825,-0.525957686,0.026779988,-0.163219242,2.700291,1,Solve_Succeeded,-0.135768320,-0.004964885,0.000000000000e+00
31.070000,0.636706773,-0.013505865,-0.527319762,0.026793613,-0.156819984,3.067988,1,Solve_Succeeded,-0.130424647,-0.005183630,0.000000000000e+00
31.080000,0.631418130,-0.013238443,-0.528632600,0.026749943,-0.156819984,3.067988,1,Solve_Succeeded,-0.130424647,-0.005183630,0.000000000000e+00
31.090000,0.626116408,-0.012970809,-0.529941233,0.026761306,-0.150429185,3.157447,1,Solve_Succeeded,-0.125088134,-0.005400154,-8.673617379884e-19
31.100000,0.620802179,-0.012703736,-0.531200695,0.026715456,-0.150429185,3.157447,1,Solve_Succeeded,-0.125088134,-0.005400154,-8.673617379884e-19
31.110000,0.615475404,-0.012436474,-0.532455957,0.026724569,-0.144047893,2.908491,1,Solve_Succeeded,-0.119759655,-0.005614442,8.673617379884e-19
31.120000,0.610136654,-0.012169793,-0.533662121,0.026676560,-0.144047893,2.908491,1,Solve_Succeeded,-0.119759655,-0.005614442,8.673617379884e-19
31.130000,0.604785892,-0.011902947,-0.534864092,0.026683433,-0.137677148,3.980078,1,Solve_Succeeded,-0.114440077,-0.005826476,8.673617379884e-19
31.140000,0.599423687,-0.011636702,-0.536017045,0.026633286,-0.137677148,3.980078,1,Solve_Succeeded,-0.114440077,-0.005826476,8.673617379884e-19
31.150000,0.594050002,-0.011370315,-0.537165813,0.026637932,-0.131317979,3.350115,1,Solve_Succeeded,-0.109130260,-0.006036241,0.000000000000e+00
31.160000,0.588665404,-0.011104550,-0.538265653,0.026585668,-0.131317979,3.350115,1,Solve_Succeeded,-0.109130260,-0.006036241,0.000000000000e+00
31.170000,0.583269858,-0.010838665,-0.539361315,0.026588098,-0.124971412,2.850723,1,Solve_Succeeded,-0.103831059,-0.006243721,0.000000000000e+00
31.180000,0.577863929,-0.010573424,-0.540408145,0.026533738,-0.124971412,2.850723,1,Solve_Succeeded,-0.103831059,-0.006243721,0.000000000000e+00
31.190000,0.572447581,-0.010308084,-0.541450806,0.026533967,-0.118638461,2.965570,1,Solve_Succeeded,-0.098543319,-0.006448899,-8.673617379884e-19
31.200000,0.567021380,-0.010043408,-0.542444741,0.026477532,-0.118638461,2.965570,1,Solve_Succeeded,-0.098543319,-0.006448899,-8.673617379884e-19
31.210000,0.561585288,-0.009778656,-0.543434515,0.026475571,-0.112320133,2.506518,1,Solve_Succeeded,-0.093267882,-0.006651760,8.673617379884e-19
31.220000,0.556139870,-0.009514588,-0.544375675,0.026417083,-0.112320133,2.506518,1,Solve_Succeeded,-0.093267882,-0.006651760,8.673617379884e-19
31.230000,0.550685090,-0.009250466,-0.545312685,0.026412944,-0.106017429,2.701253,1,Solve_Succeeded,-0.088005580,-0.006852288,-8.673617379884e-19
31.240000,0.545221510,-0.008987048,-0.546201201,0.026352426,-0.106017429,2.701253,1,Solve_Succeeded,-0.088005580,-0.006852288,-8.673617379884e-19
31.250000,0.539749093,-0.008723598,-0.547085577,0.026346123,-0.099731338,2.765566,1,Solve_Succeeded,-0.082757241,-0.007050470,0.000000000000e+00
31.260000,0.534268402,-0.008460873,-0.547921586,0.026283596,-0.099731338,2.765566,1,Solve_Succeeded,-0.082757241,-0.007050470,0.000000000000e+00
31.270000,0.528779399,-0.008198136,-0.548753467,0.026275142,-0.093462844,2.605831,1,Solve_Succeeded,-0.077523684,-0.007246289,0.000000000000e+00
31.280000,0.523282645,-0.007936144,-0.549537118,0.026210627,-0.093462844,2.605831,1,Solve_Succeeded,-0.077523684,-0.007246289,0.000000000000e+00
31.290000,0.517778103,-0.007674162,-0.550316651,0.026200037,-0.087212920,2.839728,1,Solve_Succeeded,-0.072305721,-0.007439732,0.000000000000e+00
31.300000,0.512266331,-0.007412944,-0.551048096,0.026133557,-0.087212920,2.839728,1,Solve_Succeeded,-0.072305721,-0.007439732,0.000000000000e+00
31.310000,0.506747294,-0.007151758,-0.551775436,0.026120843,-0.080982532,2.758156,1,Solve_Succeeded,-0.067104158,-0.007630783,0.000000000000e+00
31.320000,0.501221546,-0.006891354,-0.552454840,0.026052421,-0.080982532,2.758156,1,Solve_Succeeded,-0.067104158,-0.007630783,0.000000000000e+00
31.330000,0.495689053,-0.006631005,-0.553130151,0.026037597,-0.074772636,2.977789,1,Solve_Succeeded,-0.061919792,-0.007819429,0.000000000000e+00
31.340000,0.490150369,-0.006371456,-0.553757683,0.025967256,-0.074772636,2.977789,1,Solve_Succeeded,-0.061919792,-0.007819429,0.000000000000e+00
31.350000,0.484605457,-0.006111983,-0.554381136,0.025950337,-0.068584182,2.748367,1,Solve_Succeeded,-0.056753416,-0.008005656,4.336808689942e-19
31.360000,0.479054871,-0.005853329,-0.554956975,0.025878098,-0.068584182,2.748367,1,Solve_Succeeded,-0.056753416,-0.008005656,4.336808689942e-19
31.370000,0.473498575,-0.005594772,-0.555528749,0.025859099,-0.062418108,2.843626,1,Solve_Succeeded,-0.051605811,-0.008189452,8.673617379884e-19
31.380000,0.467937119,-0.005337053,-0.556053081,0.025784986,-0.062418108,2.843626,1,Solve_Succeeded,-0.051605811,-0.008189452,8.673617379884e-19
31.390000,0.462370467,-0.005079451,-0.556573364,0.025763920,-0.056275344,2.692800,1,Solve_Succeeded,-0.046477754,-0.008370802,0.000000000000e+00
31.400000,0.456799168,-0.004822705,-0.557046384,0.025687956,-0.056275344,2.692800,1,Solve_Succeeded,-0.046477754,-0.008370802,0.000000000000e+00
31.410000,0.451223187,-0.004566097,-0.557515370,0.025664840,-0.050156813,2.592442,1,Solve_Succeeded,-0.041370014,-0.008549694,0.000000000000e+00
31.420000,0.445643070,-0.004310364,-0.557937280,0.025587047,-0.050156813,2.592442,1,Solve_Succeeded,-0.041370014,-0.008549694,0.000000000000e+00
31.430000,0.440058780,-0.004054790,-0.558355171,0.025561895,-0.044063426,2.605514,1,Solve_Succeeded,-0.036283352,-0.008726114,0.000000000000e+00
31.440000,0.434470864,-0.003800107,-0.558726180,0.025482297,-0.044063426,2.605514,1,Solve_Succeeded,-0.036283352,-0.008726114,0.000000000000e+00
31.450000,0.428879284,-0.003545604,-0.559093187,0.025455125,-0.037996087,2.544300,1,Solve_Succeeded,-0.031218521,-0.008900052,0.000000000000e+00
31.460000,0.423284584,-0.003292010,-0.559413513,0.025373746,-0.037996087,2.544300,1,Solve_Succeeded,-0.031218521,-0.008900052,0.000000000000e+00
31.470000,0.417686727,-0.003038616,-0.559729853,0.025344569,-0.031955690,2.645062,1,Solve_Succeeded,-0.026176267,-0.009071494,0.000000000000e+00
31.480000,0.412086254,-0.002786148,-0.559999720,0.025261431,-0.031955690,2.645062,1,Solve_Succeeded,-0.026176267,-0.009071494,0.000000000000e+00
31.490000,0.406483128,-0.002533901,-0.560265619,0.025230265,-0.025943120,3.470119,1,Solve_Succeeded,-0.021157328,-0.009240429,0.000000000000e+00
31.500000,0.400877888,-0.002282596,-0.560485258,0.025145393,-0.025943120,3.470119,1,Solve_Succeeded,-0.021157328,-0.009240429,0.000000000000e+00
31.510000,0.395270498,-0.002031532,-0.560700948,0.025112255,-0.019959253,3.449847,1,Solve_Succeeded,-0.016162433,-0.009406845,2.168404344971e-19
31.520000,0.389661493,-0.001781428,-0.560870599,0.025025672,-0.019959253,3.449847,1,Solve_Succeeded,-0.016162433,-0.009406845,2.168404344971e-19
31.530000,0.384050837,-0.001531585,-0.561036320,0.024990577,-0.014004953,2.789448,1,Solve_Succeeded,-0.011192306,-0.009570732,0.000000000000e+00
31.540000,0.378439063,-0.001282717,-0.561156230,0.024902308,-0.014004953,2.789448,1,Solve_Succeeded,-0.011192306,-0.009570732,0.000000000000e+00
31.550000,0.372826136,-0.001034130,-0.561272229,0.024865272,-0.008081078,2.629455,1,Solve_Succeeded,-0.006247660,-0.009732077,0.000000000000e+00
31.560000,0.367212585,-0.000786535,-0.561342651,0.024775341,-0.008081078,2.629455,1,Solve_Succeeded,-0.006247660,-0.009732077,0.000000000000e+00
31.570000,0.361598376,-0.000539240,-0.561409182,0.024736381,-0.002188474,2.802194,1,Solve_Succeeded,-0.001329201,-0.009890872,-5.421010862428e-20
31.580000,0.355984035,-0.000292954,-0.561430377,0.024644812,-0.002188474,2.802194,1,Solve_Succeeded,-0.001329201,-0.009890872,-5.421010862428e-20
31.590000,0.350369527,-0.000046986,-0.561447702,0.024603945,0.003672021,2.850888,1,Solve_Succeeded,0.003562371,-0.010047104,1.016439536705e-20
31.600000,0.344755377,0.000197957,-0.561419938,0.024510762,0.003672021,2.850888,1,Solve_Succeeded,0.003562371,-0.010047104,1.016439536705e-20
31.610000,0.339141549,0.000442561,-0.561388324,0.024468006,0.009499580,2.791279,1,Solve_Succeeded,0.008426368,-0.010200765,-5.421010862428e-20
31.620000,0.333528566,0.000686127,-0.561311875,0.024373233,0.009499580,2.791279,1,Solve_Succeeded,0.008426368,-0.010200765,-5.421010862428e-20
31.630000,0.327916391,0.000929334,-0.561231599,0.024328604,0.015293386,2.644975,1,Solve_Succeeded,0.013262108,-0.010351844,1.084202172486e-19
31.640000,0.322305544,0.001171486,-0.561106746,0.024232266,0.015293386,2.644975,1,Solve_Succeeded,0.013262108,-0.010351844,1.084202172486e-19
31.650000,0.316695990,0.001413262,-0.560978089,0.024185783,0.021052631,3.008347,1,Solve_Succeeded,0.018068916,-0.010500332,0.000000000000e+00
31.660000,0.311088244,0.001653969,-0.560805121,0.024087904,0.021052631,3.008347,1,Solve_Succeeded,0.018068916,-0.010500332,0.000000000000e+00
31.670000,0.305482273,0.001894279,-0.560628371,0.024039583,0.026776516,2.921503,1,Solve_Succeeded,0.022846128,-0.010646220,0.000000000000e+00
31.680000,0.299878586,0.002133506,-0.560407584,0.023940189,0.026776516,2.921503,1,Solve_Succeeded,0.022846128,-0.010646220,0.000000000000e+00
31.690000,0.294277152,0.002372318,-0.560183037,0.023890049,0.032464255,2.763229,1,Solve_Succeeded,0.027593087,-0.010789499,0.000000000000e+00
31.700000,0.288678478,0.002610031,-0.559914731,0.023789164,0.032464255,2.763229,1,Solve_Succeeded,0.027593087,-0.010789499,0.000000000000e+00
31.710000,0.283082532,0.002847312,-0.559642689,0.023737222,0.038115070,2.638419,1,Solve_Succeeded,0.032309144,-0.010930161,0.000000000000e+00
31.720000,0.277489817,0.003083480,-0.559327172,0.023634871,0.038115070,2.638419,1,Solve_Succeeded,0.032309144,-0.010930161,0.000000000000e+00
31.730000,0.271900301,0.003319197,-0.559007944,0.023581147,0.043728193,2.717321,1,Solve_Succeeded,0.036993660,-0.011068197,0.000000000000e+00
31.740000,0.266314485,0.003553787,-0.558645530,0.023477355,0.043728193,2.717321,1,Solve_Succeeded,0.036993660,-0.011068197,0.000000000000e+00
31.750000,0.260732337,0.003787908,-0.558279430,0.023421865,0.049302868,3.176788,1,Solve_Succeeded,0.041646003,-0.011203599,0.000000000000e+00
31.760000,0.255154354,0.004020889,-0.557870442,0.023316658,0.049302868,3.176788,1,Solve_Succeeded,0.041646003,-0.011203599,0.000000000000e+00
31.770000,0.249580504,0.004253382,-0.557457791,0.023259422,0.054838347,2.822338,1,Solve_Succeeded,0.046265551,-0.011336360,0.000000000000e+00
31.780000,0.244011282,0.004484722,-0.557002554,0.023152825,0.054838347,2.822338,1,Solve_Succeeded,0.046265551,-0.011336360,0.000000000000e+00
31.790000,0.238446655,0.004715557,-0.556543680,0.023093862,0.060333894,2.601958,1,Solve_Succeeded,0.050851688,-0.011466472,0.000000000000e+00
31.800000,0.232887114,0.004945225,-0.556042527,0.022985899,0.060333894,2.601958,1,Solve_Succeeded,0.050851688,-0.011466472,0.000000000000e+00
31.810000,0.227332627,0.005174370,-0.555537764,0.022925228,0.065788784,2.663219,1,Solve_Succeeded,0.055403811,-0.011593928,4.336808689942e-19
31.820000,0.221783682,0.005402337,-0.554991035,0.022815925,0.065788784,2.663219,1,Solve_Succeeded,0.055403811,-0.011593928,4.336808689942e-19
31.830000,0.216240246,0.005629762,-0.554440722,0.022753565,0.071202299,3.252951,1,Solve_Succeeded,0.059921322,-0.011718723,-4.336808689942e-19
31.840000,0.210702803,0.005855996,-0.553848761,0.022642948,0.071202299,3.252951,1,Solve_Succeeded,0.059921322,-0.011718723,-4.336808689942e-19
31.850000,0.205171321,0.006081673,-0.553253245,0.022578918,0.076573736,2.849776,1,Solve_Succeeded,0.064403633,-0.011840848,4.336808689942e-19
31.860000,0.199646281,0.006306145,-0.552616403,0.022467012,0.076573736,2.849776,1,Solve_Succeeded,0.064403633,-0.011840848,4.336808689942e-19
31.870000,0.194127651,0.006530043,-0.551976034,0.022401331,0.081902401,2.732524,1,Solve_Succeeded,0.068850167,-0.011960299,0.000000000000e+00
31.880000,0.188615906,0.006752725,-0.551294669,0.022288163,0.081902401,2.732524,1,Solve_Succeeded,0.068850167,-0.011960299,0.000000000000e+00
31.890000,0.183111017,0.006974814,-0.550609805,0.022220852,0.087187608,2.825072,1,Solve_Succeeded,0.073260351,-0.012077070,-8.673617379884e-19
31.900000,0.177613454,0.007195677,-0.549884279,0.022106446,0.087187608,2.825072,1,Solve_Succeeded,0.073260351,-0.012077070,-8.673617379884e-19
31.910000,0.172123188,0.007415930,-0.549155282,0.022037524,0.092428686,2.612838,1,Solve_Succeeded,0.077633626,-0.012191155,0.000000000000e+00
31.920000,0.166640686,0.007634946,-0.548385964,0.021921907,0.092428686,2.612838,1,Solve_Succeeded,0.077633626,-0.012191155,0.000000000000e+00
31.930000,0.161165918,0.007853335,-0.547613204,0.021851394,0.097624973,2.734666,1,Solve_Succeeded,0.081969440,-0.012302549,0.000000000000e+00
31.940000,0.155699347,0.008070475,-0.546800466,0.021734592,0.097624973,2.734666,1,Solve_Succeeded,0.081969440,-0.012302549,0.000000000000e+00
31.950000,0.150240944,0.008286973,-0.545984316,0.021662508,0.102775816,2.814983,1,Solve_Succeeded,0.086267249,-0.012411248,-8.673617379884e-19
31.960000,0.144791169,0.008502210,-0.545128539,0.021544546,0.102775816,2.814983,1,Solve_Succeeded,0.086267249,-0.012411248,-8.673617379884e-19
31.970000,0.139349992,0.008716789,-0.544269379,0.021470912,0.107880577,2.670913,1,Solve_Succeeded,0.090526520,-0.012517247,0.000000000000e+00
31.980000,0.133917868,0.008930097,-0.543370947,0.021351816,0.107880577,2.670913,1,Solve_Succeeded,0.090526520,-0.012517247,0.000000000000e+00
31.990000,0.128494767,0.009142731,-0.542469161,0.021276652,0.112938624,2.778016,1,Solve_Succeeded,0.094746727,-0.012620541,0.000000000000e+00
32.000000,0.123081143,0.009354083,-0.541528464,0.021156449,0.112938624,2.778016,1,Solve_Succeeded,0.094746727,-0.012620541,0.000000000000e+00
32.010000,0.117676964,0.009564746,-0.540584444,0.021079775,0.117949340,2.816148,1,Solve_Succeeded,0.098927356,-0.012721128,0.000000000000e+00
32.020000,0.112282679,0.009774117,-0.539601875,0.020958491,0.117949340,2.816148,1,Solve_Succeeded,0.098927356,-0.012721128,0.000000000000e+00
32.030000,0.106898259,0.009982782,-0.538616016,0.020880329,0.122912117,2.750517,1,Solve_Succeeded,0.103067900,-0.012819004,0.000000000000e+00
32.040000,0.101524146,0.010190146,-0.537591977,0.020757989,0.122912117,2.750517,1,Solve_Succeeded,0.103067900,-0.012819004,0.000000000000e+00
32.050000,0.096160312,0.010396789,-0.536564678,0.020678360,0.127826360,3.301114,1,Solve_Succeeded,0.107167862,-0.012914166,0.000000000000e+00
32.060000,0.090807196,0.010602121,-0.535499574,0.020554991,0.127826360,3.301114,1,Solve_Succeeded,0.107167862,-0.012914166,0.000000000000e+00
32.070000,0.085464769,0.010806717,-0.534431241,0.020473915,0.132691483,3.961723,1,Solve_Succeeded,0.111226755,-0.013006612,0.000000000000e+00
32.080000,0.080133466,0.011009993,-0.533325481,0.020349543,0.132691483,3.961723,1,Solve_Succeeded,0.111226755,-0.013006612,0.000000000000e+00
32.090000,0.074813257,0.011212518,-0.532216525,0.020267042,0.137506912,3.350310,1,Solve_Succeeded,0.115244099,-0.013096339,-8.673617379884e-19
32.100000,0.069504575,0.011413714,-0.531070524,0.020141693,0.137506912,3.350310,1,Solve_Succeeded,0.115244099,-0.013096339,-8.673617379884e-19
32.110000,0.064207389,0.011614144,-0.529921360,0.020057788,0.142272084,2.675232,1,Solve_Succeeded,0.119219426,-0.013183345,-8.673617379884e-19
32.120000,0.058922126,0.011813236,-0.528735538,0.019931490,0.142272084,2.675232,1,Solve_Succeeded,0.119219426,-0.013183345,-8.673617379884e-19
32.130000,0.053648758,0.012011547,-0.527546585,0.019846202,0.146986449,3.263888,1,Solve_Succeeded,0.123152277,-0.013267628,0.000000000000e+00
32.140000,0.048387707,0.012208513,-0.526321365,0.019718980,0.146986449,3.263888,1,Solve_Succeeded,0.123152277,-0.013267628,0.000000000000e+00
32.150000,0.043138944,0.012404683,-0.525093048,0.019632331,0.151649465,2.695973,1,Solve_Succeeded,0.127042201,-0.013349188,-8.673617379884e-19
32.160000,0.037902886,0.012599499,-0.523828859,0.019504212,0.151649465,2.695973,1,Solve_Succeeded,0.127042201,-0.013349188,-8.673617379884e-19
32.170000,0.032679507,0.012793506,-0.522561607,0.019416224,0.156260605,2.768247,1,Solve_Succeeded,0.130888758,-0.013428023,1.734723475977e-18
32.180000,0.027469217,0.012986151,-0.521258882,0.019287233,0.156260605,2.768247,1,Solve_Succeeded,0.130888758,-0.013428023,1.734723475977e-18
32.190000,0.022271990,0.013177972,-0.519953128,0.019197928,0.160819352,3.591298,1,Solve_Succeeded,0.134691517,-0.013504133,0.000000000000e+00
32.200000,0.017088233,0.013368424,-0.518612305,0.019068093,0.160819352,3.591298,1,Solve_Succeeded,0.134691517,-0.013504133,0.000000000000e+00
32.210000,0.011917919,0.013558039,-0.517268486,0.018977493,0.165325198,3.549339,1,Solve_Succeeded,0.138450056,-0.013577517,1.734723475977e-18
32.220000,0.006761452,0.013746277,-0.515890005,0.018846840,0.165325198,3.549339,1,Solve_Succeeded,0.138450056,-0.013577517,1.734723475977e-18
32.230000,0.001618804,0.013933665,-0.514508564,0.018754967,0.169777651,2.951996,1,Solve_Succeeded,0.142163964,-0.013648177,1.734723475977e-18
32.240000,-0.003509626,0.014119668,-0.513092872,0.018623522,0.169777651,2.951996,1,Solve_Succeeded,0.142163964,-0.013648177,1.734723475977e-18
32.250000,-0.008623865,0.014304807,-0.511674254,0.018530398,0.174176227,2.697010,1,Solve_Succeeded,0.145832837,-0.013716113,0.000000000000e+00
32.260000,-0.013723520,0.014488556,-0.510221800,0.018398188,0.174176227,2.697010,1,Solve_Succeeded,0.145832837,-0.013716113,0.000000000000e+00
32.270000,-0.018808616,0.014671428,-0.508766456,0.018303835,0.178520456,2.614741,1,Solve_Succeeded,0.149456284,-0.013781325,1.734723475977e-18
32.280000,-0.023878766,0.014852902,-0.507277693,0.018170886,0.178520456,2.614741,1,Solve_Succeeded,0.149456284,-0.013781325,1.734723475977e-18
32.290000,-0.028933995,0.015033487,-0.505786077,0.018075327,0.182809877,2.590002,1,Solve_Succeeded,0.153033922,-0.013843816,0.000000000000e+00
32.300000,-0.033973919,0.015212668,-0.504261463,0.017941667,0.182809877,2.590002,1,Solve_Succeeded,0.153033922,-0.013843816,0.000000000000e+00
32.310000,-0.038998564,0.015390946,-0.502734032,0.017844924,0.187044043,2.803096,1,Solve_Succeeded,0.156565378,-0.013903586,-1.734723475977e-18
32.320000,-0.044007551,0.015567815,-0.501174029,0.017710578,0.187044043,2.803096,1,Solve_Succeeded,0.156565378,-0.013903586,-1.734723475977e-18
32.330000,-0.049000906,0.015743769,-0.499611244,0.017612675,0.191222517,2.789192,1,Solve_Succeeded,0.160050287,-0.013960639,0.000000000000e+00
32.340000,-0.053978254,0.015918307,-0.498016316,0.017477669,0.191222517,2.789192,1,Solve_Succeeded,0.160050287,-0.013960639,0.000000000000e+00
32.350000,-0.058939621,0.016091919,-0.496418643,0.017378628,0.195344874,2.672287,1,Solve_Succeeded,0.163488296,-0.014014976,0.000000000000e+00
32.360000,-0.063884638,0.016264109,-0.494789259,0.017242990,0.195344874,2.672287,1,Solve_Succeeded,0.163488296,-0.014014976,0.000000000000e+00
32.370000,-0.068813330,0.016435361,-0.493157167,0.017142833,0.199410703,3.765626,1,Solve_Succeeded,0.166879062,-0.014066601,0.000000000000e+00
32.380000,-0.073725332,0.016605186,-0.491493798,0.017006589,0.199410703,3.765626,1,Solve_Succeeded,0.166879062,-0.014066601,0.000000000000e+00
32.390000,-0.078620670,0.016774061,-0.489827759,0.016905340,0.203419600,2.699701,1,Solve_Succeeded,0.170222250,-0.014115517,0.000000000000e+00
32.400000,-0.083498984,0.016941505,-0.488130881,0.016768516,0.203419600,2.699701,1,Solve_Succeeded,0.170222250,-0.014115517,0.000000000000e+00
32.410000,-0.088360299,0.017107986,-0.486431369,0.016666198,0.207371178,2.663927,1,Solve_Succeeded,0.173517535,-0.014161728,1.734723475977e-18
32.420000,-0.093204261,0.017273032,-0.484701461,0.016528821,0.207371178,2.663927,1,Solve_Succeeded,0.173517535,-0.014161728,1.734723475977e-18
32.430000,-0.098030893,0.017437104,-0.482968957,0.016425456,0.211265057,2.782129,1,Solve_Succeeded,0.176764604,-0.014205238,0.000000000000e+00
32.440000,-0.102839848,0.017599736,-0.481206499,0.016287552,0.211265057,2.782129,1,Solve_Succeeded,0.176764604,-0.014205238,0.000000000000e+00
32.450000,-0.107631148,0.017761384,-0.479441483,0.016183165,0.215100873,2.663761,1,Solve_Succeeded,0.179963150,-0.014246051,1.734723475977e-18
32.460000,-0.112404451,0.017921587,-0.477646962,0.016044760,0.215100873,2.663761,1,Solve_Succeeded,0.179963150,-0.014246051,1.734723475977e-18
32.470000,-0.117159779,0.018080795,-0.475849920,0.015939373,0.218878271,2.815577,1,Solve_Succeeded,0.183112881,-0.014284173,1.734723475977e-18
32.480000,-0.121896794,0.018238555,-0.474023821,0.015800495,0.218878271,2.815577,1,Solve_Succeeded,0.183112881,-0.014284173,1.734723475977e-18
32.490000,-0.126615520,0.018395308,-0.472195241,0.015694131,0.222596909,2.674513,1,Solve_Succeeded,0.186213510,-0.014319609,0.000000000000e+00
32.500000,-0.131315623,0.018550610,-0.470338057,0.015554805,0.222596909,2.674513,1,Solve_Succeeded,0.186213510,-0.014319609,0.000000000000e+00
32.510000,-0.135997126,0.018704896,-0.468478429,0.015447488,0.226256456,2.835975,1,Solve_Succeeded,0.189264762,-0.014352364,0.000000000000e+00
32.520000,-0.140659701,0.018857727,-0.466590652,0.015307741,0.226256456,2.835975,1,Solve_Succeeded,0.189264762,-0.014352364,0.000000000000e+00
32.530000,-0.145303370,0.019009531,-0.464700470,0.015199494,0.229856593,2.723443,1,Solve_Succeeded,0.192266373,-0.014382445,0.000000000000e+00
32.540000,-0.149927811,0.019159877,-0.462782596,0.015059352,0.229856593,2.723443,1,Solve_Succeeded,0.192266373,-0.014382445,0.000000000000e+00
32.550000,-0.154533046,0.019309186,-0.460862357,0.014950199,0.233397014,2.634779,1,Solve_Succeeded,0.195218086,-0.014409859,0.000000000000e+00
32.560000,-0.159118758,0.019457035,-0.458914885,0.014809688,0.233397014,2.634779,1,Solve_Succeeded,0.195218086,-0.014409859,0.000000000000e+00
32.570000,-0.163684968,0.019603837,-0.456965086,0.014699653,0.236877424,2.772954,1,Solve_Succeeded,0.198119657,-0.014434612,-1.734723475977e-18
32.580000,-0.168231365,0.019749177,-0.454988517,0.014558798,0.236877424,2.772954,1,Solve_Succeeded,0.198119657,-0.014434612,-1.734723475977e-18
32.590000,-0.172757970,0.019893460,-0.453009661,0.014447904,0.240297539,3.298542,1,Solve_Succeeded,0.200970849,-0.014456713,0.000000000000e+00
32.600000,-0.177264476,0.020036278,-0.451004497,0.014306733,0.240297539,3.298542,1,Solve_Succeeded,0.200970849,-0.014456713,0.000000000000e+00
32.610000,-0.181750905,0.020178031,-0.448997087,0.014195004,0.243657088,2.819158,1,Solve_Succeeded,0.203771438,-0.014476168,0.000000000000e+00
32.620000,-0.186216955,0.020318317,-0.446963836,0.014053543,0.243657088,2.819158,1,Solve_Succeeded,0.203771438,-0.014476168,0.000000000000e+00
32.630000,-0.190662647,0.020457529,-0.444928377,0.013941002,0.246955813,3.008329,1,Solve_Succeeded,0.206521207,-0.014492987,0.000000000000e+00
32.640000,-0.195087686,0.020595271,-0.442867545,0.013799276,0.246955813,3.008329,1,Solve_Succeeded,0.206521207,-0.014492987,0.000000000000e+00
32.650000,-0.199492090,0.020731931,-0.440804546,0.013685947,0.250193464,2.751759,1,Solve_Succeeded,0.209219951,-0.014507177,1.734723475977e-18
32.660000,-0.203875572,0.020867120,-0.438716644,0.013543982,0.250193464,2.751759,1,Solve_Succeeded,0.209219951,-0.014507177,1.734723475977e-18
32.670000,-0.208238150,0.021001218,-0.436626615,0.013429890,0.253369807,2.670774,1,Solve_Succeeded,0.211867473,-0.014518749,0.000000000000e+00
32.680000,-0.212579540,0.021133844,-0.434512154,0.013287712,0.253369807,2.670774,1,Solve_Succeeded,0.211867473,-0.014518749,0.000000000000e+00
32.690000,-0.216899761,0.021265370,-0.432395607,0.013172880,0.256484618,2.823493,1,Solve_Succeeded,0.214463587,-0.014527711,0.000000000000e+00
32.700000,-0.221198535,0.021395424,-0.430255102,0.013030514,0.256484618,2.823493,1,Solve_Succeeded,0.214463587,-0.014527711,0.000000000000e+00
32.710000,-0.225475879,0.021524370,-0.428112550,0.012914966,0.259537684,3.611376,1,Solve_Succeeded,0.217008118,-0.014534074,0.000000000000e+00
32.720000,-0.229731522,0.021651842,-0.425946516,0.012772438,0.259537684,3.611376,1,Solve_Succeeded,0.217008118,-0.014534074,0.000000000000e+00
32.730000,-0.233965481,0.021778199,-0.423778475,0.012656198,0.262528805,2.963033,1,Solve_Succeeded,0.219500899,-0.014537847,0.000000000000e+00
32.740000,-0.238177489,0.021903083,-0.421587429,0.012513534,0.262528805,2.963033,1,Solve_Succeeded,0.219500899,-0.014537847,0.000000000000e+00
32.750000,-0.242367563,0.022026843,-0.419394417,0.012396625,0.265457793,2.706797,1,Solve_Succeeded,0.221941773,-0.014539043,0.000000000000e+00
32.760000,-0.246535442,0.022149129,-0.417178878,0.012253851,0.265457793,2.706797,1,Solve_Succeeded,0.221941773,-0.014539043,0.000000000000e+00
32.770000,-0.250681143,0.022270285,-0.414961414,0.012136297,0.268324472,2.579948,1,Solve_Succeeded,0.224330594,-0.014537672,1.734723475977e-18
32.780000,-0.254804410,0.022389967,-0.412721902,0.011993439,0.268324472,2.579948,1,Solve_Succeeded,0.224330594,-0.014537672,1.734723475977e-18
32.790000,-0.258905259,0.022508511,-0.410480506,0.011875264,0.271128676,2.850284,1,Solve_Succeeded,0.226667225,-0.014533745,0.000000000000e+00
32.800000,-0.262983441,0.022625583,-0.408217543,0.011732346,0.271128676,2.850284,1,Solve_Succeeded,0.226667225,-0.014533745,0.000000000000e+00
32.810000,-0.267038972,0.022741509,-0.405952737,0.011613574,0.273870252,2.656968,1,Solve_Succeeded,0.228951539,-0.014527276,0.000000000000e+00
32.820000,-0.271071607,0.022855963,-0.403666845,0.011470621,0.273870252,2.656968,1,Solve_Succeeded,0.228951539,-0.014527276,0.000000000000e+00
32.830000,-0.275081361,0.022969265,-0.401379153,0.011351276,0.276549059,2.902863,1,Solve_Succeeded,0.231183419,-0.014518275,0.000000000000e+00
32.840000,-0.279067996,0.023081096,-0.399070857,0.011208314,0.276549059,2.902863,1,Solve_Succeeded,0.231183419,-0.014518275,0.000000000000e+00
32.850000,-0.283031528,0.023191768,-0.396760801,0.011088420,0.279164967,3.524399,1,Solve_Succeeded,0.233362758,-0.014506758,0.000000000000e+00
32.860000,-0.286971722,0.023300971,-0.394430627,0.010945473,0.279164967,3.524399,1,Solve_Succeeded,0.233362758,-0.014506758,0.000000000000e+00
32.870000,-0.290888594,0.023409009,-0.392098734,0.010825054,0.281717858,2.844854,1,Solve_Succeeded,0.235489457,-0.014492735,1.734723475977e-18
32.880000,-0.294781916,0.023515578,-0.389747207,0.010682148,0.281717858,2.844854,1,Solve_Succeeded,0.235489457,-0.014492735,1.734723475977e-18
32.890000,-0.298651704,0.023620977,-0.387394003,0.010561228,0.284207627,2.727153,1,Solve_Succeeded,0.237563430,-0.014476223,0.000000000000e+00
32.900000,-0.302497734,0.023724909,-0.385021650,0.010418386,0.284207627,2.727153,1,Solve_Succeeded,0.237563430,-0.014476223,0.000000000000e+00
32.910000,-0.306320021,0.023827664,-0.382647662,0.010296988,0.286634178,2.743114,1,Solve_Succeeded,0.239584598,-0.014457233,0.000000000000e+00
32.920000,-0.310118349,0.023928955,-0.380255012,0.010154237,0.286634178,2.743114,1,Solve_Succeeded,0.239584598,-0.014457233,0.000000000000e+00
32.930000,-0.313892731,0.024029064,-0.377860768,0.010032386,0.288997428,2.617350,1,Solve_Succeeded,0.241552892,-0.014435783,1.734723475977e-18
32.940000,-0.317642957,0.024127709,-0.375448349,0.009889748,0.288997428,2.617350,1,Solve_Succeeded,0.241552892,-0.014435783,1.734723475977e-18
32.950000,-0.321369041,0.024225168,-0.373034377,0.009767467,0.291297306,2.841625,1,Solve_Succeeded,0.243468254,-0.014411885,0.000000000000e+00
32.960000,-0.325070777,0.024321166,-0.370602719,0.009624968,0.291297306,2.841625,1,Solve_Succeeded,0.243468254,-0.014411885,0.000000000000e+00
32.970000,-0.328748179,0.024415973,-0.368169549,0.009502281,0.293533752,2.832728,1,Solve_Succeeded,0.245330634,-0.014385556,0.000000000000e+00
32.980000,-0.332401047,0.024509321,-0.365719181,0.009359945,0.293533752,2.832728,1,Solve_Succeeded,0.245330634,-0.014385556,0.000000000000e+00
32.990000,-0.336029393,0.024601473,-0.363267343,0.009236875,0.295706717,3.030560,1,Solve_Succeeded,0.247139993,-0.014356811,0.000000000000e+00
33.000000,-0.339633025,0.024692169,-0.360798795,0.009094726,0.295706717,3.030560,1,Solve_Succeeded,0.247139993,-0.014356811,0.000000000000e+00
33.010000,-0.343211954,0.024781664,-0.358328819,0.008971298,0.297816165,2.981952,1,Solve_Succeeded,0.248896301,-0.014325668,1.734723475977e-18
33.020000,-0.346765993,0.024869707,-0.355842621,0.008829360,0.297816165,2.981952,1,Solve_Succeeded,0.248896301,-0.014325668,1.734723475977e-18
33.030000,-0.350295154,0.024956545,-0.353355038,0.008705597,0.299862070,2.678559,1,Solve_Succeeded,0.250599537,-0.014292141,0.000000000000e+00
33.040000,-0.353799253,0.025041934,-0.350851722,0.008563893,0.299862070,2.678559,1,Solve_Succeeded,0.250599537,-0.014292141,0.000000000000e+00
33.050000,-0.357278304,0.025126113,-0.348347062,0.008439819,0.301844416,2.684155,1,Solve_Succeeded,0.252249691,-0.014256249,1.734723475977e-18
33.060000,-0.360732129,0.025208847,-0.345827158,0.008298373,0.301844416,2.684155,1,Solve_Succeeded,0.252249691,-0.014256249,1.734723475977e-18
33.070000,-0.364160739,0.025290368,-0.343305951,0.008174011,0.303763203,2.724719,1,Solve_Succeeded,0.253846760,-0.014218009,0.000000000000e+00
33.080000,-0.367563964,0.025370447,-0.340769990,0.008032847,0.303763203,2.724719,1,Solve_Succeeded,0.253846760,-0.014218009,0.000000000000e+00
33.090000,-0.370941814,0.025449309,-0.338232769,0.007908221,0.305618437,2.981641,1,Solve_Succeeded,0.255390753,-0.014177438,0.000000000000e+00
33.100000,-0.374294124,0.025526734,-0.335681281,0.007767362,0.305618437,2.981641,1,Solve_Succeeded,0.255390753,-0.014177438,0.000000000000e+00
33.110000,-0.377620905,0.025602939,-0.333128575,0.007642494,0.307410139,2.862761,1,Solve_Succeeded,0.256881686,-0.014134556,-1.734723475977e-18
33.120000,-0.380921997,0.025677711,-0.330562092,0.007501964,0.307410139,2.862761,1,Solve_Succeeded,0.256881686,-0.014134556,-1.734723475977e-18
33.130000,-0.384197410,0.025751259,-0.327994433,0.007376879,0.309138338,2.653839,1,Solve_Succeeded,0.258319587,-0.014089379,1.734723475977e-18
33.140000,-0.387446990,0.025823378,-0.325413484,0.007236700,0.309138338,2.653839,1,Solve_Succeeded,0.258319587,-0.014089379,1.734723475977e-18
33.150000,-0.390670748,0.025894271,-0.322831401,0.007111420,0.310803078,2.606945,1,Solve_Succeeded,0.259704491,-0.014041928,1.734723475977e-18
33.160000,-0.393868534,0.025963741,-0.320236518,0.006971615,0.310803078,2.606945,1,Solve_Succeeded,0.259704491,-0.014041928,1.734723475977e-18
33.170000,-0.397040358,0.026031981,-0.317640541,0.006846164,0.312404410,2.818422,1,Solve_Succeeded,0.261036443,-0.013992222,0.000000000000e+00
33.180000,-0.400186078,0.026098803,-0.315032252,0.006706756,0.312404410,2.818422,1,Solve_Succeeded,0.261036443,-0.013992222,0.000000000000e+00
33.190000,-0.403305702,0.026164393,-0.312422911,0.006581157,0.313942399,2.716044,1,Solve_Succeeded,0.262315498,-0.013940281,1.734723475977e-18
33.200000,-0.406399094,0.026228569,-0.309801746,0.006442169,0.313942399,2.716044,1,Solve_Succeeded,0.262315498,-0.013940281,1.734723475977e-18
33.210000,-0.409466262,0.026291512,-0.307179570,0.006316444,0.315417119,2.749357,1,Solve_Succeeded,0.263541717,-0.013886124,-1.734723475977e-18
33.220000,-0.412507075,0.026353046,-0.304546056,0.006177897,0.315417119,2.749357,1,Solve_Succeeded,0.263541717,-0.013886124,-1.734723475977e-18
33.230000,-0.415521542,0.026413345,-0.301911574,0.006052070,0.316828655,2.612686,1,Solve_Succeeded,0.264715175,-0.013829772,0.000000000000e+00
33.240000,-0.418509536,0.026472241,-0.299266240,0.005913987,0.316828655,2.612686,1,Solve_Succeeded,0.264715175,-0.013829772,0.000000000000e+00
33.250000,-0.421471066,0.026529900,-0.296619979,0.005788081,0.318177105,3.313109,1,Solve_Succeeded,0.265835952,-0.013771246,1.734723475977e-18
33.260000,-0.424406011,0.026586162,-0.293963352,0.005650483,0.318177105,3.313109,1,Solve_Succeeded,0.265835952,-0.013771246,1.734723475977e-18
33.270000,-0.427314380,0.026641185,-0.291305839,0.005524521,0.319462575,2.998344,1,Solve_Succeeded,0.266904138,-0.013710567,3.469446951954e-18
33.280000,-0.430196057,0.026694817,-0.288638444,0.005387430,0.319462575,2.998344,1,Solve_Succeeded,0.266904138,-0.013710567,3.469446951954e-18
33.290000,-0.433051051,0.026747209,-0.285970205,0.005261434,0.320685183,2.742743,1,Solve_Succeeded,0.267919833,-0.013647756,3.469446951954e-18
33.300000,-0.435879251,0.026798217,-0.283292568,0.005124872,0.320685183,2.742743,1,Solve_Succeeded,0.267919833,-0.013647756,3.469446951954e-18
33.310000,-0.438680666,0.026847983,-0.280614128,0.004998864,0.321845057,2.708973,1,Solve_Succeeded,0.268883145,-0.013582836,-3.469446951954e-18
33.320000,-0.441455191,0.026896371,-0.277926773,0.004862852,0.321845057,2.708973,1,Solve_Succeeded,0.268883145,-0.013582836,-3.469446951954e-18
33.330000,-0.444202834,0.026943518,-0.275238656,0.004736855,0.322942337,3.081319,1,Solve_Succeeded,0.269794190,-0.013515829,0.000000000000e+00
33.340000,-0.446923496,0.026989293,-0.272542105,0.004601415,0.322942337,3.081319,1,Solve_Succeeded,0.269794190,-0.013515829,0.000000000000e+00
33.350000,-0.449617185,0.027033825,-0.269844834,0.004475451,0.323977170,2.881727,1,Solve_Succeeded,0.270653094,-0.013446757,-3.469446951954e-18
33.360000,-0.452283807,0.027076993,-0.267139609,0.004340603,0.323977170,2.881727,1,Solve_Succeeded,0.270653094,-0.013446757,-3.469446951954e-18
33.370000,-0.454923369,0.027118918,-0.264433705,0.004214694,0.324949718,2.950170,1,Solve_Succeeded,0.271459992,-0.013375642,3.469446951954e-18
33.380000,-0.457535784,0.027159485,-0.261720327,0.004080459,0.324949718,2.950170,1,Solve_Succeeded,0.271459992,-0.013375642,3.469446951954e-18
33.390000,-0.460121058,0.027198810,-0.259006310,0.003954628,0.325860149,2.804834,1,Solve_Succeeded,0.272215025,-0.013302509,0.000000000000e+00
33.400000,-0.462679109,0.027236784,-0.256285297,0.003821025,0.325860149,2.804834,1,Solve_Succeeded,0.272215025,-0.013302509,0.000000000000e+00
33.410000,-0.465209943,0.027273515,-0.253563687,0.003695294,0.326708644,3.596925,1,Solve_Succeeded,0.272918345,-0.013227380,-3.469446951954e-18
33.420000,-0.467713484,0.027308904,-0.250835557,0.003562345,0.326708644,3.596925,1,Solve_Succeeded,0.272918345,-0.013227380,-3.469446951954e-18
33.430000,-0.470189737,0.027343050,-0.248106870,0.003436735,0.327495393,2.812664,1,Solve_Succeeded,0.273570112,-0.013150280,-3.469446951954e-18
33.440000,-0.472638633,0.027375861,-0.245372138,0.003304460,0.327495393,2.812664,1,Solve_Succeeded,0.273570112,-0.013150280,-3.469446951954e-18
33.450000,-0.475060175,0.027407429,-0.242636890,0.003178993,0.328220596,2.683626,1,Solve_Succeeded,0.274170493,-0.013071231,0.000000000000e+00
33.460000,-0.477454299,0.027437671,-0.239896071,0.003047410,0.328220596,2.683626,1,Solve_Succeeded,0.274170493,-0.013071231,0.000000000000e+00
33.470000,-0.479821009,0.027466671,-0.237154776,0.002922108,0.328884462,2.733823,1,Solve_Succeeded,0.274719665,-0.012990260,3.469446951954e-18
33.480000,-0.482160246,0.027494353,-0.234408382,0.002791239,0.328884462,2.733823,1,Solve_Succeeded,0.274719665,-0.012990260,3.469446951954e-18
33.490000,-0.484472014,0.027520793,-0.231661553,0.002666122,0.329487213,2.643678,1,Solve_Succeeded,0.275217812,-0.012907390,0.000000000000e+00
33.500000,-0.486756260,0.027545923,-0.228910094,0.002535985,0.329487213,2.643678,1,Solve_Succeeded,0.275217812,-0.012907390,0.000000000000e+00
33.510000,-0.489012986,0.027569814,-0.226158240,0.002411075,0.330029077,2.739200,1,Solve_Succeeded,0.275665128,-0.012822647,0.000000000000e+00
33.520000,-0.491242145,0.027592402,-0.223402226,0.002281689,0.330029077,2.739200,1,Solve_Succeeded,0.275665128,-0.012822647,0.000000000000e+00
33.530000,-0.493443739,0.027613752,-0.220645856,0.002157008,0.330510294,2.798484,1,Solve_Succeeded,0.276061812,-0.012736055,0.000000000000e+00
33.540000,-0.495617726,0.027633809,-0.217885793,0.002028392,0.330510294,2.798484,1,Solve_Succeeded,0.276061812,-0.012736055,0.000000000000e+00
33.550000,-0.497764109,0.027652629,-0.215125414,0.001903959,0.330931113,2.657393,1,Solve_Succeeded,0.276408073,-0.012647640,0.000000000000e+00
33.560000,-0.499882850,0.027670165,-0.212361806,0.001776133,0.330931113,2.657393,1,Solve_Succeeded,0.276408073,-0.012647640,0.000000000000e+00
33.570000,-0.501973952,0.027686466,-0.209597922,0.001651970,0.331291791,3.128120,1,Solve_Succeeded,0.276704127,-0.012557428,0.000000000000e+00
33.580000,-0.504037382,0.027701491,-0.206831272,0.001524950,0.331291791,3.128120,1,Solve_Succeeded,0.276704127,-0.012557428,0.000000000000e+00
33.590000,-0.506073144,0.027715283,-0.204064385,0.001401078,0.331592597,2.918540,1,Solve_Succeeded,0.276950200,-0.012465444,-3.469446951954e-18
33.600000,-0.508081209,0.027727809,-0.201295193,0.001274884,0.331592597,2.918540,1,Solve_Succeeded,0.276950200,-0.012465444,-3.469446951954e-18
33.610000,-0.510061580,0.027739104,-0.198525804,0.001151323,0.331833808,2.792130,1,Solve_Succeeded,0.277146523,-0.012371716,3.469446951954e-18
33.620000,-0.512014235,0.027749143,-0.195754567,0.001025972,0.331833808,2.792130,1,Solve_Succeeded,0.277146523,-0.012371716,3.469446951954e-18
33.630000,-0.513939176,0.027757953,-0.192983173,0.000902741,0.332015708,2.767832,1,Solve_Succeeded,0.277293335,-0.012276268,3.469446951954e-18
33.640000,-0.515836387,0.027765516,-0.190210388,0.000778252,0.332015708,2.767832,1,Solve_Succeeded,0.277293335,-0.012276268,3.469446951954e-18
33.650000,-0.517705868,0.027771853,-0.187437484,0.000655373,0.332138594,2.642239,1,Solve_Succeeded,0.277390884,-0.012179129,3.469446951954e-18
33.660000,-0.519547609,0.027776952,-0.184663644,0.000531761,0.332138594,2.642239,1,Solve_Succeeded,0.277390884,-0.012179129,3.469446951954e-18
33.670000,-0.521361612,0.027780828,-0.181889723,0.000409253,0.332202770,2.640559,1,Solve_Succeeded,0.277439425,-0.012080324,3.469446951954e-18
33.680000,-0.523147869,0.027783477,-0.179115317,0.000286537,0.332202770,2.640559,1,Solve_Succeeded,0.277439425,-0.012080324,3.469446951954e-18
33.690000,-0.524906381,0.027784906,-0.176340870,0.000164420,0.332208548,2.634394,1,Solve_Succeeded,0.277439220,-0.011979882,0.000000000000e+00
33.700000,-0.526637149,0.027785117,-0.173566387,0.000042616,0.332208548,2.634394,1,Solve_Succeeded,0.277439220,-0.011979882,0.000000000000e+00
33.710000,-0.528340172,0.027784111,-0.170791901,-0.000079090,0.332156250,2.719644,1,Solve_Succeeded,0.277390537,-0.011877828,0.000000000000e+00
33.720000,-0.530015455,0.027781899,-0.168017826,-0.000199965,0.332156250,2.719644,1,Solve_Succeeded,0.277390537,-0.011877828,0.000000000000e+00
33.730000,-0.531662997,0.027778472,-0.165243786,-0.000321242,0.332046206,2.626002,1,Solve_Succeeded,0.277293655,-0.011774191,0.000000000000e+00
33.740000,-0.533282809,0.027773849,-0.162470602,-0.000441171,0.332046206,2.626002,1,Solve_Succeeded,0.277293655,-0.011774191,0.000000000000e+00
33.750000,-0.534874891,0.027768016,-0.159697490,-0.000561998,0.331878756,2.649454,1,Solve_Succeeded,0.277148855,-0.011668999,-3.469446951954e-18
33.760000,-0.536439256,0.027760996,-0.156925676,-0.000680966,0.331878756,2.649454,1,Solve_Succeeded,0.277148855,-0.011668999,-3.469446951954e-18
33.770000,-0.537975904,0.027752770,-0.154153972,-0.000801326,0.331654245,2.957123,1,Solve_Succeeded,0.276956430,-0.011562279,3.469446951954e-18
33.780000,-0.539484856,0.027743369,-0.151384004,-0.000919317,0.331654245,2.957123,1,Solve_Succeeded,0.276956430,-0.011562279,3.469446951954e-18
33.790000,-0.540966110,0.027732765,-0.148614185,-0.001039189,0.331373030,2.615609,1,Solve_Succeeded,0.276716676,-0.011454058,-3.469446951954e-18
33.800000,-0.542419691,0.027720997,-0.145846538,-0.001156187,0.331373030,2.615609,1,Solve_Succeeded,0.276716676,-0.011454058,-3.469446951954e-18
33.810000,-0.543845598,0.027708031,-0.143079076,-0.001275554,0.331035475,3.067179,1,Solve_Succeeded,0.276429898,-0.011344366,0.000000000000e+00
33.820000,-0.545243861,0.027693911,-0.140314220,-0.001391544,0.331035475,3.067179,1,Solve_Succeeded,0.276429898,-0.011344366,0.000000000000e+00
33.830000,-0.546614479,0.027678597,-0.137549587,-0.001510387,0.330641950,4.019439,1,Solve_Succeeded,0.276096408,-0.011233231,3.469446951954e-18
33.840000,-0.547957485,0.027662141,-0.134787990,-0.001625353,0.330641950,4.019439,1,Solve_Succeeded,0.276096408,-0.011233231,3.469446951954e-18
33.850000,-0.549272879,0.027644495,-0.132026653,-0.001743655,0.330192836,3.379918,1,Solve_Succeeded,0.275716522,-0.011120681,0.000000000000e+00
33.860000,-0.550560700,0.027625719,-0.129268779,-0.001857583,0.330192836,3.379918,1,Solve_Succeeded,0.275716522,-0.011120681,0.000000000000e+00
33.870000,-0.551820945,0.027605758,-0.126511201,-0.001975324,0.329688519,3.221106,1,Solve_Succeeded,0.275290566,-0.011006744,0.000000000000e+00
33.880000,-0.553053661,0.027584676,-0.123757512,-0.002088200,0.329688519,3.221106,1,Solve_Succeeded,0.275290566,-0.011006744,0.000000000000e+00
33.890000,-0.554258844,0.027562416,-0.121004156,-0.002205363,0.329129396,2.752365,1,Solve_Succeeded,0.274818869,-0.010891450,0.000000000000e+00
33.900000,-0.555436544,0.027539047,-0.118255109,-0.002317172,0.329129396,2.752365,1,Solve_Succeeded,0.274818869,-0.010891450,0.000000000000e+00
33.910000,-0.556586757,0.027514504,-0.115506431,-0.002433740,0.328515869,2.968972,1,Solve_Succeeded,0.274301770,-0.010774827,3.469446951954e-18
33.920000,-0.557709540,0.027488864,-0.112762482,-0.002544469,0.328515869,2.968972,1,Solve_Succeeded,0.274301770,-0.010774827,3.469446951954e-18
33.930000,-0.558804888,0.027462055,-0.110018937,-0.002660423,0.327848349,2.639076,1,Solve_Succeeded,0.273739611,-0.010656904,-3.469446951954e-18
33.940000,-0.559872860,0.027434161,-0.107280536,-0.002770058,0.327848349,2.639076,1,Solve_Succeeded,0.273739611,-0.010656904,-3.469446951954e-18
33.950000,-0.560913455,0.027405103,-0.104542574,-0.002885383,0.327127252,2.833246,1,Solve_Succeeded,0.273132742,-0.010537711,-3.469446951954e-18
33.960000,-0.561926734,0.027374973,-0.101810169,-0.002993909,0.327127252,2.833246,1,Solve_Succeeded,0.273132742,-0.010537711,-3.469446951954e-18
33.970000,-0.562912696,0.027343685,-0.099078239,-0.003108587,0.326353004,2.847021,1,Solve_Succeeded,0.272481519,-0.010417275,-3.469446951954e-18
33.980000,-0.563871408,0.027311335,-0.096352274,-0.003215993,0.326353004,2.847021,1,Solve_Succeeded,0.272481519,-0.010417275,-3.469446951954e-18
33.990000,-0.564802866,0.027277834,-0.093626819,-0.003330007,0.325526037,2.703709,1,Solve_Succeeded,0.271786302,-0.010295627,0.000000000000e+00
34.000000,-0.565707145,0.027243284,-0.090907734,-0.003436280,0.325526037,2.703709,1,Solve_Succeeded,0.271786302,-0.010295627,0.000000000000e+00
34.010000,-0.566584240,0.027207587,-0.088189194,-0.003549613,0.324646789,2.705968,1,Solve_Succeeded,0.271047460,-0.010172796,-3.469446951954e-18
34.020000,-0.567434229,0.027170855,-0.085477427,-0.003654740,0.324646789,2.705968,1,Solve_Succeeded,0.271047460,-0.010172796,-3.469446951954e-18
34.030000,-0.568257107,0.027132982,-0.082766239,-0.003767377,0.323715707,3.150666,1,Solve_Succeeded,0.270265364,-0.010048812,-3.469446951954e-18
34.040000,-0.569052957,0.027094085,-0.080062223,-0.003871345,0.323715707,3.150666,1,Solve_Succeeded,0.270265364,-0.010048812,-3.469446951954e-18
34.050000,-0.569821775,0.027054055,-0.077358819,-0.003983270,0.322733243,2.712422,1,Solve_Succeeded,0.269440394,-0.009923702,-3.469446951954e-18
34.060000,-0.570563647,0.027013013,-0.074662983,-0.004086068,0.322733243,2.712422,1,Solve_Succeeded,0.269440394,-0.009923702,-3.469446951954e-18
34.070000,-0.571278569,0.026970844,-0.071967793,-0.004197264,0.321699855,2.698055,1,Solve_Succeeded,0.268572933,-0.009797498,-3.469446951954e-18
34.080000,-0.571966632,0.026927676,-0.069280562,-0.004298879,0.321699855,2.698055,1,Solve_Succeeded,0.268572933,-0.009797498,-3.469446951954e-18
34.090000,-0.572627831,0.026883388,-0.066594011,-0.004409331,0.320616011,2.701708,1,Solve_Succeeded,0.267663372,-0.009670229,0.000000000000e+00
34.100000,-0.573262263,0.026838113,-0.063915807,-0.004509754,0.320616011,2.701708,1,Solve_Succeeded,0.267663372,-0.009670229,0.000000000000e+00
34.110000,-0.573869921,0.026791725,-0.061238317,-0.004619446,0.319482182,2.828079,1,Solve_Succeeded,0.266712105,-0.009541923,0.000000000000e+00
34.120000,-0.574450907,0.026744363,-0.058569558,-0.004718664,0.319482182,2.828079,1,Solve_Succeeded,0.266712105,-0.009541923,0.000000000000e+00
34.130000,-0.575005215,0.026695895,-0.055901545,-0.004827582,0.318298846,2.796009,1,Solve_Succeeded,0.265719532,-0.009412612,-3.469446951954e-18
34.140000,-0.575532949,0.026646466,-0.053242644,-0.004925585,0.318298846,2.796009,1,Solve_Succeeded,0.265719532,-0.009412612,-3.469446951954e-18
34.150000,-0.576034103,0.026595938,-0.050584523,-0.005033713,0.317066487,2.697990,1,Solve_Succeeded,0.264686058,-0.009282324,0.000000000000e+00
34.160000,-0.576508788,0.026544463,-0.047935890,-0.005130490,0.317066487,2.697990,1,Solve_Succeeded,0.264686058,-0.009282324,0.000000000000e+00
34.170000,-0.576956996,0.026491895,-0.045288069,-0.005237814,0.315785596,2.704561,1,Solve_Succeeded,0.263612094,-0.009151088,1.734723475977e-18
34.180000,-0.577378842,0.026438393,-0.042650110,-0.005333355,0.315785596,2.704561,1,Solve_Succeeded,0.263612094,-0.009151088,1.734723475977e-18
34.190000,-0.577774318,0.026383806,-0.040012994,-0.005439861,0.314456669,2.900838,1,Solve_Succeeded,0.262498053,-0.009018936,0.000000000000e+00
34.200000,-0.578143544,0.026328298,-0.037386111,-0.005534155,0.314456669,2.900838,1,Solve_Succeeded,0.262498053,-0.009018936,0.000000000000e+00
34.210000,-0.578486511,0.026271714,-0.034760102,-0.005639828,0.313080208,3.060000,1,Solve_Succeeded,0.261344357,-0.008885895,1.734723475977e-18
34.220000,-0.578803342,0.026214221,-0.032144691,-0.005732867,0.313080208,3.060000,1,Solve_Succeeded,0.261344357,-0.008885895,1.734723475977e-18
34.230000,-0.579094030,0.026155659,-0.029530186,-0.005837692,0.311656721,2.773915,1,Solve_Succeeded,0.260151428,-0.008751996,1.734723475977e-18
34.240000,-0.579358702,0.026096202,-0.026926640,-0.005929466,0.311656721,2.773915,1,Solve_Succeeded,0.260151428,-0.008751996,1.734723475977e-18
34.250000,-0.579597349,0.026035684,-0.024324031,-0.006033431,0.310186720,3.027114,1,Solve_Succeeded,0.258919698,-0.008617269,0.000000000000e+00
34.260000,-0.579810104,0.025974285,-0.021732740,-0.006123931,0.310186720,3.027114,1,Solve_Succeeded,0.258919698,-0.008617269,0.000000000000e+00
34.270000,-0.579996957,0.025911833,-0.019142416,-0.006227022,0.308670723,2.696092,1,Solve_Succeeded,0.257649598,-0.008481743,0.000000000000e+00
34.280000,-0.580158044,0.025848513,-0.016563763,-0.006316238,0.308670723,2.696092,1,Solve_Succeeded,0.257649598,-0.008481743,0.000000000000e+00
34.290000,-0.580293356,0.025784149,-0.013986107,-0.006418442,0.307109255,2.719869,1,Solve_Succeeded,0.256341566,-0.008345447,0.000000000000e+00
34.300000,-0.580403033,0.025718930,-0.011420473,-0.006506367,0.307109255,2.719869,1,Solve_Succeeded,0.256341566,-0.008345447,0.000000000000e+00
34.310000,-0.580487066,0.025652674,-0.008855866,-0.006607670,0.305502844,3.279920,1,Solve_Succeeded,0.254996045,-0.008208411,-1.734723475977e-18
34.320000,-0.580545599,0.025585579,-0.006303626,-0.006694295,0.305502844,3.279920,1,Solve_Succeeded,0.254996045,-0.008208411,-1.734723475977e-18
34.330000,-0.580578621,0.025517455,-0.003752443,-0.006794685,0.303852024,2.804934,1,Solve_Succeeded,0.253613481,-0.008070664,0.000000000000e+00
34.340000,-0.580586281,0.025448504,-0.001213968,-0.006880003,0.303852024,2.804934,1,Solve_Succeeded,0.253613481,-0.008070664,0.000000000000e+00
34.350000,-0.580568569,0.025378534,0.001323421,-0.006979467,0.302157332,2.857363,1,Solve_Succeeded,0.252194323,-0.007932236,0.000000000000e+00
34.360000,-0.580525637,0.025307751,0.003847763,-0.007063469,0.302157332,2.857363,1,Solve_Succeeded,0.252194323,-0.007932236,0.000000000000e+00
34.370000,-0.580457474,0.025235957,0.006370991,-0.007161995,0.300419313,2.930617,1,Solve_Succeeded,0.250739026,-0.007793157,1.734723475977e-18
34.380000,-0.580364236,0.025163364,0.008880840,-0.007244674,0.300419313,2.930617,1,Solve_Succeeded,0.250739026,-0.007793157,1.734723475977e-18
34.390000,-0.580245914,0.025089770,0.011389545,-0.007342251,0.298638513,2.648541,1,Solve_Succeeded,0.249248047,-0.007653454,1.734723475977e-18
34.400000,-0.580102666,0.025015390,0.013884542,-0.007423600,0.298638513,2.648541,1,Solve_Succeeded,0.249248047,-0.007653454,1.734723475977e-18
34.410000,-0.579934481,0.024940017,0.016378367,-0.007520215,0.296815485,2.662765,1,Solve_Succeeded,0.247721849,-0.007513158,0.000000000000e+00
34.420000,-0.579741523,0.024863874,0.018858160,-0.007600227,0.296815485,2.662765,1,Solve_Succeeded,0.247721849,-0.007513158,0.000000000000e+00
34.430000,-0.579523782,0.024786747,0.021336753,-0.007695868,0.294950785,2.795456,1,Solve_Succeeded,0.246160896,-0.007372298,1.734723475977e-18
34.440000,-0.579281423,0.024708862,0.023800992,-0.007774537,0.294950785,2.795456,1,Solve_Succeeded,0.246160896,-0.007372298,1.734723475977e-18
34.450000,-0.579014437,0.024630003,0.026264005,-0.007869194,0.293044974,2.850003,1,Solve_Succeeded,0.244565656,-0.007230902,0.000000000000e+00
34.460000,-0.578722993,0.024550402,0.028712347,-0.007946514,0.293044974,2.850003,1,Solve_Succeeded,0.244565656,-0.007230902,0.000000000000e+00
34.470000,-0.578407080,0.024469835,0.031159436,-0.008040175,0.291098615,2.726323,1,Solve_Succeeded,0.242936602,-0.007089000,0.000000000000e+00
34.480000,-0.578066872,0.024388539,0.033591543,-0.008116139,0.291098615,2.726323,1,Solve_Succeeded,0.242936602,-0.007089000,0.000000000000e+00
34.490000,-0.577702359,0.024306288,0.036022370,-0.008208793,0.289112279,2.720173,1,Solve_Succeeded,0.241274210,-0.006946620,1.734723475977e-18
34.500000,-0.577313717,0.024223322,0.038437908,-0.008283396,0.289112279,2.720173,1,Solve_Succeeded,0.241274210,-0.006946620,1.734723475977e-18
34.510000,-0.576900935,0.024139410,0.040852139,-0.008375034,0.287086537,2.707459,1,Solve_Succeeded,0.239578956,-0.006803791,0.000000000000e+00
34.520000,-0.576464195,0.024054798,0.043250777,-0.008448270,0.287086537,2.707459,1,Solve_Succeeded,0.239578956,-0.006803791,0.000000000000e+00
34.530000,-0.576003483,0.023969250,0.045648084,-0.008538881,0.285021965,3.260808,1,Solve_Succeeded,0.237851323,-0.006660542,1.734723475977e-18
34.540000,-0.575518986,0.023883015,0.048029498,-0.008610745,0.285021965,3.260808,1,Solve_Succeeded,0.237851323,-0.006660542,1.734723475977e-18
34.550000,-0.575010690,0.023795854,0.050409555,-0.008700318,0.282919142,2.859487,1,Solve_Succeeded,0.236091794,-0.006516901,0.000000000000e+00
34.560000,-0.574478784,0.023708022,0.052773427,-0.008770806,0.282919142,2.859487,1,Solve_Succeeded,0.236091794,-0.006516901,0.000000000000e+00
34.570000,-0.573923256,0.023619272,0.055135915,-0.008859332,0.280778652,2.903129,1,Solve_Succeeded,0.234300858,-0.006372897,0.000000000000e+00
34.580000,-0.573344297,0.023529866,0.057481929,-0.008928439,0.280778652,2.903129,1,Solve_Succeeded,0.234300858,-0.006372897,0.000000000000e+00
34.590000,-0.572741894,0.023439552,0.059826534,-0.009015908,0.278601080,2.771567,1,Solve_Succeeded,0.232479004,-0.006228557,-1.734723475977e-18
34.600000,-0.572116242,0.023348596,0.062154379,-0.009083629,0.278601080,2.771567,1,Solve_Succeeded,0.232479004,-0.006228557,-1.734723475977e-18
34.610000,-0.571467329,0.023256744,0.064480792,-0.009170032,0.276387016,2.737372,1,Solve_Succeeded,0.230626724,-0.006083910,0.000000000000e+00
34.620000,-0.570795352,0.023164263,0.066790164,-0.009236364,0.276387016,2.737372,1,Solve_Succeeded,0.230626724,-0.006083910,0.000000000000e+00
34.630000,-0.570100298,0.023070895,0.069098080,-0.009321692,0.274137052,2.693065,1,Solve_Succeeded,0.228744514,-0.005938983,0.000000000000e+00
34.640000,-0.569382369,0.022976915,0.071388678,-0.009386631,0.274137052,2.693065,1,Solve_Succeeded,0.228744514,-0.005938983,0.000000000000e+00
34.650000,-0.568641552,0.022882057,0.073677797,-0.009470875,0.271851784,2.842874,1,Solve_Succeeded,0.226832870,-0.005793805,-1.734723475977e-18
34.660000,-0.567878050,0.022786601,0.075949327,-0.009534418,0.271851784,2.842874,1,Solve_Succeeded,0.226832870,-0.005793805,-1.734723475977e-18
34.670000,-0.567091850,0.022690278,0.078219354,-0.009617569,0.269531809,2.815192,1,Solve_Succeeded,0.224892293,-0.005648404,0.000000000000e+00
34.680000,-0.566283161,0.022593372,0.080471525,-0.009679712,0.269531809,2.815192,1,Solve_Succeeded,0.224892293,-0.005648404,0.000000000000e+00
34.690000,-0.565451967,0.022495609,0.082722171,-0.009761763,0.267177728,3.490570,1,Solve_Succeeded,0.222923285,-0.005502805,1.734723475977e-18
34.700000,-0.564598481,0.022397277,0.084954698,-0.009822503,0.267177728,3.490570,1,Solve_Succeeded,0.222923285,-0.005502805,1.734723475977e-18
34.710000,-0.563722687,0.022298100,0.087185678,-0.009903445,0.264790144,3.203863,1,Solve_Succeeded,0.220926348,-0.005357038,0.000000000000e+00
34.720000,-0.562824799,0.022198367,0.089398282,-0.009962779,0.264790144,3.203863,1,Solve_Succeeded,0.220926348,-0.005357038,0.000000000000e+00
34.730000,-0.561904804,0.022097800,0.091609315,-0.010042604,0.262369663,2.788827,1,Solve_Succeeded,0.218901990,-0.005211129,0.000000000000e+00
34.740000,-0.560962918,0.021996693,0.093801720,-0.010100531,0.262369663,2.788827,1,Solve_Succeeded,0.218901990,-0.005211129,0.000000000000e+00
34.750000,-0.559999127,0.021894762,0.095992533,-0.010179232,0.259916892,2.646295,1,Solve_Succeeded,0.216850718,-0.005065106,0.000000000000e+00
34.760000,-0.559013649,0.021792304,0.098164469,-0.010235749,0.259916892,2.646295,1,Solve_Succeeded,0.216850718,-0.005065106,0.000000000000e+00
34.770000,-0.558006471,0.021689034,0.100334792,-0.010313319,0.257432442,3.013519,1,Solve_Succeeded,0.214773042,-0.004918994,0.000000000000e+00
34.780000,-0.556977815,0.021585253,0.102485994,-0.010368424,0.257432442,3.013519,1,Solve_Succeeded,0.214773042,-0.004918994,0.000000000000e+00
34.790000,-0.555927666,0.021480669,0.104635562,-0.010444855,0.254916924,2.757538,1,Solve_Succeeded,0.212669473,-0.004772821,1.734723475977e-18
34.800000,-0.554856249,0.021375589,0.106765771,-0.010498547,0.254916924,2.757538,1,Solve_Succeeded,0.212669473,-0.004772821,1.734723475977e-18
34.810000,-0.553763550,0.021269718,0.108894325,-0.010573832,0.252370953,2.921043,1,Solve_Succeeded,0.210540524,-0.004626613,0.000000000000e+00
34.820000,-0.552649795,0.021163365,0.111003285,-0.010626109,0.252370953,2.921043,1,Solve_Succeeded,0.210540524,-0.004626613,0.000000000000e+00
34.830000,-0.551514971,0.021056231,0.113110572,-0.010700243,0.249795143,2.881127,1,Solve_Succeeded,0.208386710,-0.004480396,0.000000000000e+00
34.840000,-0.550359307,0.020948631,0.115198035,-0.010751104,0.249795143,2.881127,1,Solve_Succeeded,0.208386710,-0.004480396,0.000000000000e+00
34.850000,-0.549182788,0.020840261,0.117283804,-0.010824079,0.247190112,3.328568,1,Solve_Succeeded,0.206208545,-0.004334197,0.000000000000e+00
34.860000,-0.547985647,0.020731438,0.119349524,-0.010873524,0.247190112,3.328568,1,Solve_Succeeded,0.206208545,-0.004334197,0.000000000000e+00
34.870000,-0.546767870,0.020621858,0.121413533,-0.010945335,0.244556479,3.156277,1,Solve_Succeeded,0.204006547,-0.004188042,1.734723475977e-18
34.880000,-0.545529690,0.020511840,0.123457272,-0.010993363,0.244556479,3.156277,1,Solve_Succeeded,0.204006547,-0.004188042,1.734723475977e-18
34.890000,-0.544271094,0.020401075,0.125499280,-0.011064003,0.241894864,2.861263,1,Solve_Succeeded,0.201781234,-0.004041955,-1.734723475977e-18
34.900000,-0.542992318,0.020289887,0.127520805,-0.011110614,0.241894864,2.861263,1,Solve_Succeeded,0.201781234,-0.004041955,-1.734723475977e-18
34.910000,-0.541693348,0.020177964,0.129540579,-0.011180078,0.239205889,2.699780,1,Solve_Succeeded,0.199533126,-0.003895963,0.000000000000e+00
34.920000,-0.540374424,0.020065631,0.131539660,-0.011225272,0.239205889,2.699780,1,Solve_Succeeded,0.199533126,-0.003895963,0.000000000000e+00
34.930000,-0.539035530,0.019952575,0.133536972,-0.011293554,0.236490176,2.814804,1,Solve_Succeeded,0.197262741,-0.003750091,0.000000000000e+00
34.940000,-0.537676908,0.019839124,0.135513385,-0.011337331,0.236490176,2.814804,1,Solve_Succeeded,0.197262741,-0.003750091,0.000000000000e+00
34.950000,-0.536298543,0.019724962,0.137488013,-0.011404427,0.233748350,2.807368,1,Solve_Succeeded,0.194970603,-0.003604364,0.000000000000e+00
34.960000,-0.534900680,0.019610419,0.139441540,-0.011446787,0.233748350,2.807368,1,Solve_Succeeded,0.194970603,-0.003604364,0.000000000000e+00
34.970000,-0.533483303,0.019495176,0.141393264,-0.011512691,0.230981034,2.715753,1,Solve_Succeeded,0.192657232,-0.003458806,0.000000000000e+00
34.980000,-0.532046660,0.019379567,0.143323692,-0.011553635,0.230981034,2.715753,1,Solve_Succeeded,0.192657232,-0.003458806,0.000000000000e+00
34.990000,-0.530590733,0.019263270,0.145252301,-0.011618344,0.228188854,2.804367,1,Solve_Succeeded,0.190323150,-0.003313444,0.000000000000e+00
35.000000,-0.529115774,0.019146621,0.147159421,-0.011657873,0.228188854,2.804367,1,Solve_Succeeded,0.190323150,-0.003313444,0.000000000000e+00
35.010000,-0.527621764,0.019029295,0.149064707,-0.011721381,0.225372437,2.745564,1,Solve_Succeeded,0.187968882,-0.003168300,0.000000000000e+00
35.020000,-0.526108957,0.018911633,0.150948318,-0.011759496,0.225372437,2.745564,1,Solve_Succeeded,0.187968882,-0.003168300,0.000000000000e+00
35.030000,-0.524577336,0.018793305,0.152830077,-0.011821799,0.222532410,2.648235,1,Solve_Succeeded,0.185594949,-0.003023400,0.000000000000e+00
35.040000,-0.523027154,0.018674655,0.154689981,-0.011858502,0.222532410,2.648235,1,Solve_Succeeded,0.185594949,-0.003023400,0.000000000000e+00
35.050000,-0.521458395,0.018555352,0.156548018,-0.011919597,0.219669399,2.755277,1,Solve_Succeeded,0.183201878,-0.002878766,0.000000000000e+00
35.060000,-0.519871314,0.018435740,0.158384022,-0.011954889,0.219669399,2.755277,1,Solve_Succeeded,0.183201878,-0.002878766,0.000000000000e+00
35.070000,-0.518265896,0.018315487,0.160218144,-0.012014771,0.216784032,2.705942,1,Solve_Succeeded,0.180790191,-0.002734424,-1.734723475977e-18
35.080000,-0.516642398,0.018194941,0.162030062,-0.012048655,0.216784032,2.705942,1,Solve_Succeeded,0.180790191,-0.002734424,-1.734723475977e-18
35.090000,-0.515000803,0.018073764,0.163840083,-0.012107321,0.213876938,2.603149,1,Solve_Succeeded,0.178360413,-0.002590397,0.000000000000e+00
35.100000,-0.513341371,0.017952309,0.165627732,-0.012139798,0.213876938,2.603149,1,Solve_Succeeded,0.178360413,-0.002590397,0.000000000000e+00
35.110000,-0.511664085,0.017830235,0.167413471,-0.012197246,0.210948744,3.092405,1,Solve_Succeeded,0.175913069,-0.002446707,0.000000000000e+00
35.120000,-0.509969207,0.017707897,0.169176676,-0.012228318,0.210948744,3.092405,1,Solve_Succeeded,0.175913069,-0.002446707,0.000000000000e+00
35.130000,-0.508256719,0.017584952,0.170937955,-0.012284544,0.208000079,2.962093,1,Solve_Succeeded,0.173448683,-0.002303379,-1.734723475977e-18
35.140000,-0.506526886,0.017461758,0.172676544,-0.012314215,0.208000079,2.962093,1,Solve_Succeeded,0.173448683,-0.002303379,-1.734723475977e-18
35.150000,-0.504779689,0.017337968,0.174413194,-0.012369216,0.205031570,3.574133,1,Solve_Succeeded,0.170967779,-0.002160434,1.734723475977e-18
35.160000,-0.503015395,0.017213944,0.176127001,-0.012397488,0.205031570,3.574133,1,Solve_Succeeded,0.170967779,-0.002160434,1.734723475977e-18
35.170000,-0.501233985,0.017089336,0.177838856,-0.012451261,0.202043845,3.595272,1,Solve_Succeeded,0.168470883,-0.002017896,-1.734723475977e-18
35.180000,-0.499435728,0.016964507,0.179527719,-0.012478138,0.202043845,3.595272,1,Solve_Succeeded,0.168470883,-0.002017896,-1.734723475977e-18
35.190000,-0.497620605,0.016839108,0.181214619,-0.012530681,0.199037532,3.449107,1,Solve_Succeeded,0.165958519,-0.001875787,0.000000000000e+00
35.200000,-0.495788885,0.016713501,0.182878384,-0.012556166,0.199037532,3.449107,1,Solve_Succeeded,0.165958519,-0.001875787,0.000000000000e+00
35.210000,-0.493940550,0.016587336,0.184540173,-0.012607477,0.196013259,2.856940,1,Solve_Succeeded,0.163431209,-0.001734130,0.000000000000e+00
35.220000,-0.492075872,0.016460978,0.186178690,-0.012631573,0.196013259,2.856940,1,Solve_Succeeded,0.163431209,-0.001734130,0.000000000000e+00
35.230000,-0.490194832,0.016334073,0.187815218,-0.012681651,0.192971651,3.210549,1,Solve_Succeeded,0.160889477,-0.001592945,0.000000000000e+00
35.240000,-0.488297702,0.016206989,0.189428341,-0.012704361,0.192971651,3.210549,1,Solve_Succeeded,0.160889477,-0.001592945,0.000000000000e+00
35.250000,-0.486384464,0.016079371,0.191039465,-0.012753204,0.189913335,2.839477,1,Solve_Succeeded,0.158333846,-0.001452255,0.000000000000e+00
35.260000,-0.484455392,0.015951588,0.192627053,-0.012774533,0.189913335,2.839477,1,Solve_Succeeded,0.158333846,-0.001452255,0.000000000000e+00
35.270000,-0.482510467,0.015823282,0.194212632,-0.012822139,0.186838936,2.620775,1,Solve_Succeeded,0.155764839,-0.001312082,0.000000000000e+00
35.280000,-0.480549965,0.015694826,0.195774553,-0.012842091,0.186838936,2.620775,1,Solve_Succeeded,0.155764839,-0.001312082,0.000000000000e+00
35.290000,-0.478573868,0.015565860,0.197334453,-0.012888459,0.183749078,2.793263,1,Solve_Succeeded,0.153182976,-0.001172446,0.000000000000e+00
35.300000,-0.476582452,0.015436757,0.198870576,-0.012907039,0.183749078,2.793263,1,Solve_Succeeded,0.153182976,-0.001172446,0.000000000000e+00
35.310000,-0.474575698,0.015307155,0.200404669,-0.012952168,0.180644386,3.061237,1,Solve_Succeeded,0.150588779,-0.001033368,1.734723475977e-18
35.320000,-0.472553884,0.015177431,0.201914870,-0.012969379,0.180644386,3.061237,1,Solve_Succeeded,0.150588779,-0.001033368,1.734723475977e-18
35.330000,-0.470516992,0.015047221,0.203423031,-0.013013269,0.177525482,2.694716,1,Solve_Succeeded,0.147982767,-0.000894870,1.734723475977e-18
35.340000,-0.468465301,0.014916902,0.204907191,-0.013029117,0.177525482,2.694716,1,Solve_Succeeded,0.147982767,-0.000894870,1.734723475977e-18
35.350000,-0.466398793,0.014786109,0.206389302,-0.013071767,0.174392987,2.888475,1,Solve_Succeeded,0.145365460,-0.000756971,0.000000000000e+00
35.360000,-0.464317747,0.014655221,0.207847307,-0.013086257,0.174392987,2.888475,1,Solve_Succeeded,0.145365460,-0.000756971,0.000000000000e+00
35.370000,-0.462222145,0.014523871,0.209303255,-0.013127665,0.171247521,2.652800,1,Solve_Succeeded,0.142737374,-0.000619692,0.000000000000e+00
35.380000,-0.460112268,0.014392440,0.210734997,-0.013140803,0.171247521,2.652800,1,Solve_Succeeded,0.142737374,-0.000619692,0.000000000000e+00
35.390000,-0.457988098,0.014260559,0.212164672,-0.013180971,0.168089704,3.032802,1,Solve_Succeeded,0.140099027,-0.000483053,0.000000000000e+00
35.400000,-0.455849918,0.014128611,0.213570048,-0.013192760,0.168089704,3.032802,1,Solve_Succeeded,0.140099027,-0.000483053,0.000000000000e+00
35.410000,-0.453697708,0.013996225,0.214973349,-0.013231688,0.164920153,3.089671,1,Solve_Succeeded,0.137450935,-0.000347074,0.000000000000e+00
35.420000,-0.451531752,0.013863786,0.216352259,-0.013242135,0.164920153,3.089671,1,Solve_Succeeded,0.137450935,-0.000347074,0.000000000000e+00
35.430000,-0.449352031,0.013730921,0.217729087,-0.013279822,0.161739483,2.829226,1,Solve_Succeeded,0.134793612,-0.000211774,0.000000000000e+00
35.440000,-0.447158831,0.013598015,0.219081440,-0.013288934,0.161739483,2.829226,1,Solve_Succeeded,0.134793612,-0.000211774,0.000000000000e+00
35.450000,-0.444952131,0.013464697,0.220431702,-0.013325381,0.158548310,2.830884,1,Solve_Succeeded,0.132127570,-0.000077172,0.000000000000e+00
35.460000,-0.442732217,0.013331352,0.221757409,-0.013333163,0.158548310,2.830884,1,Solve_Succeeded,0.132127570,-0.000077172,0.000000000000e+00
35.470000,-0.440499071,0.013197606,0.223081018,-0.013368371,0.155347246,2.668495,1,Solve_Succeeded,0.129453321,0.000056713,8.673617379884e-19
35.480000,-0.438252979,0.013063846,0.224379996,-0.013374829,0.155347246,2.668495,1,Solve_Succeeded,0.129453321,0.000056713,8.673617379884e-19
35.490000,-0.435993922,0.012929699,0.225676869,-0.013408799,0.152136902,2.778932,1,Solve_Succeeded,0.126771376,0.000189862,8.673617379884e-19
35.500000,-0.433722186,0.012795550,0.226949040,-0.013413939,0.152136902,2.778932,1,Solve_Succeeded,0.126771376,0.000189862,8.673617379884e-19
35.510000,-0.431437754,0.012661026,0.228219101,-0.013446672,0.148917887,2.753872,1,Solve_Succeeded,0.124082242,0.000322256,0.000000000000e+00
35.520000,-0.429140912,0.012526514,0.229464392,-0.013450502,0.148917887,2.753872,1,Solve_Succeeded,0.124082242,0.000322256,0.000000000000e+00
35.530000,-0.426831643,0.012391638,0.230707568,-0.013481999,0.145690807,2.670028,1,Solve_Succeeded,0.121386426,0.000453878,0.000000000000e+00
35.540000,-0.424510234,0.012256789,0.231925911,-0.013484524,0.145690807,2.670028,1,Solve_Succeeded,0.121386426,0.000453878,0.000000000000e+00
35.550000,-0.422176666,0.012121587,0.233142134,-0.013514788,0.142456268,2.779942,1,Solve_Succeeded,0.118684434,0.000584709,0.000000000000e+00
35.560000,-0.419831229,0.011986425,0.234333468,-0.013516016,0.142456268,2.779942,1,Solve_Succeeded,0.118684434,0.000584709,0.000000000000e+00
35.570000,-0.417473904,0.011850923,0.235522677,-0.013545047,0.139214873,2.842204,1,Solve_Succeeded,0.115976769,0.000714732,0.000000000000e+00
35.580000,-0.415104980,0.011715473,0.236686943,-0.013544985,0.139214873,2.842204,1,Solve_Succeeded,0.115976769,0.000714732,0.000000000000e+00
35.590000,-0.412724438,0.011579697,0.237849080,-0.013572786,0.135967222,3.342088,1,Solve_Succeeded,0.113263931,0.000843929,0.000000000000e+00
35.600000,-0.410332569,0.011443984,0.238986227,-0.013571441,0.135967222,3.342088,1,Solve_Succeeded,0.113263931,0.000843929,0.000000000000e+00
35.610000,-0.407929354,0.011307957,0.240121239,-0.013598013,0.132713913,2.711063,1,Solve_Succeeded,0.110546421,0.000972283,0.000000000000e+00
35.620000,-0.405515083,0.011172008,0.241231219,-0.013595393,0.132713913,2.711063,1,Solve_Succeeded,0.110546421,0.000972283,0.000000000000e+00
35.630000,-0.403089737,0.011035756,0.242339060,-0.013620740,0.129455542,2.705961,1,Solve_Succeeded,0.107824735,0.001099777,8.673617379884e-19
35.640000,-0.400653608,0.010899594,0.243421829,-0.013616852,0.129455542,2.705961,1,Solve_Succeeded,0.107824735,0.001099777,8.673617379884e-19
35.650000,-0.398206677,0.010763142,0.244502458,-0.013640975,0.126192703,2.720096,1,Solve_Succeeded,0.105099370,0.001226394,0.000000000000e+00
35.660000,-0.395749234,0.010626793,0.245557979,-0.013635828,0.126192703,2.720096,1,Solve_Succeeded,0.105099370,0.001226394,0.000000000000e+00
35.670000,-0.393281262,0.010490165,0.246611357,-0.013658731,0.122925985,2.751899,1,Solve_Succeeded,0.102370817,0.001352119,0.000000000000e+00
35.680000,-0.390803051,0.010353653,0.247639598,-0.013652331,0.122925985,2.751899,1,Solve_Succeeded,0.102370817,0.001352119,0.000000000000e+00
35.690000,-0.388314583,0.010216875,0.248665693,-0.013674016,0.119655978,2.802120,1,Solve_Succeeded,0.099639567,0.001476934,0.000000000000e+00
35.700000,-0.385816151,0.010080224,0.249666627,-0.013666373,0.119655978,2.802120,1,Solve_Succeeded,0.099639567,0.001476934,0.000000000000e+00
35.710000,-0.383307734,0.009943320,0.250665411,-0.013686844,0.116383265,2.652295,1,Solve_Succeeded,0.096906110,0.001600824,0.000000000000e+00
35.720000,-0.380789626,0.009806556,0.251639014,-0.013677965,0.116383265,2.652295,1,Solve_Succeeded,0.096906110,0.001600824,0.000000000000e+00
35.730000,-0.378261807,0.009669550,0.252610466,-0.013697224,0.113108430,2.627198,1,Solve_Succeeded,0.094170931,0.001723773,8.673617379884e-19
35.740000,-0.375724570,0.009532696,0.253556719,-0.013687119,0.113108430,2.627198,1,Solve_Succeeded,0.094170931,0.001723773,8.673617379884e-19
35.750000,-0.373177896,0.009395613,0.254500821,-0.013705170,0.109832052,2.949832,1,Solve_Succeeded,0.091434514,0.001845766,0.000000000000e+00
35.760000,-0.370622077,0.009258694,0.255419713,-0.013693847,0.109832052,2.949832,1,Solve_Succeeded,0.091434514,0.001845766,0.000000000000e+00
35.770000,-0.368057095,0.009121558,0.256336451,-0.013710694,0.106554707,3.230479,1,Solve_Succeeded,0.088697340,0.001966787,0.000000000000e+00
35.780000,-0.365483242,0.008984598,0.257227972,-0.013698162,0.106554707,3.230479,1,Solve_Succeeded,0.088697340,0.001966787,0.000000000000e+00
35.790000,-0.362900499,0.008847432,0.258117340,-0.013713808,0.103276969,2.759787,1,Solve_Succeeded,0.085959887,0.002086822,0.000000000000e+00
35.800000,-0.360309159,0.008710456,0.258981487,-0.013700075,0.103276969,2.759787,1,Solve_Succeeded,0.085959887,0.002086822,0.000000000000e+00
35.810000,-0.357709203,0.008573285,0.259843480,-0.013714525,0.099999408,2.716315,1,Solve_Succeeded,0.083222632,0.002205856,8.673617379884e-19
35.820000,-0.355100924,0.008436315,0.260680254,-0.013699601,0.099999408,2.716315,1,Solve_Succeeded,0.083222632,0.002205856,8.673617379884e-19
35.830000,-0.352484302,0.008299163,0.261514875,-0.013712859,0.096722591,2.676974,1,Solve_Succeeded,0.080486048,0.002323875,0.000000000000e+00
35.840000,-0.349859631,0.008162224,0.262324283,-0.013696753,0.096722591,2.676974,1,Solve_Succeeded,0.080486048,0.002323875,0.000000000000e+00
35.850000,-0.347226891,0.008025115,0.263131537,-0.013708823,0.093447082,3.203294,1,Solve_Succeeded,0.077750604,0.002440865,-8.673617379884e-19
35.860000,-0.344586375,0.007888230,0.263913588,-0.013691544,0.093447082,3.203294,1,Solve_Succeeded,0.077750604,0.002440865,-8.673617379884e-19
35.870000,-0.341938064,0.007751186,0.264693487,-0.013702431,0.090173440,2.955573,1,Solve_Succeeded,0.075016769,0.002556811,0.000000000000e+00
35.880000,-0.339282250,0.007614379,0.265448197,-0.013683990,0.090173440,2.955573,1,Solve_Succeeded,0.075016769,0.002556811,0.000000000000e+00
35.890000,-0.336618914,0.007477425,0.266200757,-0.013693698,0.086902223,2.812579,1,Solve_Succeeded,0.072285008,0.002671700,8.673617379884e-19
35.900000,-0.333948349,0.007340718,0.266928146,-0.013674103,0.086902223,2.812579,1,Solve_Succeeded,0.072285008,0.002671700,8.673617379884e-19
35.910000,-0.331270536,0.007203877,0.267653386,-0.013682638,0.083633984,2.792478,1,Solve_Succeeded,0.069555782,0.002785518,0.000000000000e+00
35.920000,-0.328585765,0.007067295,0.268353479,-0.013661899,0.083633984,2.792478,1,Solve_Succeeded,0.069555782,0.002785518,0.000000000000e+00
35.930000,-0.325894019,0.006930589,0.269051425,-0.013669265,0.080369272,2.648787,1,Solve_Succeeded,0.066829549,0.002898253,-8.673617379884e-19
35.940000,-0.323195590,0.006794154,0.269724250,-0.013647393,0.080369272,2.648787,1,Solve_Succeeded,0.066829549,0.002898253,-8.673617379884e-19
35.950000,-0.320490457,0.006657607,0.270394931,-0.013653596,0.077108633,2.916048,1,Solve_Succeeded,0.064106765,0.003009892,0.000000000000e+00
35.960000,-0.317778912,0.006521341,0.271040524,-0.013630601,0.077108633,2.916048,1,Solve_Succeeded,0.064106765,0.003009892,0.000000000000e+00
35.970000,-0.315060937,0.006384976,0.271683974,-0.013635645,0.073852611,2.764824,1,Solve_Succeeded,0.061387884,0.003120422,4.336808689942e-19
35.980000,-0.312336822,0.006248903,0.272302371,-0.013611537,0.073852611,2.764824,1,Solve_Succeeded,0.061387884,0.003120422,4.336808689942e-19
35.990000,-0.309606548,0.006112742,0.272918630,-0.013615429,0.070601742,2.641508,1,Solve_Succeeded,0.058673353,0.003229831,0.000000000000e+00
36.000000,-0.306870406,0.005976884,0.273509875,-0.013590218,0.070601742,2.641508,1,Solve_Succeeded,0.058673353,0.003229831,0.000000000000e+00
36.010000,-0.304128377,0.005840950,0.274098984,-0.013592964,0.067356562,3.224714,1,Solve_Succeeded,0.055963620,0.003338106,0.000000000000e+00
36.020000,-0.301380750,0.005705330,0.274663124,-0.013566660,0.067356562,3.224714,1,Solve_Succeeded,0.055963620,0.003338106,0.000000000000e+00
36.030000,-0.298627507,0.005569644,0.275225132,-0.013568265,0.064117601,2.758705,1,Solve_Succeeded,0.053259126,0.003445236,0.000000000000e+00
36.040000,-0.295868937,0.005434284,0.275762218,-0.013540880,0.064117601,2.758705,1,Solve_Succeeded,0.053259126,0.003445236,0.000000000000e+00
36.050000,-0.293105021,0.005298869,0.276297177,-0.013541350,0.060885386,2.692634,1,Solve_Succeeded,0.050560312,0.003551210,-4.336808689942e-19
36.060000,-0.290336048,0.005163791,0.276807266,-0.013512893,0.060885386,2.692634,1,Solve_Succeeded,0.050560312,0.003551210,-4.336808689942e-19
36.070000,-0.287561999,0.005028669,0.277315232,-0.013512235,0.057660439,2.860205,1,Solve_Succeeded,0.047867613,0.003656015,-8.673617379884e-19
36.080000,-0.284783163,0.004893894,0.277798385,-0.013482719,0.057660439,2.860205,1,Solve_Succeeded,0.047867613,0.003656015,-8.673617379884e-19
36.090000,-0.281999520,0.004759088,0.278279418,-0.013480939,0.054443278,2.864547,1,Solve_Succeeded,0.045181462,0.003759641,4.336808689942e-19
36.100000,-0.279211358,0.004624638,0.278735699,-0.013450373,0.054443278,2.864547,1,Solve_Succeeded,0.045181462,0.003759641,4.336808689942e-19
36.110000,-0.276418657,0.004490169,0.279189865,-0.013447477,0.051234418,2.852394,1,Solve_Succeeded,0.042502287,0.003862076,4.336808689942e-19
36.120000,-0.273621706,0.004356066,0.279619343,-0.013415873,0.051234418,2.852394,1,Solve_Succeeded,0.042502287,0.003862076,4.336808689942e-19
36.130000,-0.270820485,0.004221954,0.280046712,-0.013411868,0.048034369,2.965724,1,Solve_Succeeded,0.039830515,0.003963311,4.336808689942e-19
36.140000,-0.268015280,0.004088219,0.280449459,-0.013379238,0.048034369,2.965724,1,Solve_Succeeded,0.039830515,0.003963311,4.336808689942e-19
36.150000,-0.265206071,0.003954487,0.280850105,-0.013374131,0.044843635,2.744270,1,Solve_Succeeded,0.037166566,0.004063335,0.000000000000e+00
36.160000,-0.262393146,0.003821141,0.281226200,-0.013340484,0.044843635,2.744270,1,Solve_Succeeded,0.037166566,0.004063335,0.000000000000e+00
36.170000,-0.259576484,0.003687810,0.281600200,-0.013334282,0.041662719,2.962888,1,Solve_Succeeded,0.034510860,0.004162138,0.000000000000e+00
36.180000,-0.256756370,0.003554874,0.281949725,-0.013299632,0.041662719,2.962888,1,Solve_Succeeded,0.034510860,0.004162138,0.000000000000e+00
36.190000,-0.253932785,0.003421964,0.282297160,-0.013292342,0.038492116,2.818980,1,Solve_Succeeded,0.031863809,0.004259710,0.000000000000e+00
36.200000,-0.251106013,0.003289460,0.282620200,-0.013256699,0.038492116,2.818980,1,Solve_Succeeded,0.031863809,0.004259710,0.000000000000e+00
36.210000,-0.248276035,0.003156991,0.282941158,-0.013248328,0.035332319,2.709979,1,Solve_Succeeded,0.029225826,0.004356042,2.168404344971e-19
36.220000,-0.245443133,0.003024939,0.283237804,-0.013211704,0.035332319,2.709979,1,Solve_Succeeded,0.029225826,0.004356042,2.168404344971e-19
36.230000,-0.242607290,0.002892933,0.283532374,-0.013202259,0.032183816,2.648056,1,Solve_Succeeded,0.026597316,0.004451123,0.000000000000e+00
36.240000,-0.239768786,0.002761353,0.283802720,-0.013164666,0.032183816,2.648056,1,Solve_Succeeded,0.026597316,0.004451123,0.000000000000e+00
36.250000,-0.236927602,0.002629830,0.284070997,-0.013154156,0.029047089,2.852495,1,Solve_Succeeded,0.023978683,0.004544946,0.000000000000e+00
36.260000,-0.234084020,0.002498742,0.284315140,-0.013115605,0.029047089,2.852495,1,Solve_Succeeded,0.023978683,0.004544946,0.000000000000e+00
36.270000,-0.231238020,0.002367722,0.284557223,-0.013104037,0.025922616,2.899342,1,Solve_Succeeded,0.021370326,0.004637501,0.000000000000e+00
36.280000,-0.228389883,0.002237146,0.284775266,-0.013064541,0.025922616,2.899342,1,Solve_Succeeded,0.021370326,0.004637501,0.000000000000e+00
36.290000,-0.225539589,0.002106649,0.284991256,-0.013051921,0.022810872,2.594401,1,Solve_Succeeded,0.018772640,0.004728779,2.168404344971e-19
36.300000,-0.222687417,0.001976605,0.285183305,-0.013011492,0.022810872,2.594401,1,Solve_Succeeded,0.018772640,0.004728779,2.168404344971e-19
36.310000,-0.219833349,0.001846651,0.285373310,-0.012997830,0.019712325,2.803457,1,Solve_Succeeded,0.016186015,0.004818773,0.000000000000e+00
36.320000,-0.216977661,0.001717159,0.285539474,-0.012956480,0.019712325,2.803457,1,Solve_Succeeded,0.016186015,0.004818773,0.000000000000e+00
36.330000,-0.214120335,0.001587767,0.285703604,-0.012941784,0.016627439,3.718338,1,Solve_Succeeded,0.013610839,0.004907474,0.000000000000e+00
36.340000,-0.211261648,0.001458847,0.285843998,-0.012899524,0.016627439,3.718338,1,Solve_Succeeded,0.013610839,0.004907474,0.000000000000e+00
36.350000,-0.208401580,0.001330037,0.285982366,-0.012883801,0.013556673,2.878046,1,Solve_Succeeded,0.011047495,0.004994875,0.000000000000e+00
36.360000,-0.205540406,0.001201706,0.286097107,-0.012840645,0.013556673,2.878046,1,Solve_Succeeded,0.011047495,0.004994875,0.000000000000e+00
36.370000,-0.202678109,0.001073497,0.286209832,-0.012823905,0.010500481,2.689946,1,Solve_Succeeded,0.008496361,0.005080967,0.000000000000e+00
36.380000,-0.199814961,0.000945776,0.286299042,-0.012779863,0.010500481,2.689946,1,Solve_Succeeded,0.008496361,0.005080967,0.000000000000e+00
36.390000,-0.196950945,0.000818186,0.286386245,-0.012762114,0.007459312,2.760428,1,Solve_Succeeded,0.005957813,0.005165744,0.000000000000e+00
36.400000,-0.194086332,0.000691093,0.286450050,-0.012717201,0.007459312,2.760428,1,Solve_Succeeded,0.005957813,0.005165744,0.000000000000e+00
36.410000,-0.191221104,0.000564142,0.286511857,-0.012698450,0.004433610,2.632406,1,Solve_Succeeded,0.003432220,0.005249198,5.421010862428e-20
36.420000,-0.188355532,0.000437696,0.286550385,-0.012652677,0.004433610,2.632406,1,Solve_Succeeded,0.003432220,0.005249198,5.421010862428e-20
36.430000,-0.185489598,0.000311401,0.286586925,-0.012632935,0.001423815,2.780167,1,Solve_Succeeded,0.000919949,0.005331322,2.710505431214e-20
36.440000,-0.182623572,0.000185620,0.286600308,-0.012586315,0.001423815,2.780167,1,Solve_Succeeded,0.000919949,0.005331322,2.710505431214e-20
36.450000,-0.179757434,0.000060001,0.286611715,-0.012565589,-0.001569640,2.753220,1,Solve_Succeeded,-0.001578638,0.005412111,2.710505431214e-20
36.460000,-0.176891454,-0.000065096,0.286600090,-0.012518135,-0.001569640,2.753220,1,Solve_Succeeded,-0.001578638,0.005412111,2.710505431214e-20
36.470000,-0.174025613,-0.000190022,0.286586499,-0.012496435,-0.004546326,2.796342,1,Solve_Succeeded,-0.004063184,0.005491557,-2.710505431214e-20
36.480000,-0.171160177,-0.000314419,0.286550006,-0.012448159,-0.004546326,2.796342,1,Solve_Succeeded,-0.004063184,0.005491557,-2.710505431214e-20
36.490000,-0.168295130,-0.000438634,0.286511558,-0.012425494,-0.007505819,3.807007,1,Solve_Succeeded,-0.006533335,0.005569654,5.421010862428e-20
36.500000,-0.165430734,-0.000562311,0.286450340,-0.012376410,-0.007505819,3.807007,1,Solve_Succeeded,-0.006533335,0.005569654,5.421010862428e-20
36.510000,-0.162566974,-0.000685797,0.286387178,-0.012352788,-0.010447702,2.874914,1,Solve_Succeeded,-0.008988743,0.005646397,0.000000000000e+00
36.520000,-0.159704112,-0.000808739,0.286301382,-0.012302908,-0.010447702,2.874914,1,Solve_Succeeded,-0.008988743,0.005646397,0.000000000000e+00
36.530000,-0.156842130,-0.000931479,0.286213654,-0.012278339,-0.013371561,2.681572,1,Solve_Succeeded,-0.011429064,0.005721780,0.000000000000e+00
36.540000,-0.153981290,-0.001053666,0.286103431,-0.012227677,-0.013371561,2.681572,1,Solve_Succeeded,-0.011429064,0.005721780,0.000000000000e+00
36.550000,-0.151121575,-0.001175643,0.285991287,-0.012202170,-0.016276989,2.833484,1,Solve_Succeeded,-0.013853956,0.005795797,-1.084202172486e-19
36.560000,-0.148263245,-0.001297059,0.285856789,-0.012150738,-0.016276989,2.833484,1,Solve_Succeeded,-0.013853956,0.005795797,-1.084202172486e-19
36.570000,-0.145406281,-0.001418256,0.285720383,-0.012124304,-0.019163584,2.940068,1,Solve_Succeeded,-0.016263085,0.005868444,0.000000000000e+00
36.580000,-0.142550944,-0.001538885,0.285561769,-0.012072115,-0.019163584,2.940068,1,Solve_Succeeded,-0.016263085,0.005868444,0.000000000000e+00
36.590000,-0.139697214,-0.001659284,0.285401259,-0.012044762,-0.022030948,2.931831,1,Solve_Succeeded,-0.018656121,0.005939716,0.000000000000e+00
36.600000,-0.136845350,-0.001779109,0.285218688,-0.011991829,-0.022030948,2.931831,1,Solve_Succeeded,-0.018656121,0.005939716,0.000000000000e+00
36.610000,-0.133995333,-0.001898695,0.285034234,-0.011963568,-0.024878691,2.652785,1,Solve_Succeeded,-0.021032736,0.006009607,0.000000000000e+00
36.620000,-0.131147418,-0.002017699,0.284827870,-0.011909905,-0.024878691,2.652785,1,Solve_Succeeded,-0.021032736,0.006009607,0.000000000000e+00
36.630000,-0.128301589,-0.002136455,0.284619636,-0.011880745,-0.027706426,2.670607,1,Solve_Succeeded,-0.023392609,0.006078114,0.000000000000e+00
36.640000,-0.125458099,-0.002254623,0.284389646,-0.011826365,-0.027706426,2.670607,1,Solve_Succeeded,-0.023392609,0.006078114,0.000000000000e+00
36.650000,-0.122616930,-0.002372533,0.284157800,-0.011796316,-0.030513774,2.858161,1,Solve_Succeeded,-0.025735422,0.006145232,0.000000000000e+00
36.660000,-0.119778334,-0.002489848,0.283904354,-0.011741232,-0.030513774,2.858161,1,Solve_Succeeded,-0.025735422,0.006145232,0.000000000000e+00
36.670000,-0.116942293,-0.002606896,0.283649065,-0.011710303,-0.033300359,3.621488,1,Solve_Succeeded,-0.028060864,0.006210958,2.168404344971e-19
36.680000,-0.114109058,-0.002723343,0.283372337,-0.011654529,-0.033300359,3.621488,1,Solve_Succeeded,-0.028060864,0.006210958,2.168404344971e-19
36.690000,-0.111278612,-0.002839515,0.283093779,-0.011622732,-0.036065813,2.812328,1,Solve_Succeeded,-0.030368626,0.006275287,-2.168404344971e-19
36.700000,-0.108451202,-0.002955078,0.282793944,-0.011566281,-0.036065813,2.812328,1,Solve_Succeeded,-0.030368626,0.006275287,-2.168404344971e-19
36.710000,-0.105626811,-0.003070356,0.282492294,-0.011533625,-0.038809771,2.631398,1,Solve_Succeeded,-0.032658406,0.006338217,2.168404344971e-19
36.720000,-0.102805686,-0.003185021,0.282169532,-0.011476510,-0.038809771,2.631398,1,Solve_Succeeded,-0.032658406,0.006338217,2.168404344971e-19
36.730000,-0.099987809,-0.003299392,0.281844969,-0.011443006,-0.041531877,2.662390,1,Solve_Succeeded,-0.034929904,0.006399743,0.000000000000e+00
36.740000,-0.097173424,-0.003413142,0.281499463,-0.011385240,-0.041531877,2.662390,1,Solve_Succeeded,-0.034929904,0.006399743,0.000000000000e+00
36.750000,-0.094362515,-0.003526590,0.281152169,-0.011350899,-0.044231777,2.894136,1,Solve_Succeeded,-0.037182828,0.006459864,0.000000000000e+00
36.760000,-0.091555323,-0.003639412,0.280784104,-0.011292496,-0.044231777,2.894136,1,Solve_Succeeded,-0.037182828,0.006459864,0.000000000000e+00
36.770000,-0.088751833,-0.003751924,0.280414265,-0.011257327,-0.046909126,2.921996,1,Solve_Succeeded,-0.039416888,0.006518576,0.000000000000e+00
36.780000,-0.085952284,-0.003863802,0.280023828,-0.011198302,-0.046909126,2.921996,1,Solve_Succeeded,-0.039416888,0.006518576,0.000000000000e+00
36.790000,-0.083156660,-0.003975362,0.279631633,-0.011162316,-0.049563582,2.678995,1,Solve_Succeeded,-0.041631801,0.006575877,0.000000000000e+00
36.800000,-0.080365198,-0.004086284,0.279219017,-0.011102681,-0.049563582,2.678995,1,Solve_Succeeded,-0.041631801,0.006575877,0.000000000000e+00
36.810000,-0.077577883,-0.004196878,0.278804656,-0.011065888,-0.052194812,2.825860,1,Solve_Succeeded,-0.043827287,0.006631765,-4.336808689942e-19
36.820000,-0.074794949,-0.004306828,0.278370053,-0.011005657,-0.052194812,2.825860,1,Solve_Succeeded,-0.043827287,0.006631765,-4.336808689942e-19
36.830000,-0.072016382,-0.004416442,0.277933722,-0.010968069,-0.054802485,2.837111,1,Solve_Succeeded,-0.046003072,0.006686238,0.000000000000e+00
36.840000,-0.069242414,-0.004525407,0.277477329,-0.010907256,-0.054802485,2.837111,1,Solve_Succeeded,-0.046003072,0.006686238,0.000000000000e+00
36.850000,-0.066473030,-0.004634029,0.277019223,-0.010868883,-0.057386278,3.231930,1,Solve_Succeeded,-0.048158887,0.006739293,4.336808689942e-19
36.860000,-0.063708461,-0.004741995,0.276541239,-0.010807501,-0.057386278,3.231930,1,Solve_Succeeded,-0.048158887,0.006739293,4.336808689942e-19
36.870000,-0.060948692,-0.004849610,0.276061559,-0.010768355,-0.059945875,2.833265,1,Solve_Succeeded,-0.050294466,0.006790930,0.000000000000e+00
36.880000,-0.058193951,-0.004956565,0.275562186,-0.010706418,-0.059945875,2.833265,1,Solve_Succeeded,-0.050294466,0.006790930,0.000000000000e+00
36.890000,-0.055444224,-0.005063159,0.275061133,-0.010666508,-0.062480963,2.718889,1,Solve_Succeeded,-0.052409551,0.006841147,0.000000000000e+00
36.900000,-0.052699737,-0.005169089,0.274540576,-0.010604030,-0.062480963,2.718889,1,Solve_Succeeded,-0.052409551,0.006841147,0.000000000000e+00
36.910000,-0.049960475,-0.005274651,0.274018355,-0.010563369,-0.064991237,3.323916,1,Solve_Succeeded,-0.054503886,0.006889943,0.000000000000e+00
36.920000,-0.047226663,-0.005379544,0.273476821,-0.010500363,-0.064991237,3.323916,1,Solve_Succeeded,-0.054503886,0.006889943,0.000000000000e+00
36.930000,-0.044498285,-0.005484060,0.272933639,-0.010458961,-0.067476397,3.052836,1,Solve_Succeeded,-0.056577222,0.006937318,0.000000000000e+00
36.940000,-0.041775564,-0.005587902,0.272371338,-0.010395441,-0.067476397,3.052836,1,Solve_Succeeded,-0.056577222,0.006937318,0.000000000000e+00
36.950000,-0.039058485,-0.005691361,0.271807405,-0.010353310,-0.069936150,2.646774,1,Solve_Succeeded,-0.058629313,0.006983270,4.336808689942e-19
36.960000,-0.036347268,-0.005794141,0.271224549,-0.010289290,-0.069936150,2.646774,1,Solve_Succeeded,-0.058629313,0.006983270,4.336808689942e-19
36.970000,-0.033641899,-0.005896530,0.270640077,-0.010246440,-0.072370208,2.771453,1,Solve_Succeeded,-0.060659921,0.007027799,0.000000000000e+00
36.980000,-0.030942594,-0.005998235,0.270036880,-0.010181934,-0.072370208,2.771453,1,Solve_Succeeded,-0.060659921,0.007027799,0.000000000000e+00
36.990000,-0.028249341,-0.006099542,0.269432084,-0.010138377,-0.074778288,2.579240,1,Solve_Succeeded,-0.062668810,0.007070906,0.000000000000e+00
37.000000,-0.025562353,-0.006200162,0.268808762,-0.010073398,-0.074778288,2.579240,1,Solve_Succeeded,-0.062668810,0.007070906,0.000000000000e+00
37.010000,-0.022881617,-0.006300375,0.268183859,-0.010029146,-0.077160116,2.874530,1,Solve_Succeeded,-0.064655750,0.007112590,-8.673617379884e-19
37.020000,-0.020207346,-0.006399897,0.267540632,-0.009963709,-0.077160116,2.874530,1,Solve_Succeeded,-0.064655750,0.007112590,-8.673617379884e-19
37.030000,-0.017539525,-0.006499005,0.266895841,-0.009918772,-0.079515420,2.707352,1,Solve_Succeeded,-0.066620517,0.007152851,0.000000000000e+00
37.040000,-0.014878366,-0.006597418,0.266232931,-0.009852890,-0.079515420,2.707352,1,Solve_Succeeded,-0.066620517,0.007152851,0.000000000000e+00
37.050000,-0.012223854,-0.006695410,0.265568474,-0.009807280,-0.081843939,2.662706,1,Solve_Succeeded,-0.068562891,0.007191691,0.000000000000e+00
37.060000,-0.009576197,-0.006792703,0.264886104,-0.009740967,-0.081843939,2.662706,1,Solve_Succeeded,-0.068562891,0.007191691,0.000000000000e+00
37.070000,-0.006935382,-0.006889568,0.264202204,-0.009694696,-0.084145413,2.704500,1,Solve_Succeeded,-0.070482657,0.007229110,0.000000000000e+00
37.080000,-0.004301614,-0.006985730,0.263500599,-0.009627965,-0.084145413,2.704500,1,Solve_Succeeded,-0.070482657,0.007229110,0.000000000000e+00
37.090000,-0.001674880,-0.007081457,0.262797483,-0.009581045,-0.086419591,3.056433,1,Solve_Succeeded,-0.072379605,0.007265109,8.673617379884e-19
37.100000,0.000944617,-0.007176478,0.262076872,-0.009513911,-0.086419591,3.056433,1,Solve_Succeeded,-0.072379605,0.007265109,8.673617379884e-19
37.110000,0.003556890,-0.007271058,0.261354767,-0.009466352,-0.088666228,3.132156,1,Solve_Succeeded,-0.074253531,0.007299690,0.000000000000e+00
37.120000,0.006161739,-0.007364927,0.260615379,-0.009398829,-0.088666228,3.132156,1,Solve_Succeeded,-0.074253531,0.007299690,0.000000000000e+00
37.130000,0.008759177,-0.007458348,0.259874515,-0.009350644,-0.090885084,2.772752,1,Solve_Succeeded,-0.076104235,0.007332853,0.000000000000e+00
37.140000,0.011349006,-0.007551056,0.259116583,-0.009282744,-0.090885084,2.772752,1,Solve_Succeeded,-0.076104235,0.007332853,0.000000000000e+00
37.150000,0.013931237,-0.007643309,0.258357193,-0.009233945,-0.093075926,2.780456,1,Solve_Succeeded,-0.077931523,0.007364601,-8.673617379884e-19
37.160000,0.016505677,-0.007734846,0.257580949,-0.009165683,-0.093075926,2.780456,1,Solve_Succeeded,-0.077931523,0.007364601,-8.673617379884e-19
37.170000,0.019072337,-0.007825921,0.256803266,-0.009116281,-0.095238526,2.727181,1,Solve_Succeeded,-0.079735206,0.007394936,0.000000000000e+00
37.180000,0.021631025,-0.007916277,0.256008948,-0.009047671,-0.095238526,2.727181,1,Solve_Succeeded,-0.079735206,0.007394936,0.000000000000e+00
37.190000,0.024181753,-0.008006165,0.255213208,-0.008997678,-0.097372663,2.711745,1,Solve_Succeeded,-0.081515099,0.007423859,8.673617379884e-19
37.200000,0.026724330,-0.008095331,0.254401052,-0.008928733,-0.097372663,2.711745,1,Solve_Succeeded,-0.081515099,0.007423859,8.673617379884e-19
37.210000,0.029258769,-0.008184023,0.253587494,-0.008878161,-0.099478122,2.773628,1,Solve_Succeeded,-0.083271023,0.007451374,0.000000000000e+00
37.220000,0.031784883,-0.008271990,0.252757739,-0.008808896,-0.099478122,2.773628,1,Solve_Succeeded,-0.083271023,0.007451374,0.000000000000e+00
37.230000,0.034302682,-0.008359477,0.251926602,-0.008757756,-0.101554694,2.662883,1,Solve_Succeeded,-0.085002805,0.007477482,8.673617379884e-19
37.240000,0.036811982,-0.008446237,0.251079490,-0.008688184,-0.101554694,2.662883,1,Solve_Succeeded,-0.085002805,0.007477482,8.673617379884e-19
37.250000,0.039312795,-0.008532510,0.250231015,-0.008636489,-0.103602177,3.288354,1,Solve_Succeeded,-0.086710275,0.007502187,-8.673617379884e-19
37.260000,0.041804937,-0.008618053,0.249366789,-0.008566624,-0.103602177,3.288354,1,Solve_Succeeded,-0.086710275,0.007502187,-8.673617379884e-19
37.270000,0.044288422,-0.008703105,0.248501218,-0.008514385,-0.105620373,2.847149,1,Solve_Succeeded,-0.088393269,0.007525492,0.000000000000e+00
37.280000,0.046763069,-0.008787423,0.247620123,-0.008444240,-0.105620373,2.847149,1,Solve_Succeeded,-0.088393269,0.007525492,0.000000000000e+00
37.290000,0.049228888,-0.008871245,0.246737702,-0.008391471,-0.107609092,2.817398,1,Solve_Succeeded,-0.090051630,0.007547399,-8.673617379884e-19
37.300000,0.051685704,-0.008954331,0.245839983,-0.008321060,-0.107609092,2.817398,1,Solve_Succeeded,-0.090051630,0.007547399,-8.673617379884e-19
37.310000,0.054133527,-0.009036915,0.244940957,-0.008267771,-0.109568150,2.684927,1,Solve_Succeeded,-0.091685203,0.007567914,0.000000000000e+00
37.320000,0.056572183,-0.009118761,0.244026862,-0.008197108,-0.109568150,2.684927,1,Solve_Succeeded,-0.091685203,0.007567914,0.000000000000e+00
37.330000,0.059001682,-0.009200100,0.243111480,-0.008143312,-0.111497368,3.229683,1,Solve_Succeeded,-0.093293840,0.007587038,8.673617379884e-19
37.340000,0.061421853,-0.009280699,0.242181258,-0.008072410,-0.111497368,3.229683,1,Solve_Succeeded,-0.093293840,0.007587038,8.673617379884e-19
37.350000,0.063832707,-0.009360784,0.241249769,-0.008018118,-0.113396574,2.839720,1,Solve_Succeeded,-0.094877397,0.007604777,0.000000000000e+00
37.360000,0.066234074,-0.009440128,0.240303671,-0.007946992,-0.113396574,2.839720,1,Solve_Succeeded,-0.094877397,0.007604777,0.000000000000e+00
37.370000,0.068625965,-0.009518954,0.239356325,-0.007892217,-0.115265602,2.792560,1,Solve_Succeeded,-0.096435737,0.007621135,8.673617379884e-19
37.380000,0.071008214,-0.009597037,0.238394602,-0.007820879,-0.115265602,2.792560,1,Solve_Succeeded,-0.096435737,0.007621135,8.673617379884e-19
37.390000,0.073380831,-0.009674596,0.237431652,-0.007765634,-0.117104292,2.745585,1,Solve_Succeeded,-0.097968727,0.007636115,-8.673617379884e-19
37.400000,0.075743653,-0.009751410,0.236454558,-0.007694097,-0.117104292,2.745585,1,Solve_Succeeded,-0.097968727,0.007636115,-8.673617379884e-19
37.410000,0.078096689,-0.009827696,0.235476256,-0.007638393,-0.118912490,2.934113,1,Solve_Succeeded,-0.099476238,0.007649722,0.000000000000e+00
37.420000,0.080439778,-0.009903236,0.234484046,-0.007566672,-0.118912490,2.934113,1,Solve_Succeeded,-0.099476238,0.007649722,0.000000000000e+00
37.430000,0.082772932,-0.009978242,0.233490648,-0.007510522,-0.120690049,3.158584,1,Solve_Succeeded,-0.100958148,0.007661962,8.673617379884e-19
37.440000,0.085095990,-0.010052502,0.232483577,-0.007438630,-0.120690049,3.158584,1,Solve_Succeeded,-0.100958148,0.007661962,8.673617379884e-19
37.450000,0.087408965,-0.010126222,0.231475338,-0.007382045,-0.122436827,2.991578,1,Solve_Succeeded,-0.102414339,0.007672839,8.673617379884e-19
37.460000,0.089711698,-0.010199195,0.230453664,-0.007309995,-0.122436827,2.991578,1,Solve_Succeeded,-0.102414339,0.007672839,8.673617379884e-19
37.470000,0.092004202,-0.010271624,0.229430842,-0.007252988,-0.124152689,3.322799,1,Solve_Succeeded,-0.103844699,0.007682358,0.000000000000e+00
37.480000,0.094286322,-0.010343305,0.228394821,-0.007180794,-0.124152689,3.322799,1,Solve_Succeeded,-0.103844699,0.007682358,0.000000000000e+00
37.490000,0.096558068,-0.010414437,0.227357674,-0.007123377,-0.125837505,2.747083,1,Solve_Succeeded,-0.105249120,0.007690526,-8.673617379884e-19
37.500000,0.098819291,-0.010484820,0.226307567,-0.007051052,-0.125837505,2.747083,1,Solve_Succeeded,-0.105249120,0.007690526,-8.673617379884e-19
37.510000,0.101069999,-0.010554651,0.225256354,-0.006993237,-0.127491152,2.746311,1,Solve_Succeeded,-0.106627499,0.007697347,0.000000000000e+00
37.520000,0.103310046,-0.010623731,0.224192421,-0.006920795,-0.127491152,2.746311,1,Solve_Succeeded,-0.106627499,0.007697347,0.000000000000e+00
37.530000,0.105539440,-0.010692254,0.223127402,-0.006862594,-0.129113513,2.680609,1,Solve_Succeeded,-0.107979739,0.007702827,8.673617379884e-19
37.540000,0.107758038,-0.010760026,0.222049904,-0.006790048,-0.129113513,2.680609,1,Solve_Succeeded,-0.107979739,0.007702827,8.673617379884e-19
37.550000,0.109965848,-0.010827238,0.220971341,-0.006731474,-0.130704477,2.863135,1,Solve_Succeeded,-0.109305748,0.007706972,-8.673617379884e-19
37.560000,0.112162728,-0.010893698,0.219880541,-0.006658836,-0.130704477,2.863135,1,Solve_Succeeded,-0.109305748,0.007706972,-8.673617379884e-19
37.570000,0.114348689,-0.010959593,0.218788695,-0.006599900,-0.132263939,3.478811,1,Solve_Succeeded,-0.110605439,0.007709790,8.673617379884e-19
37.580000,0.116523589,-0.011024736,0.217684855,-0.006527184,-0.132263939,3.478811,1,Solve_Succeeded,-0.110605439,0.007709790,8.673617379884e-19
37.590000,0.118687439,-0.011089311,0.216579991,-0.006467900,-0.133791799,2.908715,1,Solve_Succeeded,-0.111878730,0.007711285,8.673617379884e-19
37.600000,0.120840103,-0.011153134,0.215463375,-0.006395119,-0.133791799,2.908715,1,Solve_Succeeded,-0.111878730,0.007711285,8.673617379884e-19
37.610000,0.122981588,-0.011216383,0.214345756,-0.006335498,-0.135287966,2.991599,1,Solve_Succeeded,-0.113125543,0.007711465,0.000000000000e+00
37.620000,0.125111762,-0.011278881,0.213216628,-0.006262665,-0.135287966,2.991599,1,Solve_Succeeded,-0.113125543,0.007711465,0.000000000000e+00
37.630000,0.127230633,-0.011340803,0.212086519,-0.006202719,-0.136752351,2.763083,1,Solve_Succeeded,-0.114345806,0.007710337,-8.673617379884e-19
37.640000,0.129338070,-0.011401973,0.210945146,-0.006129847,-0.136752351,2.763083,1,Solve_Succeeded,-0.114345806,0.007710337,-8.673617379884e-19
37.650000,0.131434082,-0.011462562,0.209802811,-0.006069589,-0.138184874,2.613078,1,Solve_Succeeded,-0.115539453,0.007707908,0.000000000000e+00
37.660000,0.133518541,-0.011522401,0.208649458,-0.005996691,-0.138184874,2.613078,1,Solve_Succeeded,-0.115539453,0.007707908,0.000000000000e+00
37.670000,0.135591456,-0.011581655,0.207495165,-0.005936133,-0.139585460,2.779975,1,Solve_Succeeded,-0.116706421,0.007704184,0.000000000000e+00
37.680000,0.137652701,-0.011640159,0.206330099,-0.005863221,-0.139585460,2.779975,1,Solve_Succeeded,-0.116706421,0.007704184,0.000000000000e+00
37.690000,0.139702284,-0.011698075,0.205164114,-0.005802375,-0.140954041,2.798793,1,Solve_Succeeded,-0.117846653,0.007699174,8.673617379884e-19
37.700000,0.141740084,-0.011755241,0.203987602,-0.005729463,-0.140954041,2.798793,1,Solve_Succeeded,-0.117846653,0.007699174,8.673617379884e-19
37.710000,0.143766108,-0.011811816,0.202810192,-0.005668341,-0.142290552,2.664011,1,Solve_Succeeded,-0.118960097,0.007692885,0.000000000000e+00
37.720000,0.145780238,-0.011867642,0.201622503,-0.005595441,-0.142290552,2.664011,1,Solve_Succeeded,-0.118960097,0.007692885,0.000000000000e+00
37.730000,0.147782479,-0.011922874,0.200433935,-0.005534056,-0.143594938,3.567807,1,Solve_Succeeded,-0.120046705,0.007685324,-8.673617379884e-19
37.740000,0.149772718,-0.011977358,0.199235336,-0.005461180,-0.143594938,3.567807,1,Solve_Succeeded,-0.120046705,0.007685324,-8.673617379884e-19
37.750000,0.151750960,-0.012031244,0.198035880,-0.005399544,-0.144867146,2.924054,1,Solve_Succeeded,-0.121106437,0.007676501,0.000000000000e+00
37.760000,0.153717092,-0.012084383,0.196826640,-0.005326705,-0.144867146,2.924054,1,Solve_Succeeded,-0.121106437,0.007676501,0.000000000000e+00
37.770000,0.155671122,-0.012136922,0.195616565,-0.005264829,-0.146107132,2.725005,1,Solve_Succeeded,-0.122139253,0.007666422,8.673617379884e-19
37.780000,0.157612940,-0.012188714,0.194396953,-0.005192040,-0.146107132,2.725005,1,Solve_Succeeded,-0.122139253,0.007666422,8.673617379884e-19
37.790000,0.159542551,-0.012239904,0.193176526,-0.005129937,-0.147314856,2.636737,1,Solve_Succeeded,-0.123145122,0.007655096,0.000000000000e+00
37.800000,0.161459849,-0.012290347,0.191946812,-0.005057211,-0.147314856,2.636737,1,Solve_Succeeded,-0.123145122,0.007655096,0.000000000000e+00
37.810000,0.163364841,-0.012340186,0.190716304,-0.004994892,-0.148490284,2.830382,1,Solve_Succeeded,-0.124124017,0.007642533,0.000000000000e+00
37.820000,0.165257421,-0.012389281,0.189476757,-0.004922240,-0.148490284,2.830382,1,Solve_Succeeded,-0.124124017,0.007642533,0.000000000000e+00
37.830000,0.167137596,-0.012437767,0.188236437,-0.004859719,-0.149633390,3.333387,1,Solve_Succeeded,-0.125075914,0.007628740,-8.673617379884e-19
37.840000,0.169005265,-0.012485511,0.186987327,-0.004787153,-0.149633390,3.333387,1,Solve_Succeeded,-0.125075914,0.007628740,-8.673617379884e-19
37.850000,0.170860434,-0.012532645,0.185737466,-0.004724441,-0.150744150,2.756824,1,Solve_Succeeded,-0.126000795,0.007613726,0.000000000000e+00
37.860000,0.172703004,-0.012579037,0.184479063,-0.004651974,-0.150744150,2.756824,1,Solve_Succeeded,-0.126000795,0.007613726,0.000000000000e+00
37.870000,0.174532982,-0.012624816,0.183219931,-0.004589083,-0.151822548,2.919452,1,Solve_Succeeded,-0.126898648,0.007597501,0.000000000000e+00
37.880000,0.176350270,-0.012669856,0.181952505,-0.004516727,-0.151822548,2.919452,1,Solve_Succeeded,-0.126898648,0.007597501,0.000000000000e+00
37.890000,0.178154876,-0.012714281,0.180684372,-0.004453668,-0.152868575,2.627422,1,Solve_Succeeded,-0.127769465,0.007580074,-8.673617379884e-19
37.900000,0.179946706,-0.012757968,0.179408194,-0.004381436,-0.152868575,2.627422,1,Solve_Succeeded,-0.127769465,0.007580074,-8.673617379884e-19
37.910000,0.181725766,-0.012801039,0.178131330,-0.004318222,-0.153882226,2.718321,1,Solve_Succeeded,-0.128613242,0.007561453,8.673617379884e-19
37.920000,0.183491965,-0.012843373,0.176846670,-0.004246124,-0.153882226,2.718321,1,Solve_Succeeded,-0.128613242,0.007561453,8.673617379884e-19
37.930000,0.185245311,-0.012885089,0.175561345,-0.004182767,-0.154863500,2.710201,1,Solve_Succeeded,-0.129429979,0.007541650,-8.673617379884e-19
37.940000,0.186985714,-0.012926070,0.174268475,-0.004110816,-0.154863500,2.710201,1,Solve_Succeeded,-0.129429979,0.007541650,-8.673617379884e-19
37.950000,0.188713181,-0.012966431,0.172974960,-0.004047327,-0.155812406,2.675841,1,Solve_Succeeded,-0.130219684,0.007520673,-8.673617379884e-19
37.960000,0.190427627,-0.013006060,0.171674148,-0.003975535,-0.155812406,2.675841,1,Solve_Succeeded,-0.130219684,0.007520673,-8.673617379884e-19
37.970000,0.192129057,-0.013045067,0.170372714,-0.003911926,-0.156728955,2.677406,1,Solve_Succeeded,-0.130982367,0.007498532,0.000000000000e+00
37.980000,0.193817391,-0.013083344,0.169064231,-0.003840305,-0.156728955,2.677406,1,Solve_Succeeded,-0.130982367,0.007498532,0.000000000000e+00
37.990000,0.195492632,-0.013120997,0.167755147,-0.003776588,-0.157613164,3.305125,1,Solve_Succeeded,-0.131718043,0.007475238,8.673617379884e-19
38.000000,0.197154702,-0.013157922,0.166439264,-0.003705148,-0.157613164,3.305125,1,Solve_Succeeded,-0.131718043,0.007475238,8.673617379884e-19
38.010000,0.198803607,-0.013194223,0.165122800,-0.003641335,-0.158465058,2.803179,1,Solve_Succeeded,-0.132426732,0.007450800,8.673617379884e-19
38.020000,0.200439270,-0.013229798,0.163799786,-0.003570088,-0.158465058,2.803179,1,Solve_Succeeded,-0.132426732,0.007450800,8.673617379884e-19
38.030000,0.202061697,-0.013264747,0.162476213,-0.003506190,-0.159284665,2.649290,1,Solve_Succeeded,-0.133108458,0.007425229,0.000000000000e+00
38.040000,0.203670813,-0.013298974,0.161146338,-0.003435148,-0.159284665,2.649290,1,Solve_Succeeded,-0.133108458,0.007425229,0.000000000000e+00
38.050000,0.205266625,-0.013332572,0.159815925,-0.003371178,-0.160072020,2.628858,1,Solve_Succeeded,-0.133763252,0.007398536,-1.734723475977e-18
38.060000,0.206849061,-0.013365451,0.158479459,-0.003300352,-0.160072020,2.628858,1,Solve_Succeeded,-0.133763252,0.007398536,-1.734723475977e-18
38.070000,0.208418126,-0.013397701,0.157142475,-0.003236320,-0.160827162,2.794619,1,Solve_Succeeded,-0.134391146,0.007370730,-1.734723475977e-18
38.080000,0.209973753,-0.013429234,0.155799686,-0.003165721,-0.160827162,2.794619,1,Solve_Succeeded,-0.134391146,0.007370730,-1.734723475977e-18
38.090000,0.211515947,-0.013460137,0.154456401,-0.003101639,-0.161550137,2.866406,1,Solve_Succeeded,-0.134992179,0.007341824,1.734723475977e-18
38.100000,0.213044642,-0.013490326,0.153107557,-0.003031278,-0.161550137,2.866406,1,Solve_Succeeded,-0.134992179,0.007341824,1.734723475977e-18
38.110000,0.214559843,-0.013519884,0.151758239,-0.002967158,-0.162240995,2.927100,1,Solve_Succeeded,-0.135566393,0.007311828,0.000000000000e+00
38.120000,0.216061489,-0.013548731,0.150403610,-0.002897046,-0.162240995,2.927100,1,Solve_Succeeded,-0.135566393,0.007311828,0.000000000000e+00
38.130000,0.217549583,-0.013576947,0.149048527,-0.002832899,-0.162899792,2.719084,1,Solve_Succeeded,-0.136113836,0.007280752,1.734723475977e-18
38.140000,0.219024066,-0.013604454,0.147688380,-0.002763048,-0.162899792,2.719084,1,Solve_Succeeded,-0.136113836,0.007280752,1.734723475977e-18
38.150000,0.220484943,-0.013631329,0.146327801,-0.002698885,-0.163526590,2.840643,1,Solve_Succeeded,-0.136634560,0.007248609,0.000000000000e+00
38.160000,0.221932158,-0.013657500,0.144962403,-0.002629305,-0.163526590,2.840643,1,Solve_Succeeded,-0.136634560,0.007248609,0.000000000000e+00
38.170000,0.223365714,-0.013683038,0.143596594,-0.002565138,-0.164121455,3.624785,1,Solve_Succeeded,-0.137128620,0.007215409,1.734723475977e-18
38.180000,0.224785557,-0.013707874,0.142226212,-0.002495839,-0.164121455,3.624785,1,Solve_Succeeded,-0.137128620,0.007215409,1.734723475977e-18
38.190000,0.226191693,-0.013732078,0.140855440,-0.002431679,-0.164684459,2.726941,1,Solve_Succeeded,-0.137596077,0.007181165,0.000000000000e+00
38.200000,0.227584070,-0.013755582,0.139480340,-0.002362672,-0.164684459,2.726941,1,Solve_Succeeded,-0.137596077,0.007181165,0.000000000000e+00
38.210000,0.228962691,-0.013778455,0.138104871,-0.002298530,-0.165215678,2.643599,1,Solve_Succeeded,-0.138036996,0.007145887,0.000000000000e+00
38.220000,0.230327510,-0.013800632,0.136725320,-0.002229825,-0.165215678,2.643599,1,Solve_Succeeded,-0.138036996,0.007145887,0.000000000000e+00
38.230000,0.231678529,-0.013822176,0.135345419,-0.002165713,-0.165715196,2.654525,1,Solve_Succeeded,-0.138451445,0.007109587,0.000000000000e+00
38.240000,0.233015704,-0.013843028,0.133961680,-0.002097321,-0.165715196,2.654525,1,Solve_Succeeded,-0.138451445,0.007109587,0.000000000000e+00
38.250000,0.234339037,-0.013863248,0.132577612,-0.002033249,-0.166183098,2.752575,1,Solve_Succeeded,-0.138839498,0.007072278,1.734723475977e-18
38.260000,0.235648488,-0.013882779,0.131189949,-0.001965181,-0.166183098,2.752575,1,Solve_Succeeded,-0.138839498,0.007072278,1.734723475977e-18
38.270000,0.236944058,-0.013901678,0.129801980,-0.001901160,-0.166619478,2.774160,1,Solve_Succeeded,-0.139201233,0.007033971,0.000000000000e+00
38.280000,0.238225710,-0.013919893,0.128410657,-0.001833425,-0.166619478,2.774160,1,Solve_Succeeded,-0.139201233,0.007033971,0.000000000000e+00
38.290000,0.239493444,-0.013937474,0.127019047,-0.001769467,-0.167024433,2.669458,1,Solve_Succeeded,-0.139536730,0.006994679,0.000000000000e+00
38.300000,0.240747226,-0.013954376,0.125624327,-0.001702075,-0.167024433,2.669458,1,Solve_Succeeded,-0.139536730,0.006994679,0.000000000000e+00
38.310000,0.241987058,-0.013970645,0.124229340,-0.001638189,-0.167398065,2.723391,1,Solve_Succeeded,-0.139846076,0.006954414,1.734723475977e-18
38.320000,0.243212906,-0.013986239,0.122831484,-0.001571151,-0.167398065,2.723391,1,Solve_Succeeded,-0.139846076,0.006954414,1.734723475977e-18
38.330000,0.244424773,-0.014001199,0.121433382,-0.001507349,-0.167740481,2.688185,1,Solve_Succeeded,-0.140129361,0.006913187,0.000000000000e+00
38.340000,0.245622627,-0.014015489,0.120032650,-0.001440673,-0.167740481,2.688185,1,Solve_Succeeded,-0.140129361,0.006913187,0.000000000000e+00
38.350000,0.246806472,-0.014029146,0.118631693,-0.001376966,-0.168051793,3.657740,1,Solve_Succeeded,-0.140386679,0.006871012,0.000000000000e+00
38.360000,0.247976279,-0.014042135,0.117228346,-0.001310663,-0.168051793,3.657740,1,Solve_Succeeded,-0.140386679,0.006871012,0.000000000000e+00
38.370000,0.249132050,-0.014054494,0.115824795,-0.001247062,-0.168332118,2.685568,1,Solve_Succeeded,-0.140618128,0.006827901,1.734723475977e-18
38.380000,0.250273760,-0.014066189,0.114419091,-0.001181141,-0.168332118,2.685568,1,Solve_Succeeded,-0.140618128,0.006827901,1.734723475977e-18
38.390000,0.251401411,-0.014077253,0.113013203,-0.001117655,-0.168581579,2.702764,1,Solve_Succeeded,-0.140823809,0.006783867,0.000000000000e+00
38.400000,0.252514981,-0.014087659,0.111605401,-0.001052126,-0.168581579,2.702764,1,Solve_Succeeded,-0.140823809,0.006783867,0.000000000000e+00
38.410000,0.253614471,-0.014097435,0.110197435,-0.000988766,-0.168800300,2.617251,1,Solve_Succeeded,-0.141003830,0.006738923,-1.734723475977e-18
38.420000,0.254699861,-0.014106556,0.108787790,-0.000923638,-0.168800300,2.617251,1,Solve_Succeeded,-0.141003830,0.006738923,-1.734723475977e-18
38.430000,0.255771153,-0.014115049,0.107378002,-0.000860414,-0.168988414,3.130516,1,Solve_Succeeded,-0.141158300,0.006693080,0.000000000000e+00
38.440000,0.256828330,-0.014122892,0.105966771,-0.000795696,-0.168988414,3.130516,1,Solve_Succeeded,-0.141158300,0.006693080,0.000000000000e+00
38.450000,0.257871394,-0.014130106,0.104555417,-0.000732620,-0.169146056,2.891030,1,Solve_Succeeded,-0.141287332,0.006646354,-1.734723475977e-18
38.460000,0.258900330,-0.014136676,0.103142855,-0.000668321,-0.169146056,2.891030,1,Solve_Succeeded,-0.141287332,0.006646354,-1.734723475977e-18
38.470000,0.259915139,-0.014142619,0.101730189,-0.000605402,-0.169273367,2.612904,1,Solve_Succeeded,-0.141391044,0.006598755,-1.734723475977e-18
38.480000,0.260915810,-0.014147922,0.100316549,-0.000541531,-0.169273367,2.612904,1,Solve_Succeeded,-0.141391044,0.006598755,-1.734723475977e-18
38.490000,0.261902343,-0.014152599,0.098902825,-0.000478779,-0.169370491,2.724854,1,Solve_Succeeded,-0.141469558,0.006550299,0.000000000000e+00
38.500000,0.262874730,-0.014156640,0.097488358,-0.000415345,-0.169370491,2.724854,1,Solve_Succeeded,-0.141469558,0.006550299,0.000000000000e+00
38.510000,0.263832973,-0.014160058,0.096073827,-0.000352771,-0.169437578,3.686725,1,Solve_Succeeded,-0.141522999,0.006500997,-1.734723475977e-18
38.520000,0.264777063,-0.014162844,0.094658785,-0.000289783,-0.169437578,3.686725,1,Solve_Succeeded,-0.141522999,0.006500997,-1.734723475977e-18
38.530000,0.265707003,-0.014165008,0.093243699,-0.000227396,-0.169474783,3.060031,1,Solve_Succeeded,-0.141551496,0.006450863,-1.734723475977e-18
38.540000,0.266622789,-0.014166546,0.091828332,-0.000164862,-0.169474783,3.060031,1,Solve_Succeeded,-0.141551496,0.006450863,-1.734723475977e-18
38.550000,0.267524420,-0.014167463,0.090412940,-0.000102672,-0.169482262,3.102425,1,Solve_Succeeded,-0.141555181,0.006399911,-1.734723475977e-18
38.560000,0.268411897,-0.014167760,0.088997495,-0.000040600,-0.169482262,3.102425,1,Solve_Succeeded,-0.141555181,0.006399911,-1.734723475977e-18
38.570000,0.269285220,-0.014167437,0.087582046,0.000021382,-0.169460178,3.116370,1,Solve_Succeeded,-0.141534191,0.006348153,0.000000000000e+00
38.580000,0.270144390,-0.014166498,0.086166771,0.000082983,-0.169460178,3.116370,1,Solve_Succeeded,-0.141534191,0.006348153,0.000000000000e+00
38.590000,0.270989408,-0.014164942,0.084751511,0.000144749,-0.169408700,3.207415,1,Solve_Succeeded,-0.141488665,0.006295605,0.000000000000e+00
38.600000,0.271820277,-0.014162775,0.083336651,0.000205870,-0.169408700,3.207415,1,Solve_Succeeded,-0.141488665,0.006295605,0.000000000000e+00
38.610000,0.272636999,-0.014159992,0.081921826,0.000267410,-0.169327996,2.780282,1,Solve_Succeeded,-0.141418746,0.006242278,0.000000000000e+00
38.620000,0.273439580,-0.014156605,0.080507625,0.000328044,-0.169327996,2.780282,1,Solve_Succeeded,-0.141418746,0.006242278,0.000000000000e+00
38.630000,0.274228019,-0.014152603,0.079093478,0.000389348,-0.169218244,3.465615,1,Solve_Succeeded,-0.141324582,0.006188188,0.000000000000e+00
38.640000,0.275002327,-0.014148002,0.077680180,0.000449487,-0.169218244,3.465615,1,Solve_Succeeded,-0.141324582,0.006188188,0.000000000000e+00
38.650000,0.275762502,-0.014142789,0.076266955,0.000510545,-0.169079622,2.795597,1,Solve_Succeeded,-0.141206322,0.006133347,-1.734723475977e-18
38.660000,0.276508558,-0.014136982,0.074854800,0.000570181,-0.169079622,2.795597,1,Solve_Succeeded,-0.141206322,0.006133347,-1.734723475977e-18
38.670000,0.277240494,-0.014130565,0.073442737,0.000630986,-0.168912314,2.740352,1,Solve_Succeeded,-0.141064120,0.006077769,-1.734723475977e-18
38.680000,0.277958324,-0.014123559,0.072031966,0.000690111,-0.168912314,2.740352,1,Solve_Succeeded,-0.141064120,0.006077769,-1.734723475977e-18
38.690000,0.278662047,-0.014115946,0.070621304,0.000750651,-0.168716508,2.852058,1,Solve_Succeeded,-0.140898134,0.006021469,0.000000000000e+00
38.700000,0.279351682,-0.014107750,0.069212154,0.000809258,-0.168716508,2.852058,1,Solve_Succeeded,-0.140898134,0.006021469,0.000000000000e+00
38.710000,0.280027227,-0.014098948,0.067803133,0.000869526,-0.168492394,2.686609,1,Solve_Succeeded,-0.140708522,0.005964460,0.000000000000e+00
38.720000,0.280688702,-0.014089570,0.066395840,0.000927607,-0.168492394,2.686609,1,Solve_Succeeded,-0.140708522,0.005964460,0.000000000000e+00
38.730000,0.281336106,-0.014079588,0.064988695,0.000987593,-0.168240168,2.774917,1,Solve_Succeeded,-0.140495449,0.005906757,0.000000000000e+00
38.740000,0.281969461,-0.014069035,0.063583495,0.001045141,-0.168240168,2.774917,1,Solve_Succeeded,-0.140495449,0.005906757,0.000000000000e+00
38.750000,0.282588766,-0.014057881,0.062178461,0.001104836,-0.167960030,2.644044,1,Solve_Succeeded,-0.140259082,0.005848372,-1.734723475977e-18
38.760000,0.283194046,-0.014046162,0.060775587,0.001161845,-0.167960030,2.644044,1,Solve_Succeeded,-0.140259082,0.005848372,-1.734723475977e-18
38.770000,0.283785300,-0.014033845,0.059372897,0.001221239,-0.167652182,2.701490,1,Solve_Succeeded,-0.139999590,0.005789321,-1.734723475977e-18
38.780000,0.284362554,-0.014020969,0.057972580,0.001277701,-0.167652182,2.701490,1,Solve_Succeeded,-0.139999590,0.005789321,-1.734723475977e-18
38.790000,0.284925808,-0.014007496,0.056572465,0.001336788,-0.167316831,3.802717,1,Solve_Succeeded,-0.139717146,0.005729618,1.734723475977e-18
38.800000,0.285475091,-0.013993471,0.055174935,0.001392696,-0.167316831,3.802717,1,Solve_Succeeded,-0.139717146,0.005729618,1.734723475977e-18
38.810000,0.286010402,-0.013978852,0.053777626,0.001451465,-0.166954187,2.942961,1,Solve_Succeeded,-0.139411927,0.005669276,0.000000000000e+00
38.820000,0.286531772,-0.013963687,0.052383111,0.001506813,-0.166954187,2.942961,1,Solve_Succeeded,-0.139411927,0.005669276,0.000000000000e+00
38.830000,0.287039200,-0.013947931,0.050988835,0.001565256,-0.166564465,2.908767,1,Solve_Succeeded,-0.139084111,0.005608310,1.734723475977e-18
38.840000,0.287532720,-0.013931634,0.049597562,0.001620037,-0.166564465,2.908767,1,Solve_Succeeded,-0.139084111,0.005608310,1.734723475977e-18
38.850000,0.288012331,-0.013914750,0.048206545,0.001678146,-0.166147883,2.657470,1,Solve_Succeeded,-0.138733881,0.005546734,1.734723475977e-18
38.860000,0.288478069,-0.013897331,0.046818737,0.001732353,-0.166147883,2.657470,1,Solve_Succeeded,-0.138733881,0.005546734,1.734723475977e-18
38.870000,0.288929933,-0.013879328,0.045431204,0.001790120,-0.165704660,2.988345,1,Solve_Succeeded,-0.138361421,0.005484562,0.000000000000e+00
38.880000,0.289367961,-0.013860795,0.044047085,0.001843748,-0.165704660,2.988345,1,Solve_Succeeded,-0.138361421,0.005484562,0.000000000000e+00
38.890000,0.289792152,-0.013841682,0.042663257,0.001901164,-0.165235022,2.870857,1,Solve_Succeeded,-0.137966919,0.005421809,1.734723475977e-18
38.900000,0.290202546,-0.013822047,0.041283047,0.001954205,-0.165235022,2.870857,1,Solve_Succeeded,-0.137966919,0.005421809,1.734723475977e-18
38.910000,0.290599143,-0.013801833,0.039903146,0.002011263,-0.164739197,2.727382,1,Solve_Succeeded,-0.137550566,0.005358489,-1.734723475977e-18
38.920000,0.290981985,-0.013781104,0.038527064,0.002063712,-0.164739197,2.727382,1,Solve_Succeeded,-0.137550566,0.005358489,-1.734723475977e-18
38.930000,0.291351070,-0.013759800,0.037151308,0.002120403,-0.164217416,2.765361,1,Solve_Succeeded,-0.137112555,0.005294616,-1.734723475977e-18
38.940000,0.291706445,-0.013737986,0.035779571,0.002172254,-0.164217416,2.765361,1,Solve_Succeeded,-0.137112555,0.005294616,-1.734723475977e-18
38.950000,0.292048107,-0.013715601,0.034408177,0.002228570,-0.163669913,3.018864,1,Solve_Succeeded,-0.136653083,0.005230205,0.000000000000e+00
38.960000,0.292376104,-0.013692712,0.033041000,0.002279818,-0.163669913,3.018864,1,Solve_Succeeded,-0.136653083,0.005230205,0.000000000000e+00
38.970000,0.292690434,-0.013669256,0.031674182,0.002335752,-0.163096926,3.514827,1,Solve_Succeeded,-0.136172348,0.005165270,0.000000000000e+00
38.980000,0.292991148,-0.013645302,0.030311778,0.002386391,-0.163096926,3.514827,1,Solve_Succeeded,-0.136172348,0.005165270,0.000000000000e+00
38.990000,0.293278242,-0.013620785,0.028949750,0.002441935,-0.162498696,2.903711,1,Solve_Succeeded,-0.135670552,0.005099825,0.000000000000e+00
39.000000,0.293551769,-0.013595777,0.027592329,0.002491958,-0.162498696,2.903711,1,Solve_Succeeded,-0.135670552,0.005099825,0.000000000000e+00
39.010000,0.293811728,-0.013570209,0.026235302,0.002547105,-0.161875468,2.668080,1,Solve_Succeeded,-0.135147898,0.005033885,0.000000000000e+00
39.020000,0.294058172,-0.013544157,0.024883073,0.002596508,-0.161875468,2.668080,1,Solve_Succeeded,-0.135147898,0.005033885,0.000000000000e+00
39.030000,0.294291099,-0.013517548,0.023531255,0.002651250,-0.161227486,2.726270,1,Solve_Succeeded,-0.134604594,0.004967464,-1.734723475977e-18
39.040000,0.294510567,-0.013490461,0.022184426,0.002700028,-0.161227486,2.726270,1,Solve_Succeeded,-0.134604594,0.004967464,-1.734723475977e-18
39.050000,0.294716571,-0.013462822,0.020838023,0.002754357,-0.160555003,2.673260,1,Solve_Succeeded,-0.134040848,0.004900577,0.000000000000e+00
39.060000,0.294909172,-0.013434712,0.019496799,0.002802505,-0.160555003,2.673260,1,Solve_Succeeded,-0.134040848,0.004900577,0.000000000000e+00
39.070000,0.295088366,-0.013406052,0.018156016,0.002856414,-0.159858270,2.820180,1,Solve_Succeeded,-0.133456871,0.004833238,0.000000000000e+00
39.080000,0.295254215,-0.013376929,0.016820598,0.002903927,-0.159858270,2.820180,1,Solve_Succeeded,-0.133456871,0.004833238,0.000000000000e+00
39.090000,0.295406716,-0.013347261,0.015485639,0.002957410,-0.159137544,2.880422,1,Solve_Succeeded,-0.132852877,0.004765461,0.000000000000e+00
39.100000,0.295545932,-0.013317135,0.014156228,0.003004282,-0.159137544,2.880422,1,Solve_Succeeded,-0.132852877,0.004765461,0.000000000000e+00
39.110000,0.295671860,-0.013286468,0.012827292,0.003057332,-0.158393082,2.799443,1,Solve_Succeeded,-0.132229083,0.004697262,0.000000000000e+00
39.120000,0.295784566,-0.013255351,0.011504087,0.003103560,-0.158393082,2.799443,1,Solve_Succeeded,-0.132229083,0.004697262,0.000000000000e+00
39.130000,0.295884045,-0.013223697,0.010181372,0.003156168,-0.157625146,2.754388,1,Solve_Succeeded,-0.131585707,0.004628653,-8.673617379884e-19
39.140000,0.295970367,-0.013191599,0.008864569,0.003201747,-0.157625146,2.754388,1,Solve_Succeeded,-0.131585707,0.004628653,-8.673617379884e-19
39.150000,0.296043527,-0.013158968,0.007548271,0.003253908,-0.156833999,3.046276,1,Solve_Succeeded,-0.130922969,0.004559650,0.000000000000e+00
39.160000,0.296103596,-0.013125900,0.006238064,0.003298834,-0.156833999,3.046276,1,Solve_Succeeded,-0.130922969,0.004559650,0.000000000000e+00
39.170000,0.296150568,-0.013092303,0.004928377,0.003350541,-0.156019908,2.700735,1,Solve_Succeeded,-0.130241092,0.004490268,8.673617379884e-19
39.180000,0.296184518,-0.013058277,0.003624958,0.003394809,-0.156019908,2.700735,1,Solve_Succeeded,-0.130241092,0.004490268,8.673617379884e-19
39.190000,0.296205439,-0.013023726,0.002322074,0.003446056,-0.155183142,2.692739,1,Solve_Succeeded,-0.129540300,0.004420519,0.000000000000e+00
39.200000,0.296213408,-0.012988753,0.001025631,0.003489661,-0.155183142,2.692739,1,Solve_Succeeded,-0.129540300,0.004420519,0.000000000000e+00
39.210000,0.296208418,-0.012953259,-0.000270261,0.003540442,-0.154323973,2.843680,1,Solve_Succeeded,-0.128820822,0.004350420,-8.673617379884e-19
39.220000,0.296190547,-0.012917349,-0.001559538,0.003583381,-0.154323973,2.843680,1,Solve_Succeeded,-0.128820822,0.004350420,-8.673617379884e-19
39.230000,0.296159791,-0.012880923,-0.002848251,0.003633689,-0.153442673,2.784185,1,Solve_Succeeded,-0.128082884,0.004279983,8.673617379884e-19
39.240000,0.296116227,-0.012844089,-0.004130180,0.003675959,-0.153442673,2.784185,1,Solve_Succeeded,-0.128082884,0.004279983,8.673617379884e-19
39.250000,0.296059850,-0.012806743,-0.005411529,0.003725787,-0.152539520,2.714147,1,Solve_Succeeded,-0.127326720,0.004209224,0.000000000000e+00
39.260000,0.295990742,-0.012768996,-0.006685926,0.003767384,-0.152539520,2.714147,1,Solve_Succeeded,-0.127326720,0.004209224,0.000000000000e+00
39.270000,0.295908897,-0.012730742,-0.007959728,0.003816727,-0.151614792,2.635890,1,Solve_Succeeded,-0.126552560,0.004138157,-8.673617379884e-19
39.280000,0.295814397,-0.012692093,-0.009226413,0.003857647,-0.151614792,2.635890,1,Solve_Succeeded,-0.126552560,0.004138157,-8.673617379884e-19
39.290000,0.295707238,-0.012652942,-0.010492489,0.003906499,-0.150668768,2.639085,1,Solve_Succeeded,-0.125760640,0.004066795,0.000000000000e+00
39.300000,0.295587504,-0.012613403,-0.011751283,0.003946738,-0.150668768,2.639085,1,Solve_Succeeded,-0.125760640,0.004066795,0.000000000000e+00
39.310000,0.295455189,-0.012573367,-0.013009455,0.003995093,-0.149701733,3.549627,1,Solve_Succeeded,-0.124951196,0.003995154,0.000000000000e+00
39.320000,0.295310380,-0.012532951,-0.014260183,0.004034650,-0.149701733,3.549627,1,Solve_Succeeded,-0.124951196,0.003995154,0.000000000000e+00
39.330000,0.295153071,-0.012492041,-0.015510275,0.004082502,-0.148713971,3.383365,1,Solve_Succeeded,-0.124124466,0.003923246,8.673617379884e-19
39.340000,0.294983351,-0.012450759,-0.016752764,0.004121372,-0.148713971,3.383365,1,Solve_Succeeded,-0.124124466,0.003923246,8.673617379884e-19
39.350000,0.294801214,-0.012408988,-0.017994604,0.004168716,-0.147705768,2.590788,1,Solve_Succeeded,-0.123280690,0.003851088,-8.673617379884e-19
39.360000,0.294606749,-0.012366852,-0.019228683,0.004206896,-0.147705768,2.590788,1,Solve_Succeeded,-0.123280690,0.003851088,-8.673617379884e-19
39.370000,0.294399951,-0.012324232,-0.020462099,0.004253727,-0.146677414,2.706824,1,Solve_Succeeded,-0.122420110,0.003778692,0.000000000000e+00
39.380000,0.294180913,-0.012281254,-0.021687599,0.004291214,-0.146677414,2.706824,1,Solve_Succeeded,-0.122420110,0.003778692,0.000000000000e+00
39.390000,0.293949627,-0.012237797,-0.022912424,0.004337526,-0.145629200,2.617308,1,Solve_Succeeded,-0.121542968,0.003706073,0.000000000000e+00
39.400000,0.293706188,-0.012193989,-0.024129180,0.004374319,-0.145629200,2.617308,1,Solve_Succeeded,-0.121542968,0.003706073,0.000000000000e+00
39.410000,0.293450590,-0.012149707,-0.025345247,0.004420107,-0.144561419,4.606934,1,Solve_Succeeded,-0.120649509,0.003633244,0.000000000000e+00
39.420000,0.293182927,-0.012105081,-0.026553094,0.004456201,-0.144561419,4.606934,1,Solve_Succeeded,-0.120649509,0.003633244,0.000000000000e+00
39.430000,0.292903195,-0.012059987,-0.027760240,0.004501460,-0.143474363,2.814212,1,Solve_Succeeded,-0.119739980,0.003560220,8.673617379884e-19
39.440000,0.292611489,-0.012014556,-0.028959019,0.004536855,-0.143474363,2.814212,1,Solve_Succeeded,-0.119739980,0.003560220,8.673617379884e-19
39.450000,0.292307804,-0.011968661,-0.030157084,0.004581579,-0.142368331,2.967824,1,Solve_Succeeded,-0.118814627,0.003487015,0.000000000000e+00
39.460000,0.291992238,-0.011922437,-0.031346635,0.004616272,-0.142368331,2.967824,1,Solve_Succeeded,-0.118814627,0.003487015,0.000000000000e+00
39.470000,0.291664786,-0.011875755,-0.032535459,0.004660457,-0.141243619,3.094575,1,Solve_Succeeded,-0.117873699,0.003413642,0.000000000000e+00
39.480000,0.291325547,-0.011828750,-0.033715626,0.004694445,-0.141243619,3.094575,1,Solve_Succeeded,-0.117873699,0.003413642,0.000000000000e+00
39.490000,0.290974515,-0.011781292,-0.034895054,0.004738087,-0.140100528,2.773772,1,Solve_Succeeded,-0.116917447,0.003340115,8.673617379884e-19
39.500000,0.290611792,-0.011733520,-0.036065683,0.004771369,-0.140100528,2.773772,1,Solve_Succeeded,-0.116917447,0.003340115,8.673617379884e-19
39.510000,0.290237372,-0.011685299,-0.037235561,0.004814462,-0.138939357,2.690050,1,Solve_Succeeded,-0.115946123,0.003266449,0.000000000000e+00
39.520000,0.289851358,-0.011636771,-0.038396502,0.004847035,-0.138939357,2.690050,1,Solve_Succeeded,-0.115946123,0.003266449,0.000000000000e+00
39.530000,0.289453744,-0.011587800,-0.039556680,0.004889576,-0.137760410,3.507329,1,Solve_Succeeded,-0.114959978,0.003192657,0.000000000000e+00
39.540000,0.289044635,-0.011538530,-0.040707783,0.004921439,-0.137760410,3.507329,1,Solve_Succeeded,-0.114959978,0.003192657,0.000000000000e+00
39.550000,0.288624024,-0.011488821,-0.041858112,0.004963423,-0.136563991,2.738863,1,Solve_Succeeded,-0.113959267,0.003118752,0.000000000000e+00
39.560000,0.288192018,-0.011438821,-0.042999232,0.004994575,-0.136563991,2.738863,1,Solve_Succeeded,-0.113959267,0.003118752,0.000000000000e+00
39.570000,0.287748610,-0.011388388,-0.044139566,0.005035997,-0.135350403,2.863305,1,Solve_Succeeded,-0.112944245,0.003044748,0.000000000000e+00
39.580000,0.287293908,-0.011337670,-0.045270559,0.005066435,-0.135350403,2.863305,1,Solve_Succeeded,-0.112944245,0.003044748,0.000000000000e+00
39.590000,0.286827906,-0.011286525,-0.046400755,0.005107293,-0.134119955,3.098709,1,Solve_Succeeded,-0.111915167,0.002970658,8.673617379884e-19
39.600000,0.286350714,-0.011235102,-0.047521480,0.005137016,-0.134119955,3.098709,1,Solve_Succeeded,-0.111915167,0.002970658,8.673617379884e-19
39.610000,0.285862324,-0.011183258,-0.048641397,0.005177304,-0.132872954,3.103184,1,Solve_Succeeded,-0.110872292,0.002896497,0.000000000000e+00
39.620000,0.285362847,-0.011131144,-0.049751716,0.005206312,-0.132872954,3.103184,1,Solve_Succeeded,-0.110872292,0.002896497,0.000000000000e+00
39.630000,0.284852277,-0.011078613,-0.050861215,0.005246027,-0.131609708,3.014319,1,Solve_Succeeded,-0.109815877,0.002822278,8.673617379884e-19
39.640000,0.284330726,-0.011025820,-0.051960992,0.005274318,-0.131609708,3.014319,1,Solve_Succeeded,-0.109815877,0.002822278,8.673617379884e-19
39.650000,0.283798187,-0.010972616,-0.053059939,0.005313456,-0.130330527,2.763190,1,Solve_Succeeded,-0.108746180,0.002748013,0.000000000000e+00
39.660000,0.283254775,-0.010919158,-0.054149040,0.005341029,-0.130330527,2.763190,1,Solve_Succeeded,-0.108746180,0.002748013,0.000000000000e+00
39.670000,0.282700482,-0.010865294,-0.055237301,0.005379586,-0.129035723,2.629639,1,Solve_Succeeded,-0.107663463,0.002673716,0.000000000000e+00
39.680000,0.282135423,-0.010811182,-0.056315597,0.005406441,-0.129035723,2.629639,1,Solve_Succeeded,-0.107663463,0.002673716,0.000000000000e+00
39.690000,0.281559591,-0.010756671,-0.057393042,0.005444414,-0.127725608,2.825808,1,Solve_Succeeded,-0.106567985,0.002599401,-8.673617379884e-19
39.700000,0.280973103,-0.010701919,-0.058460403,0.005470549,-0.127725608,2.825808,1,Solve_Succeeded,-0.106567985,0.002599401,-8.673617379884e-19
39.710000,0.280375952,-0.010646774,-0.059526904,0.005507936,-0.126400495,2.830454,1,Solve_Succeeded,-0.105460008,0.002525080,-8.673617379884e-19
39.720000,0.279768256,-0.010591395,-0.060583206,0.005533351,-0.126400495,2.830454,1,Solve_Succeeded,-0.105460008,0.002525080,-8.673617379884e-19
39.730000,0.279150007,-0.010535629,-0.061638638,0.005570147,-0.125060696,2.839572,1,Solve_Succeeded,-0.104339795,0.002450767,-8.673617379884e-19
39.740000,0.278521325,-0.010479637,-0.062683758,0.005594842,-0.125060696,2.839572,1,Solve_Succeeded,-0.104339795,0.002450767,-8.673617379884e-19
39.750000,0.277882203,-0.010423263,-0.063727997,0.005631044,-0.123706528,2.640162,1,Solve_Succeeded,-0.103207607,0.002376474,1.734723475977e-18
39.760000,0.277232760,-0.010366670,-0.064761815,0.005655018,-0.123706528,2.640162,1,Solve_Succeeded,-0.103207607,0.002376474,1.734723475977e-18
39.770000,0.276572990,-0.010309701,-0.065794743,0.005690624,-0.122338305,2.635171,1,Solve_Succeeded,-0.102063709,0.002302215,0.000000000000e+00
39.780000,0.275903014,-0.010252521,-0.066817140,0.005713877,-0.122338305,2.635171,1,Solve_Succeeded,-0.102063709,0.002302215,0.000000000000e+00
39.790000,0.275222825,-0.010194971,-0.067838639,0.005748883,-0.120956344,2.740597,1,Solve_Succeeded,-0.100908364,0.002228001,0.000000000000e+00
39.800000,0.274532546,-0.010137217,-0.068849502,0.005771416,-0.120956344,2.740597,1,Solve_Succeeded,-0.100908364,0.002228001,0.000000000000e+00
39.810000,0.273832169,-0.010079098,-0.069859457,0.005805820,-0.119560961,2.692172,1,Solve_Succeeded,-0.099741838,0.002153846,0.000000000000e+00
39.820000,0.273121819,-0.010020783,-0.070858673,0.005827632,-0.119560961,2.692172,1,Solve_Succeeded,-0.099741838,0.002153846,0.000000000000e+00
39.830000,0.272401488,-0.009962109,-0.071856971,0.005861430,-0.118152473,3.457733,1,Solve_Succeeded,-0.098564394,0.002079763,8.673617379884e-19
39.840000,0.271671301,-0.009903247,-0.072844431,0.005882522,-0.118152473,3.457733,1,Solve_Succeeded,-0.098564394,0.002079763,8.673617379884e-19
39.850000,0.270931251,-0.009844031,-0.073830964,0.005915713,-0.116731198,3.447931,1,Solve_Succeeded,-0.097376299,0.002005764,-8.673617379884e-19
39.860000,0.270181463,-0.009784634,-0.074806560,0.005936085,-0.116731198,3.447931,1,Solve_Succeeded,-0.097376299,0.002005764,-8.673617379884e-19
39.870000,0.269421931,-0.009724890,-0.075781222,0.005968666,-0.115297454,3.151912,1,Solve_Succeeded,-0.096177818,0.001931861,8.673617379884e-19
39.880000,0.268652782,-0.009664972,-0.076744850,0.005988318,-0.115297454,3.151912,1,Solve_Succeeded,-0.096177818,0.001931861,8.673617379884e-19
39.890000,0.267874008,-0.009604713,-0.077707535,0.006020287,-0.113851561,2.776092,1,Solve_Succeeded,-0.094969217,0.001858067,-8.673617379884e-19
39.900000,0.267085738,-0.009544287,-0.078659093,0.006039221,-0.113851561,2.776092,1,Solve_Succeeded,-0.094969217,0.001858067,-8.673617379884e-19
39.910000,0.266287963,-0.009483526,-0.079609701,0.006070575,-0.112393836,2.673475,1,Solve_Succeeded,-0.093750763,0.001784394,-8.673617379884e-19
39.920000,0.265480814,-0.009422606,-0.080549091,0.006088790,-0.112393836,2.673475,1,Solve_Succeeded,-0.093750763,0.001784394,-8.673617379884e-19
39.930000,0.264664283,-0.009361357,-0.081487523,0.006119528,-0.110924599,2.621087,1,Solve_Succeeded,-0.092522722,0.001710854,0.000000000000e+00
39.940000,0.263838501,-0.009299955,-0.082414648,0.006137025,-0.110924599,2.621087,1,Solve_Succeeded,-0.092522722,0.001710854,0.000000000000e+00
39.950000,0.263003458,-0.009238231,-0.083340808,0.006167145,-0.109444170,2.604208,1,Solve_Succeeded,-0.091285362,0.001637460,0.000000000000e+00
39.960000,0.262159288,-0.009176362,-0.084255574,0.006183926,-0.109444170,2.604208,1,Solve_Succeeded,-0.091285362,0.001637460,0.000000000000e+00
39.970000,0.261305982,-0.009114176,-0.085169368,0.006213426,-0.107952868,2.471899,1,Solve_Succeeded,-0.090038949,0.001564222,0.000000000000e+00
39.980000,0.260443673,-0.009051852,-0.086071685,0.006229491,-0.107952868,2.471899,1,Solve_Succeeded,-0.090038949,0.001564222,0.000000000000e+00
39.990000,0.259572352,-0.008989218,-0.086973022,0.006258369,-0.106451013,2.705755,1,Solve_Succeeded,-0.088783749,0.001491154,0.000000000000e+00
40.000000,0.258692154,-0.008926453,-0.087862802,0.006273720,-0.106451013,2.705755,1,Solve_Succeeded,-0.088783749,0.001491154,0.000000000000e+00
40.010000,0.257803069,-0.008863384,-0.088751595,0.006301975,-0.104938924,3.492756,1,Solve_Succeeded,-0.087520031,0.001418267,0.000000000000e+00
40.020000,0.256905234,-0.008800192,-0.089628751,0.006316613,-0.104938924,3.492756,1,Solve_Succeeded,-0.087520031,0.001418267,0.000000000000e+00
40.030000,0.255998638,-0.008736701,-0.090504914,0.006344243,-0.103416922,2.648886,1,Solve_Succeeded,-0.086248062,0.001345572,0.000000000000e+00
40.040000,0.255083419,-0.008673094,-0.091369364,0.006358169,-0.103416922,2.648886,1,Solve_Succeeded,-0.086248062,0.001345572,0.000000000000e+00
40.050000,0.254159567,-0.008609195,-0.092232813,0.006385173,-0.101885325,2.654450,1,Solve_Succeeded,-0.084968107,0.001273082,0.000000000000e+00
40.060000,0.253227220,-0.008545188,-0.093084477,0.006398389,-0.101885325,2.654450,1,Solve_Succeeded,-0.084968107,0.001273082,0.000000000000e+00
40.070000,0.252286367,-0.008480894,-0.093935134,0.006424766,-0.100344455,2.819365,1,Solve_Succeeded,-0.083680434,0.001200807,0.000000000000e+00
40.080000,0.251337148,-0.008416499,-0.094773933,0.006437273,-0.100344455,2.819365,1,Solve_Succeeded,-0.083680434,0.001200807,0.000000000000e+00
40.090000,0.250379552,-0.008351823,-0.095611720,0.006463022,-0.098794629,2.924293,1,Solve_Succeeded,-0.082385311,0.001128759,0.000000000000e+00
40.100000,0.249413719,-0.008287054,-0.096437580,0.006474823,-0.098794629,2.924293,1,Solve_Succeeded,-0.082385311,0.001128759,0.000000000000e+00
40.110000,0.248439639,-0.008222010,-0.097262422,0.006499942,-0.097236167,2.858166,1,Solve_Succeeded,-0.081083003,0.001056949,0.000000000000e+00
40.120000,0.247457452,-0.008156880,-0.098075271,0.006511038,-0.097236167,2.858166,1,Solve_Succeeded,-0.081083003,0.001056949,0.000000000000e+00
40.130000,0.246467148,-0.008091482,-0.098887096,0.006535527,-0.095669389,2.579152,1,Solve_Succeeded,-0.079773776,0.000985389,0.000000000000e+00
40.140000,0.245468868,-0.008026004,-0.099686864,0.006545920,-0.095669389,2.579152,1,Solve_Succeeded,-0.079773776,0.000985389,0.000000000000e+00
40.150000,0.244462603,-0.007960264,-0.100485602,0.006569778,-0.094094612,2.759989,1,Solve_Succeeded,-0.078457897,0.000914089,-8.673617379884e-19
40.160000,0.243448492,-0.007894453,-0.101272222,0.006579471,-0.094094612,2.759989,1,Solve_Succeeded,-0.078457897,0.000914089,-8.673617379884e-19
40.170000,0.242426528,-0.007828385,-0.102057808,0.006602697,-0.092512156,3.878977,1,Solve_Succeeded,-0.077135632,0.000843060,0.000000000000e+00
40.180000,0.241396851,-0.007762252,-0.102831215,0.006611691,-0.092512156,3.878977,1,Solve_Succeeded,-0.077135632,0.000843060,0.000000000000e+00
40.190000,0.240359452,-0.007695869,-0.103603583,0.006634285,-0.090922336,3.053418,1,Solve_Succeeded,-0.075807245,0.000772313,0.000000000000e+00
40.200000,0.239314474,-0.007629429,-0.104363717,0.006642583,-0.090922336,3.053418,1,Solve_Succeeded,-0.075807245,0.000772313,0.000000000000e+00
40.210000,0.238261906,-0.007562745,-0.105122806,0.006664544,-0.089325472,2.725476,1,Solve_Succeeded,-0.074473002,0.000701860,-8.673617379884e-19
40.220000,0.237201892,-0.007496010,-0.105869607,0.006672149,-0.089325472,2.725476,1,Solve_Succeeded,-0.074473002,0.000701860,-8.673617379884e-19
40.230000,0.236134422,-0.007429037,-0.106615359,0.006693477,-0.087721879,2.590683,1,Solve_Succeeded,-0.073133167,0.000631710,0.000000000000e+00
40.240000,0.235059640,-0.007362021,-0.107348771,0.006700390,-0.087721879,2.590683,1,Solve_Succeeded,-0.073133167,0.000631710,0.000000000000e+00
40.250000,0.233977537,-0.007294774,-0.108081129,0.006721086,-0.086111874,2.781511,1,Solve_Succeeded,-0.071788005,0.000561873,0.000000000000e+00
40.260000,0.232888255,-0.007227490,-0.108801098,0.006727310,-0.086111874,2.781511,1,Solve_Succeeded,-0.071788005,0.000561873,0.000000000000e+00
40.270000,0.231791786,-0.007159981,-0.109520009,0.006747373,-0.084495772,2.619146,1,Solve_Succeeded,-0.070437777,0.000492361,0.000000000000e+00
40.280000,0.230688275,-0.007092442,-0.110226484,0.006752911,-0.084495772,2.619146,1,Solve_Succeeded,-0.070437777,0.000492361,0.000000000000e+00
40.290000,0.229577711,-0.007024684,-0.110931897,0.006772340,-0.082873888,2.849599,1,Solve_Succeeded,-0.069082748,0.000423183,8.673617379884e-19
40.300000,0.228460240,-0.006956903,-0.111624829,0.006777196,-0.082873888,2.849599,1,Solve_Succeeded,-0.069082748,0.000423183,8.673617379884e-19
40.310000,0.227335852,-0.006888910,-0.112316696,0.006795992,-0.081246536,3.032043,1,Solve_Succeeded,-0.067723180,0.000354350,0.000000000000e+00
40.320000,0.226204693,-0.006820901,-0.112996040,0.006800168,-0.081246536,3.032043,1,Solve_Succeeded,-0.067723180,0.000354350,0.000000000000e+00
40.330000,0.225066753,-0.006752686,-0.113674315,0.006818332,-0.079614030,2.760510,1,Solve_Succeeded,-0.066359334,0.000285872,0.000000000000e+00
40.340000,0.223922178,-0.006684461,-0.114340028,0.006821831,-0.079614030,2.760510,1,Solve_Succeeded,-0.066359334,0.000285872,0.000000000000e+00
40.350000,0.222770958,-0.006616037,-0.115004668,0.006839362,-0.077976681,3.175169,1,Solve_Succeeded,-0.064991470,0.000217758,0.000000000000e+00
40.360000,0.221613240,-0.006547610,-0.115656708,0.006842187,-0.077976681,3.175169,1,Solve_Succeeded,-0.064991470,0.000217758,0.000000000000e+00
40.370000,0.220449015,-0.006478989,-0.116307673,0.006859086,-0.076334800,2.676290,1,Solve_Succeeded,-0.063619850,0.000150018,0.000000000000e+00
40.380000,0.219278428,-0.006410373,-0.116946004,0.006861240,-0.076334800,2.676290,1,Solve_Succeeded,-0.063619850,0.000150018,0.000000000000e+00
40.390000,0.218101471,-0.006341569,-0.117583256,0.006877508,-0.074688700,2.774625,1,Solve_Succeeded,-0.062244731,0.000082662,0.000000000000e+00
40.400000,0.216918291,-0.006272777,-0.118207841,0.006878995,-0.074688700,2.774625,1,Solve_Succeeded,-0.062244731,0.000082662,0.000000000000e+00
40.410000,0.215728877,-0.006203803,-0.118831344,0.006894632,-0.073038689,2.849234,1,Solve_Succeeded,-0.060866373,0.000015700,4.336808689942e-19
40.420000,0.214533377,-0.006134847,-0.119442151,0.006895456,-0.073038689,2.849234,1,Solve_Succeeded,-0.060866373,0.000015700,4.336808689942e-19
40.430000,0.213331783,-0.006065716,-0.120051874,0.006910463,-0.071385075,2.677707,1,Solve_Succeeded,-0.059485034,-0.000050860,-4.336808689942e-19
40.440000,0.212124240,-0.005996609,-0.120648872,0.006910626,-0.071385075,2.677707,1,Solve_Succeeded,-0.059485034,-0.000050860,-4.336808689942e-19
40.450000,0.210910741,-0.005927334,-0.121244784,0.006925005,-0.069728166,3.481789,1,Solve_Succeeded,-0.058100969,-0.000117008,0.000000000000e+00
40.460000,0.209691432,-0.005858089,-0.121827946,0.006924511,-0.069728166,3.481789,1,Solve_Succeeded,-0.058100969,-0.000117008,0.000000000000e+00
40.470000,0.208466305,-0.005788683,-0.122410020,0.006938261,-0.068068269,2.609116,1,Solve_Succeeded,-0.056714435,-0.000182734,0.000000000000e+00
40.480000,0.207235507,-0.005719313,-0.122979320,0.006937115,-0.068068269,2.609116,1,Solve_Succeeded,-0.056714435,-0.000182734,0.000000000000e+00
40.490000,0.205999029,-0.005649788,-0.123547531,0.006950239,-0.066405688,3.027655,1,Solve_Succeeded,-0.055325685,-0.000248031,0.000000000000e+00
40.500000,0.204757020,-0.005580307,-0.124102948,0.006948443,-0.066405688,3.027655,1,Solve_Succeeded,-0.055325685,-0.000248031,0.000000000000e+00
40.510000,0.203509469,-0.005510675,-0.124657272,0.006960941,-0.064740727,2.833693,1,Solve_Succeeded,-0.053934975,-0.000312888,0.000000000000e+00
40.520000,0.202256525,-0.005441095,-0.125198785,0.006958501,-0.064740727,2.833693,1,Solve_Succeeded,-0.053934975,-0.000312888,0.000000000000e+00
40.530000,0.200998179,-0.005371370,-0.125739205,0.006970374,-0.063073689,2.639194,1,Solve_Succeeded,-0.052542556,-0.000377297,4.336808689942e-19
40.540000,0.199734580,-0.005301702,-0.126266796,0.006967292,-0.063073689,2.639194,1,Solve_Succeeded,-0.052542556,-0.000377297,4.336808689942e-19
40.550000,0.198465718,-0.005231897,-0.126793293,0.006978542,-0.061404875,2.635009,1,Solve_Succeeded,-0.051148680,-0.000441250,0.000000000000e+00
40.560000,0.197191742,-0.005162155,-0.127306948,0.006974824,-0.061404875,2.635009,1,Solve_Succeeded,-0.051148680,-0.000441250,0.000000000000e+00
40.570000,0.195912643,-0.005092282,-0.127819507,0.006985453,-0.059734586,3.265813,1,Solve_Succeeded,-0.049753597,-0.000504738,-4.336808689942e-19
40.580000,0.194628569,-0.005022479,-0.128319214,0.006981101,-0.059734586,3.265813,1,Solve_Succeeded,-0.049753597,-0.000504738,-4.336808689942e-19
40.590000,0.193339511,-0.004952550,-0.128817823,0.006991110,-0.058063118,2.889052,1,Solve_Succeeded,-0.048357557,-0.000567752,0.000000000000e+00
40.600000,0.192045618,-0.004882697,-0.129303571,0.006986130,-0.058063118,2.889052,1,Solve_Succeeded,-0.048357557,-0.000567752,0.000000000000e+00
40.610000,0.190746880,-0.004812726,-0.129788220,0.006995520,-0.056390771,2.757638,1,Solve_Succeeded,-0.046960807,-0.000630285,4.336808689942e-19
40.620000,0.189443448,-0.004742836,-0.130260002,0.006989916,-0.056390771,2.757638,1,Solve_Succeeded,-0.046960807,-0.000630285,4.336808689942e-19
40.630000,0.188135310,-0.004672834,-0.130730684,0.006998690,-0.054717838,2.599790,1,Solve_Succeeded,-0.045563594,-0.000692328,4.336808689942e-19
40.640000,0.186822617,-0.004602920,-0.131188494,0.006992466,-0.054717838,2.599790,1,Solve_Succeeded,-0.045563594,-0.000692328,4.336808689942e-19
40.650000,0.185505359,-0.004532900,-0.131645205,0.007000626,-0.053044615,2.756007,1,Solve_Succeeded,-0.044166163,-0.000753874,4.336808689942e-19
40.660000,0.184183686,-0.004462974,-0.132089042,0.006993786,-0.053044615,2.756007,1,Solve_Succeeded,-0.044166163,-0.000753874,4.336808689942e-19
40.670000,0.182857587,-0.004392947,-0.132531778,0.007001333,-0.051371393,2.718040,1,Solve_Succeeded,-0.042768760,-0.000814913,-4.336808689942e-19
40.680000,0.181527212,-0.004323022,-0.132961641,0.006993883,-0.051371393,2.718040,1,Solve_Succeeded,-0.042768760,-0.000814913,-4.336808689942e-19
40.690000,0.180192551,-0.004253001,-0.133390403,0.007000819,-0.049698463,3.218576,1,Solve_Succeeded,-0.041371625,-0.000875440,-4.336808689942e-19
40.700000,0.178853754,-0.004183088,-0.133806294,0.006992763,-0.049698463,3.218576,1,Solve_Succeeded,-0.041371625,-0.000875440,-4.336808689942e-19
40.710000,0.177510811,-0.004113086,-0.134221085,0.006999091,-0.048026115,2.761443,1,Solve_Succeeded,-0.039975001,-0.000935445,0.000000000000e+00
40.720000,0.176163872,-0.004043197,-0.134623008,0.006990434,-0.048026115,2.761443,1,Solve_Succeeded,-0.039975001,-0.000935445,0.000000000000e+00
40.730000,0.174812926,-0.003973225,-0.135023833,0.006996156,-0.046354637,2.603401,1,Solve_Succeeded,-0.038579128,-0.000994922,0.000000000000e+00
40.740000,0.173458124,-0.003903372,-0.135411796,0.006986902,-0.046354637,2.603401,1,Solve_Succeeded,-0.038579128,-0.000994922,0.000000000000e+00
40.750000,0.172099454,-0.003833443,-0.135798662,0.006992021,-0.044684312,2.732749,1,Solve_Succeeded,-0.037184243,-0.001053864,-4.336808689942e-19
40.760000,0.170737068,-0.003763639,-0.136172675,0.006982175,-0.044684312,2.732749,1,Solve_Succeeded,-0.037184243,-0.001053864,-4.336808689942e-19
40.770000,0.169370954,-0.003693764,-0.136545590,0.006986692,-0.043015427,2.631052,1,Solve_Succeeded,-0.035790585,-0.001112262,0.000000000000e+00
40.780000,0.168001262,-0.003624020,-0.136905665,0.006976260,-0.043015427,2.631052,1,Solve_Succeeded,-0.035790585,-0.001112262,0.000000000000e+00
40.790000,0.166627982,-0.003554211,-0.137264643,0.006980179,-0.041348262,2.595395,1,Solve_Succeeded,-0.034398388,-0.001170110,0.000000000000e+00
40.800000,0.165251263,-0.003484539,-0.137610793,0.006969165,-0.041348262,2.595395,1,Solve_Succeeded,-0.034398388,-0.001170110,0.000000000000e+00
40.810000,0.163871095,-0.003414808,-0.137955848,0.006972488,-0.039683098,2.695894,1,Solve_Succeeded,-0.033007887,-0.001227402,0.000000000000e+00
40.820000,0.162487628,-0.003345219,-0.138288090,0.006960898,-0.039683098,2.695894,1,Solve_Succeeded,-0.033007887,-0.001227402,0.000000000000e+00
40.830000,0.161100851,-0.003275578,-0.138619239,0.006963627,-0.038020213,2.749530,1,Solve_Succeeded,-0.031619313,-0.001284130,2.168404344971e-19
40.840000,0.159710914,-0.003206085,-0.138937592,0.006951465,-0.038020213,2.749530,1,Solve_Succeeded,-0.031619313,-0.001284130,2.168404344971e-19
40.850000,0.158317805,-0.003136545,-0.139254854,0.006953604,-0.036359884,2.795129,1,Solve_Succeeded,-0.030232897,-0.001340287,-2.168404344971e-19
40.860000,0.156921675,-0.003067159,-0.139559339,0.006940877,-0.036359884,2.795129,1,Solve_Succeeded,-0.030232897,-0.001340287,-2.168404344971e-19
40.870000,0.155522512,-0.002997732,-0.139862735,0.006942428,-0.034702386,3.165135,1,Solve_Succeeded,-0.028848869,-0.001395868,-2.168404344971e-19
40.880000,0.154120465,-0.002928464,-0.140153376,0.006929140,-0.034702386,3.165135,1,Solve_Succeeded,-0.028848869,-0.001395868,-2.168404344971e-19
40.890000,0.152715525,-0.002859161,-0.140442929,0.006930106,-0.033047989,2.730885,1,Solve_Succeeded,-0.027467455,-0.001450865,0.000000000000e+00
40.900000,0.151307839,-0.002790023,-0.140719753,0.006916263,-0.033047989,2.730885,1,Solve_Succeeded,-0.027467455,-0.001450865,0.000000000000e+00
40.910000,0.149897397,-0.002720856,-0.140995489,0.006916648,-0.031396966,2.801378,1,Solve_Succeeded,-0.026088882,-0.001505273,-2.168404344971e-19
40.920000,0.148484348,-0.002651859,-0.141258522,0.006902255,-0.031396966,2.801378,1,Solve_Succeeded,-0.026088882,-0.001505273,-2.168404344971e-19
40.930000,0.147068681,-0.002582838,-0.141520471,0.006902061,-0.029749585,2.697512,1,Solve_Succeeded,-0.024713373,-0.001559085,2.168404344971e-19
40.940000,0.145650544,-0.002513994,-0.141769744,0.006887125,-0.029749585,2.697512,1,Solve_Succeeded,-0.024713373,-0.001559085,2.168404344971e-19
40.950000,0.144229926,-0.002445131,-0.142017935,0.006886356,-0.028106111,2.867808,1,Solve_Succeeded,-0.023341150,-0.001612295,0.000000000000e+00
40.960000,0.142806976,-0.002376450,-0.142253480,0.006870880,-0.028106111,2.867808,1,Solve_Succeeded,-0.023341150,-0.001612295,0.000000000000e+00
40.970000,0.141381683,-0.002307757,-0.142487946,0.006869539,-0.026466808,2.898766,1,Solve_Succeeded,-0.021972434,-0.001664898,0.000000000000e+00
40.980000,0.139954193,-0.002239250,-0.142709799,0.006853531,-0.026466808,2.898766,1,Solve_Succeeded,-0.021972434,-0.001664898,0.000000000000e+00
40.990000,0.138524498,-0.002170737,-0.142930575,0.006851621,-0.024831939,3.207342,1,Solve_Succeeded,-0.020607443,-0.001716888,-2.168404344971e-19
41.000000,0.137092743,-0.002102415,-0.143138772,0.006835085,-0.024831939,3.207342,1,Solve_Succeeded,-0.020607443,-0.001716888,-2.168404344971e-19
41.010000,0.135658918,-0.002034094,-0.143345894,0.006832611,-0.023201763,2.751968,1,Solve_Succeeded,-0.019246394,-0.001768259,0.000000000000e+00
41.020000,0.134223170,-0.001965968,-0.143540474,0.006815554,-0.023201763,2.751968,1,Solve_Succeeded,-0.019246394,-0.001768259,0.000000000000e+00
41.030000,0.132785489,-0.001897848,-0.143733983,0.006812517,-0.021576538,3.517254,1,Solve_Succeeded,-0.017889502,-0.001819005,0.000000000000e+00
41.040000,0.131346020,-0.001829930,-0.143914988,0.006794945,-0.021576538,3.517254,1,Solve_Succeeded,-0.017889502,-0.001819005,0.000000000000e+00
41.050000,0.129904753,-0.001762023,-0.144094924,0.006791351,-0.019956518,2.834250,1,Solve_Succeeded,-0.016536980,-0.001869122,-2.168404344971e-19
41.060000,0.128461833,-0.001694322,-0.144262396,0.006773268,-0.019956518,2.834250,1,Solve_Succeeded,-0.016536980,-0.001869122,-2.168404344971e-19
41.070000,0.127017252,-0.001626638,-0.144428804,0.006769120,-0.018341957,2.921894,1,Solve_Succeeded,-0.015189038,-0.001918605,0.000000000000e+00
41.080000,0.125571152,-0.001559166,-0.144582789,0.006750534,-0.018341957,2.921894,1,Solve_Succeeded,-0.015189038,-0.001918605,0.000000000000e+00
41.090000,0.124123525,-0.001491715,-0.144735714,0.006745835,-0.016733105,2.700962,1,Solve_Succeeded,-0.013845885,-0.001967447,-1.084202172486e-19
41.100000,0.122674514,-0.001424482,-0.144876259,0.006726751,-0.016733105,2.700962,1,Solve_Succeeded,-0.013845885,-0.001967447,-1.084202172486e-19
41.110000,0.121224111,-0.001357276,-0.145015748,0.006721506,-0.015130210,2.666889,1,Solve_Succeeded,-0.012507729,-0.002015645,0.000000000000e+00
41.120000,0.119772457,-0.001290291,-0.145142905,0.006701930,-0.015130210,2.666889,1,Solve_Succeeded,-0.012507729,-0.002015645,0.000000000000e+00
41.130000,0.118319545,-0.001223340,-0.145269008,0.006696142,-0.013533518,2.833627,1,Solve_Succeeded,-0.011174775,-0.002063194,1.084202172486e-19
41.140000,0.116865515,-0.001156614,-0.145382826,0.006676081,-0.013533518,2.833627,1,Solve_Succeeded,-0.011174775,-0.002063194,1.084202172486e-19
41.150000,0.115410361,-0.001089928,-0.145495595,0.006669754,-0.011943272,2.703166,1,Solve_Succeeded,-0.009847225,-0.002110089,0.000000000000e+00
41.160000,0.113954222,-0.001023472,-0.145596129,0.006649214,-0.011943272,2.703166,1,Solve_Succeeded,-0.009847225,-0.002110089,0.000000000000e+00
41.170000,0.112497090,-0.000957061,-0.145695619,0.006642352,-0.010359713,3.217260,1,Solve_Succeeded,-0.008525280,-0.002156325,0.000000000000e+00
41.180000,0.111039107,-0.000890884,-0.145782924,0.006621338,-0.010359713,3.217260,1,Solve_Succeeded,-0.008525280,-0.002156325,0.000000000000e+00
41.190000,0.109580263,-0.000824758,-0.145869189,0.006613946,-0.008783080,2.813469,1,Solve_Succeeded,-0.007209140,-0.002201898,0.000000000000e+00
41.200000,0.108120699,-0.000758871,-0.145943324,0.006592466,-0.008783080,2.813469,1,Solve_Succeeded,-0.007209140,-0.002201898,0.000000000000e+00
41.210000,0.106660405,-0.000693040,-0.146016423,0.006584547,-0.007213608,2.680956,1,Solve_Succeeded,-0.005899001,-0.002246804,5.421010862428e-20
41.220000,0.105199523,-0.000627452,-0.146077446,0.006562606,-0.007213608,2.680956,1,Solve_Succeeded,-0.005899001,-0.002246804,5.421010862428e-20
41.230000,0.103738043,-0.000561926,-0.146137439,0.006554166,-0.005651530,2.549565,1,Solve_Succeeded,-0.004595058,-0.002291039,0.000000000000e+00
41.240000,0.102276104,-0.000496648,-0.146185413,0.006531770,-0.005651530,2.549565,1,Solve_Succeeded,-0.004595058,-0.002291039,0.000000000000e+00
41.250000,0.100813698,-0.000431435,-0.146232361,0.006522812,-0.004097078,2.680744,1,Solve_Succeeded,-0.003297502,-0.002334599,0.000000000000e+00
41.260000,0.099350962,-0.000366476,-0.146267349,0.006499968,-0.004097078,2.680744,1,Solve_Succeeded,-0.003297502,-0.002334599,0.000000000000e+00
41.270000,0.097887889,-0.000301588,-0.146301316,0.006490497,-0.002550479,2.697685,1,Solve_Succeeded,-0.002006526,-0.002377480,0.000000000000e+00
41.280000,0.096424617,-0.000236957,-0.146323384,0.006467212,-0.002550479,2.697685,1,Solve_Succeeded,-0.002006526,-0.002377480,0.000000000000e+00
41.290000,0.094961135,-0.000172402,-0.146344435,0.006457232,-0.001011959,2.945985,1,Solve_Succeeded,-0.000722315,-0.002419678,0.000000000000e+00
41.300000,0.093497582,-0.000108109,-0.146353650,0.006433512,-0.001011959,2.945985,1,Solve_Succeeded,-0.000722315,-0.002419678,0.000000000000e+00
41.310000,0.092033949,-0.000043897,-0.146361854,0.006423027,0.000518259,2.707386,1,Solve_Succeeded,0.000554942,-0.002461190,-3.388131789017e-21
41.320000,0.090570373,0.000020049,-0.146358285,0.006398879,0.000518259,2.707386,1,Solve_Succeeded,0.000554942,-0.002461190,-3.388131789017e-21
41.330000,0.089106844,0.000083909,-0.146353710,0.006387894,0.002039956,3.233772,1,Solve_Succeeded,0.001825064,-0.002502013,-6.776263578034e-21
41.340000,0.087643498,0.000147499,-0.146337428,0.006363324,0.002039956,3.233772,1,Solve_Succeeded,0.001825064,-0.002502013,-6.776263578034e-21
41.350000,0.086180327,0.000210997,-0.146320146,0.006351845,0.003552912,3.309868,1,Solve_Succeeded,0.003087868,-0.002542143,0.000000000000e+00
41.360000,0.084717466,0.000274221,-0.146291225,0.006326859,0.003552912,3.309868,1,Solve_Succeeded,0.003087868,-0.002542143,0.000000000000e+00
41.370000,0.083254906,0.000337349,-0.146261309,0.006314889,0.005056914,3.318929,1,Solve_Succeeded,0.004343175,-0.002581577,2.710505431214e-20
41.380000,0.081792781,0.000400199,-0.146219822,0.006289495,0.005056914,3.318929,1,Solve_Succeeded,0.004343175,-0.002581577,2.710505431214e-20
41.390000,0.080331082,0.000462948,-0.146177346,0.006277039,0.006551750,3.016032,1,Solve_Succeeded,0.005590808,-0.002620313,0.000000000000e+00
41.400000,0.078869944,0.000525415,-0.146123370,0.006251243,0.006551750,3.016032,1,Solve_Succeeded,0.005590808,-0.002620313,0.000000000000e+00
41.410000,0.077409357,0.000587775,-0.146068413,0.006238307,0.008037209,2.700327,1,Solve_Succeeded,0.006830593,-0.002658346,5.421010862428e-20
41.420000,0.075949453,0.000649850,-0.146002026,0.006212115,0.008037209,2.700327,1,Solve_Succeeded,0.006830593,-0.002658346,5.421010862428e-20
41.430000,0.074490226,0.000711813,-0.145934664,0.006198703,0.009513087,2.558143,1,Solve_Succeeded,0.008062357,-0.002695675,0.000000000000e+00
41.440000,0.073031805,0.000773488,-0.145855946,0.006172122,0.009513087,2.558143,1,Solve_Succeeded,0.008062357,-0.002695675,0.000000000000e+00
41.450000,0.071574183,0.000835045,-0.145776260,0.006158239,0.010979178,2.798548,1,Solve_Succeeded,0.009285931,-0.002732297,-1.084202172486e-19
41.460000,0.070117491,0.000896311,-0.145685293,0.006131276,0.010979178,2.798548,1,Solve_Succeeded,0.009285931,-0.002732297,-1.084202172486e-19
41.470000,0.068661719,0.000957455,-0.145593364,0.006116928,0.012435282,2.694022,1,Solve_Succeeded,0.010501147,-0.002768210,-1.084202172486e-19
41.480000,0.067206999,0.001018302,-0.145490232,0.006089590,0.012435282,2.694022,1,Solve_Succeeded,0.010501147,-0.002768210,-1.084202172486e-19
41.490000,0.065753321,0.001079024,-0.145386144,0.006074780,0.013881200,2.785995,1,Solve_Succeeded,0.011707839,-0.002803411,0.000000000000e+00
41.500000,0.064300815,0.001139446,-0.145270931,0.006047074,0.013881200,2.785995,1,Solve_Succeeded,0.011707839,-0.002803411,0.000000000000e+00
41.510000,0.062849473,0.001199737,-0.145154769,0.006031809,0.015316738,2.878080,1,Solve_Succeeded,0.012905846,-0.002837897,0.000000000000e+00
41.520000,0.061399421,0.001259725,-0.145027562,0.006003741,0.015316738,2.878080,1,Solve_Succeeded,0.012905846,-0.002837897,0.000000000000e+00
41.530000,0.059950653,0.001319577,-0.144899412,0.005988025,0.016741704,2.656007,1,Solve_Succeeded,0.014095005,-0.002871668,-1.084202172486e-19
41.540000,0.058503296,0.001379123,-0.144760299,0.005959603,0.016741704,2.656007,1,Solve_Succeeded,0.014095005,-0.002871668,-1.084202172486e-19
41.550000,0.057057341,0.001438529,-0.144620250,0.005943441,0.018155906,2.760305,1,Solve_Succeeded,0.015275160,-0.002904721,0.000000000000e+00
41.560000,0.055612914,0.001497625,-0.144469321,0.005914671,0.018155906,2.760305,1,Solve_Succeeded,0.015275160,-0.002904721,0.000000000000e+00
41.570000,0.054170007,0.001556576,-0.144317463,0.005898070,0.019559160,2.840773,1,Solve_Succeeded,0.016446155,-0.002937054,-2.168404344971e-19
41.580000,0.052728746,0.001615215,-0.144154809,0.005868959,0.019559160,2.840773,1,Solve_Succeeded,0.016446155,-0.002937054,-2.168404344971e-19
41.590000,0.051289122,0.001673704,-0.143991234,0.005851922,0.020951281,2.656709,1,Solve_Succeeded,0.017607837,-0.002968666,0.000000000000e+00
41.600000,0.049851260,0.001731877,-0.143816948,0.005822478,0.020951281,2.656709,1,Solve_Succeeded,0.017607837,-0.002968666,0.000000000000e+00
41.610000,0.048415152,0.001789896,-0.143641748,0.005805012,0.022332088,3.119565,1,Solve_Succeeded,0.018760054,-0.002999554,0.000000000000e+00
41.620000,0.046980921,0.001847596,-0.143455924,0.005775240,0.022332088,3.119565,1,Solve_Succeeded,0.018760054,-0.002999554,0.000000000000e+00
41.630000,0.045548558,0.001905138,-0.143269194,0.005757350,0.023701405,3.884864,1,Solve_Succeeded,0.019902659,-0.003029719,0.000000000000e+00
41.640000,0.044118187,0.001962357,-0.143071929,0.005727258,0.023701405,3.884864,1,Solve_Succeeded,0.019902659,-0.003029719,0.000000000000e+00
41.650000,0.042689799,0.002019414,-0.142873765,0.005708949,0.025059055,2.617379,1,Solve_Succeeded,0.021035507,-0.003059157,0.000000000000e+00
41.660000,0.041263516,0.002076146,-0.142665155,0.005678544,0.025059055,2.617379,1,Solve_Succeeded,0.021035507,-0.003059157,0.000000000000e+00
41.670000,0.039839329,0.002132711,-0.142455654,0.005659822,0.026404867,2.913443,1,Solve_Succeeded,0.022158452,-0.003087869,-2.168404344971e-19
41.680000,0.038417359,0.002188948,-0.142235800,0.005629111,0.026404867,2.913443,1,Solve_Succeeded,0.022158452,-0.003087869,-2.168404344971e-19
41.690000,0.036997598,0.002245014,-0.142015061,0.005609981,0.027738673,2.731524,1,Solve_Succeeded,0.023271356,-0.003115854,2.168404344971e-19
41.700000,0.035580165,0.002300749,-0.141784061,0.005578971,0.027738673,2.731524,1,Solve_Succeeded,0.023271356,-0.003115854,2.168404344971e-19
41.710000,0.034165052,0.002356309,-0.141552184,0.005559440,0.029060306,2.744386,1,Solve_Succeeded,0.024374080,-0.003143110,0.000000000000e+00
41.720000,0.032752378,0.002411535,-0.141310140,0.005528138,0.029060306,2.744386,1,Solve_Succeeded,0.024374080,-0.003143110,0.000000000000e+00
41.730000,0.031342134,0.002466582,-0.141067228,0.005508209,0.030369603,2.705340,1,Solve_Succeeded,0.025466488,-0.003169636,2.168404344971e-19
41.740000,0.029934438,0.002521293,-0.140814244,0.005476622,0.030369603,2.705340,1,Solve_Succeeded,0.025466488,-0.003169636,2.168404344971e-19
41.750000,0.028529282,0.002575820,-0.140560399,0.005456303,0.031666406,2.671302,1,Solve_Succeeded,0.026548447,-0.003195433,0.000000000000e+00
41.760000,0.027126782,0.002630008,-0.140296577,0.005424438,0.031666406,2.671302,1,Solve_Succeeded,0.026548447,-0.003195433,0.000000000000e+00
41.770000,0.025726930,0.002684009,-0.140031904,0.005403734,0.032950557,2.671001,1,Solve_Succeeded,0.027619825,-0.003220499,0.000000000000e+00
41.780000,0.024329841,0.002737668,-0.139757352,0.005371598,0.032950557,2.671001,1,Solve_Succeeded,0.027619825,-0.003220499,0.000000000000e+00
41.790000,0.022935508,0.002791136,-0.139481956,0.005350514,0.034221902,3.711776,1,Solve_Succeeded,0.028680497,-0.003244834,0.000000000000e+00
41.800000,0.021544043,0.002844260,-0.139196780,0.005318114,0.034221902,3.711776,1,Solve_Succeeded,0.028680497,-0.003244834,0.000000000000e+00
41.810000,0.020155440,0.002897189,-0.138910768,0.005296656,0.035480291,3.542563,1,Solve_Succeeded,0.029730334,-0.003268438,0.000000000000e+00
41.820000,0.018769811,0.002949771,-0.138615076,0.005264000,0.035480291,3.542563,1,Solve_Succeeded,0.029730334,-0.003268438,0.000000000000e+00
41.830000,0.017387149,0.003002154,-0.138318557,0.005242174,0.036725576,2.780551,1,Solve_Succeeded,0.030769216,-0.003291312,2.168404344971e-19
41.840000,0.016007565,0.003054189,-0.138012458,0.005209269,0.036725576,2.780551,1,Solve_Succeeded,0.030769216,-0.003291312,2.168404344971e-19
41.850000,0.014631051,0.003106021,-0.137705541,0.005187080,0.037957613,3.050883,1,Solve_Succeeded,0.031797020,-0.003313454,2.168404344971e-19
41.860000,0.013257718,0.003157501,-0.137389146,0.005153932,0.037957613,3.050883,1,Solve_Succeeded,0.031797020,-0.003313454,2.168404344971e-19
41.870000,0.011887558,0.003208775,-0.137071942,0.005131388,0.039176261,2.824804,1,Solve_Succeeded,0.032813631,-0.003334865,0.000000000000e+00
41.880000,0.010520681,0.003259697,-0.136745363,0.005098004,0.039176261,2.824804,1,Solve_Succeeded,0.032813631,-0.003334865,0.000000000000e+00
41.890000,0.009157079,0.003310407,-0.136417983,0.005075109,0.040381381,2.706987,1,Solve_Succeeded,0.033818931,-0.003355546,-2.168404344971e-19
41.900000,0.007796859,0.003360763,-0.136081332,0.005041497,0.040381381,2.706987,1,Solve_Succeeded,0.033818931,-0.003355546,-2.168404344971e-19
41.910000,0.006440016,0.003410905,-0.135743890,0.005018257,0.041572838,2.736488,1,Solve_Succeeded,0.034812810,-0.003375496,0.000000000000e+00
41.920000,0.005086655,0.003460689,-0.135397282,0.004984424,0.041572838,2.736488,1,Solve_Succeeded,0.034812810,-0.003375496,0.000000000000e+00
41.930000,0.003736769,0.003510256,-0.135049891,0.004960846,0.042750500,4.050014,1,Solve_Succeeded,0.035795156,-0.003394716,0.000000000000e+00
41.940000,0.002390464,0.003559464,-0.134693441,0.004926798,0.042750500,4.050014,1,Solve_Succeeded,0.035795156,-0.003394716,0.000000000000e+00
41.950000,0.001047732,0.003608450,-0.134336217,0.004902887,0.043914238,2.792598,1,Solve_Succeeded,0.036765862,-0.003413208,4.336808689942e-19
41.960000,-0.000291322,0.003657076,-0.133970041,0.004868632,0.043914238,2.792598,1,Solve_Succeeded,0.036765862,-0.003413208,4.336808689942e-19
41.970000,-0.001626706,0.003705478,-0.133603101,0.004844395,0.045063926,2.826044,1,Solve_Succeeded,0.037724824,-0.003430971,0.000000000000e+00
41.980000,-0.002958316,0.003753516,-0.133227316,0.004809940,0.045063926,2.826044,1,Solve_Succeeded,0.037724824,-0.003430971,0.000000000000e+00
41.990000,-0.004286159,0.003801327,-0.132850776,0.004785382,0.046199442,2.625393,1,Solve_Succeeded,0.038671939,-0.003448006,0.000000000000e+00
42.000000,-0.005610134,0.003848773,-0.132465501,0.004750734,0.046199442,2.625393,1,Solve_Succeeded,0.038671939,-0.003448006,0.000000000000e+00
42.010000,-0.006930248,0.003895988,-0.132079479,0.004725861,0.047320666,2.678826,1,Solve_Succeeded,0.039607107,-0.003464316,0.000000000000e+00
42.020000,-0.008246400,0.003942836,-0.131684833,0.004691028,0.047320666,2.678826,1,Solve_Succeeded,0.039607107,-0.003464316,0.000000000000e+00
42.030000,-0.009558597,0.003989450,-0.131289450,0.004665846,0.048427482,2.732968,1,Solve_Succeeded,0.040530233,-0.003479899,-4.336808689942e-19
42.040000,-0.010866739,0.004035697,-0.130885553,0.004630834,0.048427482,2.732968,1,Solve_Succeeded,0.040530233,-0.003479899,-4.336808689942e-19
42.050000,-0.012170835,0.004081705,-0.130480929,0.004605350,0.049519777,2.615280,1,Solve_Succeeded,0.041441221,-0.003494759,0.000000000000e+00
42.060000,-0.013470785,0.004127345,-0.130067902,0.004570166,0.049519777,2.615280,1,Solve_Succeeded,0.041441221,-0.003494759,0.000000000000e+00
42.070000,-0.014766596,0.004172743,-0.129654158,0.004544385,0.050597439,2.669461,1,Solve_Succeeded,0.042339980,-0.003508896,0.000000000000e+00
42.080000,-0.016058173,0.004217771,-0.129232124,0.004509037,0.050597439,2.669461,1,Solve_Succeeded,0.042339980,-0.003508896,0.000000000000e+00
42.090000,-0.017345520,0.004262555,-0.128809382,0.004482966,0.051660363,2.626995,1,Solve_Succeeded,0.043226421,-0.003522312,0.000000000000e+00
42.100000,-0.018628545,0.004306967,-0.128378463,0.004447459,0.051660363,2.626995,1,Solve_Succeeded,0.043226421,-0.003522312,0.000000000000e+00
42.110000,-0.019907251,0.004351131,-0.127946846,0.004421104,0.052708445,2.764600,1,Solve_Succeeded,0.044100457,-0.003535008,-4.336808689942e-19
42.120000,-0.021181547,0.004394923,-0.127507167,0.004385447,0.052708445,2.764600,1,Solve_Succeeded,0.044100457,-0.003535008,-4.336808689942e-19
42.130000,-0.022451438,0.004438464,-0.127066799,0.004358814,0.053741583,2.789773,1,Solve_Succeeded,0.044962004,-0.003546986,0.000000000000e+00
42.140000,-0.023716832,0.004481631,-0.126618484,0.004323014,0.053741583,2.789773,1,Solve_Succeeded,0.044962004,-0.003546986,0.000000000000e+00
42.150000,-0.024977734,0.004524545,-0.126169491,0.004296108,0.054759680,2.755546,1,Solve_Succeeded,0.045810982,-0.003558248,-4.336808689942e-19
42.160000,-0.026234055,0.004567083,-0.125712666,0.004260172,0.054759680,2.755546,1,Solve_Succeeded,0.045810982,-0.003558248,-4.336808689942e-19
42.170000,-0.027485799,0.004609365,-0.125255172,0.004233001,0.055762643,2.574234,1,Solve_Succeeded,0.046647311,-0.003568795,4.336808689942e-19
42.180000,-0.028732878,0.004651271,-0.124789963,0.004196934,0.055762643,2.574234,1,Solve_Succeeded,0.046647311,-0.003568795,4.336808689942e-19
42.190000,-0.029975297,0.004692917,-0.124324095,0.004169503,0.056750379,2.872019,1,Solve_Succeeded,0.047470916,-0.003578631,-4.336808689942e-19
42.200000,-0.031212967,0.004734187,-0.123850629,0.004133315,0.056750379,2.872019,1,Solve_Succeeded,0.047470916,-0.003578631,-4.336808689942e-19
42.210000,-0.032445896,0.004775194,-0.123376515,0.004105630,0.057722801,2.742248,1,Solve_Succeeded,0.048281724,-0.003587757,0.000000000000e+00
42.220000,-0.033673995,0.004815823,-0.122894920,0.004069326,0.057722801,2.742248,1,Solve_Succeeded,0.048281724,-0.003587757,0.000000000000e+00
42.230000,-0.034897271,0.004856188,-0.122412687,0.004041395,0.058679824,2.577278,1,Solve_Succeeded,0.049079664,-0.003596175,0.000000000000e+00
42.240000,-0.036115638,0.004896174,-0.121923092,0.004004982,0.058679824,2.577278,1,Solve_Succeeded,0.049079664,-0.003596175,0.000000000000e+00
42.250000,-0.037329102,0.004935892,-0.121432869,0.003976809,0.059621365,2.604140,1,Solve_Succeeded,0.049864667,-0.003603887,0.000000000000e+00
42.260000,-0.038537578,0.004975230,-0.120935403,0.003940294,0.059621365,2.604140,1,Solve_Succeeded,0.049864667,-0.003603887,0.000000000000e+00
42.270000,-0.039741072,0.005014299,-0.120437318,0.003911887,0.060547347,2.647130,1,Solve_Succeeded,0.050636669,-0.003610897,0.000000000000e+00
42.280000,-0.040939502,0.005052987,-0.119932111,0.003875278,0.060547347,2.647130,1,Solve_Succeeded,0.050636669,-0.003610897,0.000000000000e+00
42.290000,-0.042132872,0.005091403,-0.119426296,0.003846642,0.061457693,3.720549,1,Solve_Succeeded,0.051395606,-0.003617206,4.336808689942e-19
42.300000,-0.043321102,0.005129438,-0.118913478,0.003809944,0.061457693,3.720549,1,Solve_Succeeded,0.051395606,-0.003617206,4.336808689942e-19
42.310000,-0.044504196,0.005167198,-0.118400063,0.003781087,0.062352332,3.257971,1,Solve_Succeeded,0.052141419,-0.003622818,4.336808689942e-19
42.320000,-0.045682076,0.005204576,-0.117879765,0.003744308,0.062352332,3.257971,1,Solve_Succeeded,0.052141419,-0.003622818,4.336808689942e-19
42.330000,-0.046854745,0.005241677,-0.117358881,0.003715234,0.063231194,3.369265,1,Solve_Succeeded,0.052874049,-0.003627735,0.000000000000e+00
42.340000,-0.048022127,0.005278396,-0.116831236,0.003678381,0.063231194,3.369265,1,Solve_Succeeded,0.052874049,-0.003627735,0.000000000000e+00
42.350000,-0.049184225,0.005314835,-0.116303014,0.003649097,0.064094212,2.956897,1,Solve_Succeeded,0.053593443,-0.003631961,0.000000000000e+00
42.360000,-0.050340962,0.005350892,-0.115768153,0.003612177,0.064094212,2.956897,1,Solve_Succeeded,0.053593443,-0.003631961,0.000000000000e+00
42.370000,-0.051492345,0.005386667,-0.115232726,0.003582690,0.064941325,2.760924,1,Solve_Succeeded,0.054299547,-0.003635498,4.336808689942e-19
42.380000,-0.052638296,0.005422058,-0.114690783,0.003545709,0.064941325,2.760924,1,Solve_Succeeded,0.054299547,-0.003635498,4.336808689942e-19
42.390000,-0.053778822,0.005457166,-0.114148284,0.003516024,0.065772472,2.685265,1,Solve_Succeeded,0.054992311,-0.003638349,0.000000000000e+00
42.400000,-0.054913847,0.005491891,-0.113599391,0.003478990,0.065772472,2.685265,1,Solve_Succeeded,0.054992311,-0.003638349,0.000000000000e+00
42.410000,-0.056043377,0.005526329,-0.113049953,0.003449114,0.066587595,2.886075,1,Solve_Succeeded,0.055671689,-0.003640517,0.000000000000e+00
42.420000,-0.057167339,0.005560384,-0.112494245,0.003412032,0.066587595,2.886075,1,Solve_Succeeded,0.055671689,-0.003640517,0.000000000000e+00
42.430000,-0.058285737,0.005594151,-0.111938002,0.003381972,0.067386643,3.585332,1,Solve_Succeeded,0.056337636,-0.003642007,-4.336808689942e-19
42.440000,-0.059398501,0.005627534,-0.111375613,0.003344849,0.067386643,3.585332,1,Solve_Succeeded,0.056337636,-0.003642007,-4.336808689942e-19
42.450000,-0.060505634,0.005660627,-0.110812699,0.003314610,0.068169563,2.772833,1,Solve_Succeeded,0.056990110,-0.003642821,0.000000000000e+00
42.460000,-0.061607068,0.005693336,-0.110243763,0.003277454,0.068169563,2.772833,1,Solve_Succeeded,0.056990110,-0.003642821,0.000000000000e+00
42.470000,-0.062702806,0.005725752,-0.109674313,0.003247043,0.068936308,2.880353,1,Solve_Succeeded,0.057629072,-0.003642963,0.000000000000e+00
42.480000,-0.063792781,0.005757785,-0.109098966,0.003209860,0.068936308,2.880353,1,Solve_Succeeded,0.057629072,-0.003642963,0.000000000000e+00
42.490000,-0.064876995,0.005789524,-0.108523115,0.003179282,0.069686834,2.979648,1,Solve_Succeeded,0.058254484,-0.003642436,0.000000000000e+00
42.500000,-0.065955384,0.005820879,-0.107941492,0.003142079,0.069686834,2.979648,1,Solve_Succeeded,0.058254484,-0.003642436,0.000000000000e+00
42.510000,-0.067027950,0.005851938,-0.107359375,0.003111341,0.070421100,2.620918,1,Solve_Succeeded,0.058866312,-0.003641245,4.336808689942e-19
42.520000,-0.068094629,0.005882614,-0.106771611,0.003074124,0.070421100,2.620918,1,Solve_Succeeded,0.058866312,-0.003641245,4.336808689942e-19
42.530000,-0.069155425,0.005912992,-0.106183365,0.003043233,0.071139067,2.737991,1,Solve_Succeeded,0.059464525,-0.003639392,0.000000000000e+00
42.540000,-0.070210273,0.005942986,-0.105589597,0.003006008,0.071139067,2.737991,1,Solve_Succeeded,0.059464525,-0.003639392,0.000000000000e+00
42.550000,-0.071259178,0.005972681,-0.104995357,0.002974970,0.071840700,2.660696,1,Solve_Succeeded,0.060049094,-0.003636883,0.000000000000e+00
42.560000,-0.072302077,0.006001993,-0.104395721,0.002937744,0.071840700,2.660696,1,Solve_Succeeded,0.060049094,-0.003636883,0.000000000000e+00
42.570000,-0.073338974,0.006031003,-0.103795625,0.002906565,0.072525967,2.662673,1,Solve_Succeeded,0.060619991,-0.003633720,0.000000000000e+00
42.580000,-0.074369809,0.006059631,-0.103190257,0.002869345,0.072525967,2.662673,1,Solve_Succeeded,0.060619991,-0.003633720,0.000000000000e+00
42.590000,-0.075394584,0.006087956,-0.102584440,0.002838030,0.073194838,3.957913,1,Solve_Succeeded,0.061177193,-0.003629909,0.000000000000e+00
42.600000,-0.076413240,0.006115899,-0.101973479,0.002800823,0.073194838,3.957913,1,Solve_Succeeded,0.061177193,-0.003629909,0.000000000000e+00
42.610000,-0.077425782,0.006143537,-0.101362078,0.002769379,0.073847287,2.783220,1,Solve_Succeeded,0.061720678,-0.003625453,0.000000000000e+00
42.620000,-0.078432151,0.006170793,-0.100745659,0.002732190,0.073847287,2.783220,1,Solve_Succeeded,0.061720678,-0.003625453,0.000000000000e+00
42.630000,-0.079432351,0.006197744,-0.100128812,0.002700624,0.074483292,2.575198,1,Solve_Succeeded,0.062250426,-0.003620357,-4.336808689942e-19
42.640000,-0.080426324,0.006224313,-0.099507074,0.002663460,0.074483292,2.575198,1,Solve_Succeeded,0.062250426,-0.003620357,-4.336808689942e-19
42.650000,-0.081414075,0.006250575,-0.098884918,0.002631777,0.075102831,2.695056,1,Solve_Succeeded,0.062766422,-0.003614625,0.000000000000e+00
42.660000,-0.082395549,0.006276456,-0.098257997,0.002594644,0.075102831,2.695056,1,Solve_Succeeded,0.062766422,-0.003614625,0.000000000000e+00
42.670000,-0.083370749,0.006302028,-0.097630669,0.002562851,0.075705888,2.554083,1,Solve_Succeeded,0.063268651,-0.003608261,-4.336808689942e-19
42.680000,-0.084339621,0.006327220,-0.096998704,0.002525756,0.075705888,2.554083,1,Solve_Succeeded,0.063268651,-0.003608261,-4.336808689942e-19
42.690000,-0.085302168,0.006352103,-0.096366342,0.002493859,0.076292448,2.574538,1,Solve_Succeeded,0.063757102,-0.003601270,-4.336808689942e-19
42.700000,-0.086258339,0.006376605,-0.095729470,0.002456807,0.076292448,2.574538,1,Solve_Succeeded,0.063757102,-0.003601270,-4.336808689942e-19
42.710000,-0.087208136,0.006400797,-0.095092213,0.002424812,0.076862500,2.596912,1,Solve_Succeeded,0.064231764,-0.003593656,0.000000000000e+00
42.720000,-0.088151510,0.006424610,-0.094450571,0.002387810,0.076862500,2.596912,1,Solve_Succeeded,0.064231764,-0.003593656,0.000000000000e+00
42.730000,-0.089088462,0.006448110,-0.093808556,0.002355723,0.077416035,2.472137,1,Solve_Succeeded,0.064692632,-0.003585425,4.336808689942e-19
42.740000,-0.090018945,0.006471233,-0.093162283,0.002318778,0.077416035,2.472137,1,Solve_Succeeded,0.064692632,-0.003585425,4.336808689942e-19
42.750000,-0.090942960,0.006494042,-0.092515647,0.002286605,0.077953049,2.631970,1,Solve_Succeeded,0.065139701,-0.003576581,8.673617379884e-19
42.760000,-0.091860461,0.006516474,-0.091864881,0.002249722,0.077953049,2.631970,1,Solve_Succeeded,0.065139701,-0.003576581,8.673617379884e-19
42.770000,-0.092771449,0.006538592,-0.091213763,0.002217469,0.078473539,3.018325,1,Solve_Succeeded,0.065572970,-0.003567129,8.673617379884e-19
42.780000,-0.093675879,0.006560334,-0.090558643,0.002180655,0.078473539,3.018325,1,Solve_Succeeded,0.065572970,-0.003567129,8.673617379884e-19
42.790000,-0.094573755,0.006581760,-0.089903180,0.002148328,0.078977504,2.645940,1,Solve_Succeeded,0.065992438,-0.003557074,0.000000000000e+00
42.800000,-0.095465029,0.006602811,-0.089243842,0.002111588,0.078977504,2.645940,1,Solve_Succeeded,0.065992438,-0.003557074,0.000000000000e+00
42.810000,-0.096349707,0.006623546,-0.088584173,0.002079194,0.079464949,2.698204,1,Solve_Succeeded,0.066398109,-0.003546421,0.000000000000e+00
42.820000,-0.097227744,0.006643906,-0.087920756,0.002042534,0.079464949,2.698204,1,Solve_Succeeded,0.066398109,-0.003546421,0.000000000000e+00
42.830000,-0.098099143,0.006663950,-0.087257019,0.002010078,0.079935879,2.587080,1,Solve_Succeeded,0.066789988,-0.003535175,0.000000000000e+00
42.840000,-0.098963862,0.006683620,-0.086589661,0.001973504,0.079935879,2.587080,1,Solve_Succeeded,0.066789988,-0.003535175,0.000000000000e+00
42.850000,-0.099821903,0.006702973,-0.085921994,0.001940993,0.080390303,2.711533,1,Solve_Succeeded,0.067168083,-0.003523342,0.000000000000e+00
42.860000,-0.100673227,0.006721954,-0.085250832,0.001904512,0.080390303,2.711533,1,Solve_Succeeded,0.067168083,-0.003523342,0.000000000000e+00
42.870000,-0.101517836,0.006740616,-0.084579372,0.001871951,0.080828233,2.917881,1,Solve_Succeeded,0.067532404,-0.003510926,-8.673617379884e-19
42.880000,-0.102355691,0.006758907,-0.083904545,0.001835567,0.080828233,2.917881,1,Solve_Succeeded,0.067532404,-0.003510926,-8.673617379884e-19
42.890000,-0.103186794,0.006776879,-0.083229430,0.001802962,0.081249683,2.666217,1,Solve_Succeeded,0.067882963,-0.003497933,0.000000000000e+00
42.900000,-0.104011107,0.006794482,-0.082551075,0.001766683,0.081249683,2.666217,1,Solve_Succeeded,0.067882963,-0.003497933,0.000000000000e+00
42.910000,-0.104828634,0.006811765,-0.081872443,0.001734040,0.081654671,2.578723,1,Solve_Succeeded,0.068219775,-0.003484368,-8.673617379884e-19
42.920000,-0.105639338,0.006828680,-0.081190698,0.001697871,0.081654671,2.578723,1,Solve_Succeeded,0.068219775,-0.003484368,-8.673617379884e-19
42.930000,-0.106443221,0.006845274,-0.080508686,0.001665196,0.082043218,2.693749,1,Solve_Succeeded,0.068542857,-0.003470237,0.000000000000e+00
42.940000,-0.107240249,0.006861502,-0.079823688,0.001629141,0.082043218,2.693749,1,Solve_Succeeded,0.068542857,-0.003470237,0.000000000000e+00
42.950000,-0.108030424,0.006877409,-0.079138434,0.001596441,0.082415345,3.371870,1,Solve_Succeeded,0.068852228,-0.003455546,0.000000000000e+00
42.960000,-0.108813713,0.006892950,-0.078450319,0.001560507,0.082415345,3.371870,1,Solve_Succeeded,0.068852228,-0.003455546,0.000000000000e+00
42.970000,-0.109590118,0.006908170,-0.077761960,0.001527786,0.082771078,2.841969,1,Solve_Succeeded,0.069147910,-0.003440299,0.000000000000e+00
42.980000,-0.110359607,0.006923027,-0.077070866,0.001491979,0.082771078,2.841969,1,Solve_Succeeded,0.069147910,-0.003440299,0.000000000000e+00
42.990000,-0.111122183,0.006937562,-0.076379539,0.001459244,0.083110447,2.827400,1,Solve_Succeeded,0.069429927,-0.003424503,0.000000000000e+00
43.000000,-0.111877814,0.006951734,-0.075685602,0.001423569,0.083110447,2.827400,1,Solve_Succeeded,0.069429927,-0.003424503,0.000000000000e+00
43.010000,-0.112626504,0.006965585,-0.074991443,0.001390825,0.083433481,2.769385,1,Solve_Succeeded,0.069698305,-0.003408164,0.000000000000e+00
43.020000,-0.113368222,0.006979075,-0.074294801,0.001355288,0.083433481,2.769385,1,Solve_Succeeded,0.069698305,-0.003408164,0.000000000000e+00
43.030000,-0.114102972,0.006992243,-0.073597947,0.001322541,0.083740214,2.779732,1,Solve_Succeeded,0.069953073,-0.003391287,0.000000000000e+00
43.040000,-0.114830725,0.007005052,-0.072898735,0.001287147,0.083740214,2.779732,1,Solve_Succeeded,0.069953073,-0.003391287,0.000000000000e+00
43.050000,-0.115551484,0.007017538,-0.072199322,0.001254403,0.084030684,3.623675,1,Solve_Succeeded,0.070194260,-0.003373878,-8.673617379884e-19
43.060000,-0.116265223,0.007029667,-0.071497676,0.001219157,0.084030684,3.623675,1,Solve_Succeeded,0.070194260,-0.003373878,-8.673617379884e-19
43.070000,-0.116971943,0.007041474,-0.070795839,0.001186421,0.084304928,3.655311,1,Solve_Succeeded,0.070421900,-0.003355944,0.000000000000e+00
