time_s,cart_x_m,theta_rad,cart_v_mps,theta_dot_radps,force_N,solve_time_ms,solver_success,solver_status,model_x_ddot_mps2,model_theta_ddot_radps2,forward_dynamics_equation_residual_inf
0.010000,-0.000011123,0.080223217,0.000000000,0.000000000,6.811952264,18.087714,1,Solve_Succeeded,6.368906152,-13.890258545,8.881784197001e-16
0.020000,0.000614643,0.079057542,0.053190128,-0.099082348,6.811952264,18.087714,1,Solve_Succeeded,6.368906152,-13.890258545,8.881784197001e-16
0.030000,0.001877481,0.076499418,0.115319782,-0.232302916,1.702521279,4.009225,1,Solve_Succeeded,1.513510905,-1.896285198,6.938893903907e-18
0.040000,0.003291675,0.073751615,0.137504433,-0.268408679,1.702521279,4.009225,1,Solve_Succeeded,1.513510905,-1.896285198,6.938893903907e-18
0.050000,0.004857618,0.070806434,0.153730823,-0.290601744,0.050916424,2.841038,1,Solve_Succeeded,-0.049912264,1.857481244,0.000000000000e+00
0.060000,0.006418572,0.068047003,0.155740691,-0.278141884,0.050916424,2.841038,1,Solve_Succeeded,-0.049912264,1.857481244,0.000000000000e+00
0.070000,0.007974913,0.065465661,0.155650063,-0.261135312,0.261251604,2.694005,1,Solve_Succeeded,0.157562756,1.209991225,5.551115123126e-17
0.080000,0.009547009,0.063005341,0.156975725,-0.248297543,0.261251604,2.694005,1,Solve_Succeeded,0.157562756,1.209991225,5.551115123126e-17
0.090000,0.011135200,0.060659169,0.158542610,-0.236669257,0.409469522,2.511612,1,Solve_Succeeded,0.305249532,0.724228968,5.551115123126e-17
0.100000,0.012753916,0.058385432,0.161372217,-0.228767959,0.409469522,2.511612,1,Solve_Succeeded,0.305249532,0.724228968,5.551115123126e-17
0.110000,0.014403471,0.056177771,0.164418013,-0.221966379,0.378990793,2.960784,1,Solve_Succeeded,0.282453439,0.671269785,0.000000000000e+00
0.120000,0.016081271,0.054037243,0.167275692,-0.215239845,0.378990793,2.960784,1,Solve_Succeeded,0.282453439,0.671269785,0.000000000000e+00
0.130000,0.017787613,0.051957862,0.170130407,-0.209033385,0.331637159,2.894520,1,Solve_Succeeded,0.243238817,0.665677254,3.469446951954e-18
0.140000,0.019518278,0.049945052,0.172626101,-0.202443899,0.331637159,2.894520,1,Solve_Succeeded,0.243238817,0.665677254,3.469446951954e-18
0.150000,0.021273546,0.047993184,0.175091708,-0.196275373,0.300274457,2.688076,1,Solve_Succeeded,0.218893435,0.629278354,3.469446951954e-18
0.160000,0.023050703,0.046104245,0.177322103,-0.190001091,0.300274457,2.688076,1,Solve_Succeeded,0.218893435,0.629278354,3.469446951954e-18
0.170000,0.024850012,0.044272953,0.179539542,-0.184159961,0.274328238,2.507103,1,Solve_Succeeded,0.199367860,0.586856184,3.469446951954e-18
0.180000,0.026669257,0.042500348,0.181566749,-0.178295460,0.274328238,2.507103,1,Solve_Succeeded,0.199367860,0.586856184,3.469446951954e-18
0.190000,0.028508685,0.040781471,0.183586391,-0.172848857,0.249201501,2.830065,1,Solve_Succeeded,0.180307402,0.548884774,5.551115123126e-17
0.200000,0.030366143,0.039117482,0.185421919,-0.167366344,0.249201501,2.830065,1,Solve_Succeeded,0.180307402,0.548884774,5.551115123126e-17
0.210000,0.032241863,0.037503728,0.187249531,-0.162274060,0.225143388,3.134479,1,Solve_Succeeded,0.161969273,0.514353380,0.000000000000e+00
0.220000,0.034133781,0.035941409,0.188900385,-0.157138240,0.225143388,3.134479,1,Solve_Succeeded,0.161969273,0.514353380,0.000000000000e+00
0.230000,0.036042112,0.034426155,0.190543235,-0.152367361,0.202521431,3.506334,1,Solve_Succeeded,0.144721621,0.482009435,0.000000000000e+00
0.240000,0.037964915,0.032959101,0.192019774,-0.147554690,0.202521431,3.506334,1,Solve_Succeeded,0.144721621,0.482009435,0.000000000000e+00
0.250000,0.039902395,0.031536143,0.193488758,-0.143084595,0.181277111,3.043274,1,Solve_Succeeded,0.128525807,0.451639140,2.775557561563e-17
0.260000,0.041852728,0.030158349,0.194801556,-0.138575194,0.181277111,3.043274,1,Solve_Succeeded,0.128525807,0.451639140,2.775557561563e-17
0.270000,0.043816104,0.028821863,0.196107268,-0.134387540,0.161288144,2.799913,1,Solve_Succeeded,0.113281498,0.423201991,2.775557561563e-17
0.280000,0.045790809,0.027527698,0.197266003,-0.130162222,0.161288144,2.799913,1,Solve_Succeeded,0.113281498,0.423201991,2.775557561563e-17
0.290000,0.047777023,0.026272231,0.198418047,-0.126239027,0.142468155,3.895730,1,Solve_Succeeded,0.098921584,0.396593061,1.734723475977e-18
0.300000,0.049773128,0.025056422,0.199431674,-0.122279552,0.142468155,3.895730,1,Solve_Succeeded,0.098921584,0.396593061,1.734723475977e-18
0.310000,0.051779296,0.023876871,0.200438971,-0.118603789,0.124746462,2.882233,1,Solve_Succeeded,0.085392972,0.371690060,1.734723475977e-18
0.320000,0.053794002,0.022734488,0.201315896,-0.114893100,0.124746462,2.882233,1,Solve_Succeeded,0.085392972,0.371690060,1.734723475977e-18
0.330000,0.055817407,0.021626078,0.202186829,-0.111448877,0.108055754,2.637429,1,Solve_Succeeded,0.072644897,0.348381351,0.000000000000e+00
0.340000,0.057848077,0.020552505,0.202934943,-0.107971040,0.108055754,2.637429,1,Solve_Succeeded,0.072644897,0.348381351,0.000000000000e+00
0.350000,0.059886161,0.019510765,0.203677385,-0.104743510,0.092331959,2.720362,1,Solve_Succeeded,0.060628859,0.326565011,1.734723475977e-18
0.360000,0.061930308,0.018501682,0.204304090,-0.101483611,0.092331959,2.720362,1,Solve_Succeeded,0.060628859,0.326565011,1.734723475977e-18
0.370000,0.063980659,0.017522431,0.204925422,-0.098458877,0.077515096,3.464787,1,Solve_Succeeded,0.049299471,0.306145709,0.000000000000e+00
0.380000,0.066035939,0.016573794,0.205437662,-0.095402957,0.077515096,3.464787,1,Solve_Succeeded,0.049299471,0.306145709,0.000000000000e+00
0.390000,0.068096282,0.015653117,0.205944811,-0.092568010,0.063549137,2.653249,1,Solve_Succeeded,0.038614380,0.287033964,0.000000000000e+00
0.400000,0.070160487,0.014761143,0.206349102,-0.089703005,0.063549137,2.653249,1,Solve_Succeeded,0.038614380,0.287033964,0.000000000000e+00
0.410000,0.072228677,0.013895375,0.206748564,-0.087045669,0.050381670,4.033107,1,Solve_Succeeded,0.028533989,0.269145978,6.938893903907e-18
0.420000,0.074299721,0.013056522,0.207051019,-0.084359351,0.050381670,4.033107,1,Solve_Succeeded,0.028533989,0.269145978,6.938893903907e-18
0.430000,0.076373736,0.012242236,0.207348894,-0.081868232,0.037963647,3.766436,1,Solve_Succeeded,0.019021254,0.252403324,8.673617379884e-19
0.440000,0.078449652,0.011453190,0.207555254,-0.079349155,0.037963647,3.766436,1,Solve_Succeeded,0.019021254,0.252403324,8.673617379884e-19
0.450000,0.080527582,0.010687176,0.207757266,-0.077013589,0.026249164,2.663610,1,Solve_Succeeded,0.010041518,0.236732600,3.469446951954e-18
0.460000,0.082606515,0.009944835,0.207872919,-0.074651043,0.026249164,2.663610,1,Solve_Succeeded,0.010041518,0.236732600,3.469446951954e-18
0.470000,0.084686556,0.009224089,0.207984444,-0.072461049,0.015195265,3.416461,1,Solve_Succeeded,0.001562360,0.222065097,3.469446951954e-18
0.480000,0.086766754,0.008525549,0.208014451,-0.070245011,0.015195265,3.416461,1,Solve_Succeeded,0.001562360,0.222065097,3.469446951954e-18
0.490000,0.088847205,0.007847261,0.208040537,-0.068191247,0.004761752,3.384250,1,Solve_Succeeded,-0.006446553,0.208336507,8.673617379884e-19
0.500000,0.090927012,0.007189806,0.207989653,-0.066112335,0.004761752,3.384250,1,Solve_Succeeded,-0.006446553,0.208336507,8.673617379884e-19
0.510000,0.093006266,0.006551345,0.207935042,-0.064186059,-0.005088994,3.776277,1,Solve_Succeeded,-0.014013601,0.195486634,8.673617379884e-19
0.520000,0.095084118,0.005932432,0.207807734,-0.062235493,-0.005088994,3.776277,1,Solve_Succeeded,-0.014013601,0.195486634,8.673617379884e-19
0.530000,0.097160656,0.005331336,0.207676882,-0.060428525,-0.014392179,4.137777,1,Solve_Succeeded,-0.021165335,0.183459138,1.734723475977e-18
0.540000,0.099235078,0.004748585,0.207477349,-0.058598087,-0.014392179,4.137777,1,Solve_Succeeded,-0.021165335,0.183459138,1.734723475977e-18
0.550000,0.101307464,0.004182549,0.207274444,-0.056902769,-0.023180749,2.682315,1,Solve_Succeeded,-0.027926603,0.172201285,3.469446951954e-18
0.560000,0.103377058,0.003633733,0.207006631,-0.055184769,-0.023180749,2.682315,1,Solve_Succeeded,-0.027926603,0.172201285,3.469446951954e-18
0.570000,0.105443936,0.003100601,0.206735611,-0.053593936,-0.031485539,2.902014,1,Solve_Succeeded,-0.034320651,0.161663716,0.000000000000e+00
0.580000,0.107507381,0.002583636,0.206403232,-0.051981177,-0.031485539,2.902014,1,Solve_Succeeded,-0.034320651,0.161663716,0.000000000000e+00
0.590000,0.109567467,0.002081389,0.206067798,-0.050488122,-0.039335403,2.626817,1,Solve_Succeeded,-0.040369233,0.151800231,6.938893903907e-18
0.600000,0.111623517,0.001594323,0.205674345,-0.048973868,-0.039335403,2.626817,1,Solve_Succeeded,-0.040369233,0.151800231,6.938893903907e-18
0.610000,0.113675597,0.001121073,0.205277982,-0.047572316,-0.046757348,3.144904,1,Solve_Succeeded,-0.046092705,0.142567590,6.938893903907e-18
0.620000,0.115723068,0.000662080,0.204826739,-0.046150264,-0.046757348,3.144904,1,Solve_Succeeded,-0.046092705,0.142567590,6.938893903907e-18
0.630000,0.117765994,0.000216059,0.204372725,-0.044834341,-0.053776646,2.820360,1,Solve_Succeeded,-0.051510116,0.133925319,6.938893903907e-18
0.640000,0.119803769,-0.000216570,0.203866787,-0.043498592,-0.053776646,2.820360,1,Solve_Succeeded,-0.051510116,0.133925319,6.938893903907e-18
0.650000,0.121836454,-0.000637017,0.203358207,-0.042262801,-0.060416951,3.219342,1,Solve_Succeeded,-0.056639292,0.125835536,6.938893903907e-18
0.660000,0.123863474,-0.001044881,0.202800486,-0.041007835,-0.060416951,3.219342,1,Solve_Succeeded,-0.056639292,0.125835536,6.938893903907e-18
0.670000,0.125884888,-0.001441303,0.202240246,-0.039847032,-0.066700400,3.245187,1,Solve_Succeeded,-0.061496914,0.118262783,1.387778780781e-17
0.680000,0.127900152,-0.001825898,0.201633486,-0.038667682,-0.066700400,3.245187,1,Solve_Succeeded,-0.061496914,0.118262783,1.387778780781e-17
0.690000,0.129909321,-0.002199744,0.201024324,-0.037577054,-0.072647711,2.749627,1,Solve_Succeeded,-0.066098595,0.111173874,6.505213034913e-19
0.700000,0.131911879,-0.002562473,0.200371112,-0.036468486,-0.072647711,2.749627,1,Solve_Succeeded,-0.066098595,0.111173874,6.505213034913e-19
0.710000,0.133907878,-0.002915099,0.199715607,-0.035443529,-0.078278276,2.539119,1,Solve_Succeeded,-0.070458945,0.104537748,4.336808689942e-19
0.720000,0.135896832,-0.003257272,0.199018381,-0.034401218,-0.078278276,2.539119,1,Solve_Succeeded,-0.070458945,0.104537748,4.336808689942e-19
0.730000,0.137878787,-0.003589949,0.198318967,-0.033437715,-0.083610242,2.550520,1,Solve_Succeeded,-0.074591638,0.098325329,0.000000000000e+00
0.740000,0.139853283,-0.003912793,0.197580026,-0.032457428,-0.083610242,2.550520,1,Solve_Succeeded,-0.074591638,0.098325329,0.000000000000e+00
0.750000,0.141820366,-0.004226709,0.196838997,-0.031551436,-0.088660598,3.122920,1,Solve_Succeeded,-0.078509471,0.092509407,1.387778780781e-17
0.760000,0.143779597,-0.004531374,0.196060512,-0.030629210,-0.088660598,3.122920,1,Solve_Succeeded,-0.078509471,0.092509407,1.387778780781e-17
0.770000,0.145731020,-0.004827640,0.195280034,-0.029777037,-0.093445243,2.845874,1,Solve_Succeeded,-0.082224425,0.087064513,8.673617379884e-19
0.780000,0.147674220,-0.005115200,0.194464055,-0.028909165,-0.093445243,2.845874,1,Solve_Succeeded,-0.082224425,0.087064513,8.673617379884e-19
0.790000,0.149609239,-0.005394859,0.193646172,-0.028107358,-0.097979060,4.124256,1,Solve_Succeeded,-0.085747710,0.081966808,4.336808689942e-19
0.800000,0.151535682,-0.005666321,0.192794634,-0.027290371,-0.097979060,4.124256,1,Solve_Succeeded,-0.085747710,0.081966808,4.336808689942e-19
0.810000,0.153453589,-0.005930346,0.191941277,-0.026535697,-0.102275978,2.716603,1,Solve_Succeeded,-0.089089822,0.077193981,4.336808689942e-19
0.820000,0.155362587,-0.006186652,0.191056011,-0.025766349,-0.102275978,2.716603,1,Solve_Succeeded,-0.089089822,0.077193981,4.336808689942e-19
0.830000,0.157262712,-0.006435956,0.190169007,-0.025055783,-0.106349039,2.718977,1,Solve_Succeeded,-0.092260584,0.072725150,1.387778780781e-17
0.840000,0.159153611,-0.006677987,0.189251741,-0.024331036,-0.106349039,2.718977,1,Solve_Succeeded,-0.092260584,0.072725150,1.387778780781e-17
0.850000,0.161035317,-0.006913424,0.188332816,-0.023661750,-0.110210451,2.503644,1,Solve_Succeeded,-0.095269192,0.068540769,1.387778780781e-17
0.860000,0.162907497,-0.007142006,0.187385190,-0.022978762,-0.110210451,2.503644,1,Solve_Succeeded,-0.095269192,0.068540769,1.387778780781e-17
0.870000,0.164770182,-0.007364374,0.186435977,-0.022348106,-0.113871641,3.394551,1,Solve_Succeeded,-0.098124257,0.064622547,2.775557561563e-17
0.880000,0.166623054,-0.007580280,0.185459539,-0.021704218,-0.113871641,3.394551,1,Solve_Succeeded,-0.098124257,0.064622547,2.775557561563e-17
0.890000,0.168466144,-0.007790328,0.184481587,-0.021109716,-0.117343308,2.878407,1,Solve_Succeeded,-0.100833839,0.060953361,1.387778780781e-17
0.900000,0.170299151,-0.007994281,0.183477806,-0.020502439,-0.117343308,2.878407,1,Solve_Succeeded,-0.100833839,0.060953361,1.387778780781e-17
0.910000,0.172122102,-0.008192709,0.182472578,-0.019941773,-0.120635472,4.068565,1,Solve_Succeeded,-0.103405486,0.057517188,1.387778780781e-17
0.920000,0.173934714,-0.008385386,0.181442847,-0.019368778,-0.120635472,4.068565,1,Solve_Succeeded,-0.103405486,0.057517188,1.387778780781e-17
0.930000,0.175737011,-0.008572850,0.180411734,-0.018839779,-0.123757510,2.642832,1,Solve_Succeeded,-0.105846263,0.054299031,1.387778780781e-17
0.940000,0.177528725,-0.008754884,0.179357374,-0.018298889,-0.123757510,2.642832,1,Solve_Succeeded,-0.105846263,0.054299031,1.387778780781e-17
0.950000,0.179309878,-0.008931998,0.178301692,-0.017799527,-0.126718207,2.523409,1,Solve_Succeeded,-0.108162788,0.051284853,2.775557561563e-17
0.960000,0.181080216,-0.009103984,0.177223957,-0.017288703,-0.126718207,2.523409,1,Solve_Succeeded,-0.108162788,0.051284853,2.775557561563e-17
0.970000,0.182839762,-0.009271322,0.176144959,-0.016817081,-0.129525788,2.610075,1,Solve_Succeeded,-0.110361259,0.048461518,0.000000000000e+00
0.980000,0.184588271,-0.009433815,0.175045039,-0.016334416,-0.129525788,2.610075,1,Solve_Succeeded,-0.110361259,0.048461518,0.000000000000e+00
0.990000,0.186325767,-0.009591916,0.173943914,-0.015888757,-0.132187955,2.434414,1,Solve_Succeeded,-0.112447482,0.045816732,8.673617379884e-19
1.000000,0.188052018,-0.009745435,0.172822941,-0.015432468,-0.132187955,2.434414,1,Solve_Succeeded,-0.112447482,0.045816732,8.673617379884e-19
1.010000,0.189767046,-0.009894803,0.171700819,-0.015011111,-0.134711924,2.479624,1,Solve_Succeeded,-0.114426892,0.043338988,0.000000000000e+00
1.020000,0.191470631,-0.010039837,0.170559872,-0.014579527,-0.134711924,2.479624,1,Solve_Succeeded,-0.114426892,0.043338988,0.000000000000e+00
1.030000,0.193162794,-0.010180942,0.169417827,-0.014180918,-0.137104454,2.773475,1,Solve_Succeeded,-0.116304583,0.041017516,8.673617379884e-19
1.040000,0.194843327,-0.010317946,0.168257931,-0.013772479,-0.137104454,2.773475,1,Solve_Succeeded,-0.116304583,0.041017516,8.673617379884e-19
1.050000,0.196512248,-0.010451232,0.167096988,-0.013395164,-0.139371876,2.933845,1,Solve_Succeeded,-0.118085329,0.038842239,2.775557561563e-17
1.060000,0.198169361,-0.010580634,0.165919121,-0.013008409,-0.139371876,2.933845,1,Solve_Succeeded,-0.118085329,0.038842239,2.775557561563e-17
1.070000,0.199814683,-0.010706513,0.164740256,-0.012651027,-0.141520122,2.648734,1,Solve_Succeeded,-0.119773601,0.036803725,0.000000000000e+00
1.080000,0.201448028,-0.010828713,0.163545351,-0.012284589,-0.141520122,2.648734,1,Solve_Succeeded,-0.119773601,0.036803725,0.000000000000e+00
1.090000,0.203069412,-0.010947574,0.162349493,-0.011945868,-0.143554752,2.501057,1,Solve_Succeeded,-0.121373591,0.034893147,2.775557561563e-17
1.100000,0.204678659,-0.011062945,0.161138439,-0.011598469,-0.143554752,2.501057,1,Solve_Succeeded,-0.121373591,0.034893147,2.775557561563e-17
1.110000,0.206275785,-0.011175150,0.159926478,-0.011277220,-0.145480976,2.924051,1,Solve_Succeeded,-0.122889227,0.033102243,8.673617379884e-19
1.120000,0.207860623,-0.011284046,0.158700126,-0.010947665,-0.145480976,2.924051,1,Solve_Succeeded,-0.122889227,0.033102243,8.673617379884e-19
1.130000,0.209433186,-0.011389935,0.157472910,-0.010642773,-0.147303678,2.573802,1,Solve_Succeeded,-0.124324192,0.031423282,2.775557561563e-17
1.140000,0.210993317,-0.011492683,0.156232073,-0.010329943,-0.147303678,2.573802,1,Solve_Succeeded,-0.124324192,0.031423282,2.775557561563e-17
1.150000,0.212541030,-0.011592575,0.154990414,-0.010040369,-0.149027436,2.691607,1,Solve_Succeeded,-0.125681940,0.029849031,2.775557561563e-17
1.160000,0.214076175,-0.011689483,0.153735869,-0.009743217,-0.149027436,2.691607,1,Solve_Succeeded,-0.125681940,0.029849031,2.775557561563e-17
1.170000,0.215598765,-0.011783677,0.152480544,-0.009467986,-0.150656544,2.723781,1,Solve_Succeeded,-0.126965710,0.028372718,0.000000000000e+00
1.180000,0.217108659,-0.011875034,0.151213036,-0.009185534,-0.150656544,2.723781,1,Solve_Succeeded,-0.126965710,0.028372718,0.000000000000e+00
1.190000,0.218605868,-0.011963809,0.149944789,-0.008923737,-0.152195029,2.587765,1,Solve_Succeeded,-0.128178542,0.026988007,1.734723475977e-18
1.200000,0.220090260,-0.012049886,0.148665034,-0.008655070,-0.152195029,2.587765,1,Solve_Succeeded,-0.128178542,0.026988007,1.734723475977e-18
1.210000,0.221561846,-0.012133505,0.147384578,-0.008405853,-0.153646667,2.429795,1,Solve_Succeeded,-0.129323286,0.025688969,8.673617379884e-19
1.220000,0.223020500,-0.012214555,0.146093261,-0.008150116,-0.153646667,2.429795,1,Solve_Succeeded,-0.129323286,0.025688969,8.673617379884e-19
1.230000,0.224466233,-0.012293263,0.144801280,-0.007912684,-0.155015004,2.548625,1,Solve_Succeeded,-0.130402619,0.024470055,0.000000000000e+00
1.240000,0.225898926,-0.012369523,0.143499061,-0.007669075,-0.155015004,2.548625,1,Solve_Succeeded,-0.130402619,0.024470055,0.000000000000e+00
1.250000,0.227318589,-0.012443551,0.142196213,-0.007442684,-0.156303366,2.550198,1,Solve_Succeeded,-0.131419053,0.023326074,8.673617379884e-19
1.260000,0.228725110,-0.012515245,0.140883724,-0.007210455,-0.156303366,2.550198,1,Solve_Succeeded,-0.131419053,0.023326074,8.673617379884e-19
1.270000,0.230118499,-0.012584808,0.139570642,-0.006994409,-0.157514877,2.741589,1,Solve_Succeeded,-0.132374949,0.022252166,0.000000000000e+00
1.280000,0.231498651,-0.012652146,0.138248493,-0.006772859,-0.157514877,2.741589,1,Solve_Succeeded,-0.132374949,0.022252166,0.000000000000e+00
1.290000,0.232865574,-0.012717447,0.136925785,-0.006566506,-0.158652471,2.609853,1,Solve_Succeeded,-0.133272523,0.021243785,2.775557561563e-17
1.300000,0.234219171,-0.012780623,0.135594562,-0.006354982,-0.158652471,2.609853,1,Solve_Succeeded,-0.133272523,0.021243785,2.775557561563e-17
1.310000,0.235559449,-0.012841852,0.134262814,-0.006157714,-0.159718901,2.476811,1,Solve_Succeeded,-0.134113859,0.020296677,8.673617379884e-19
1.320000,0.236886315,-0.012901052,0.132923084,-0.005955602,-0.159718901,2.476811,1,Solve_Succeeded,-0.134113859,0.020296677,8.673617379884e-19
1.330000,0.238199779,-0.012958387,0.131582861,-0.005766851,-0.160716759,2.475304,1,Solve_Succeeded,-0.134900915,0.019406860,1.734723475977e-18
1.340000,0.239499752,-0.013013782,0.130235170,-0.005573580,-0.160716759,2.475304,1,Solve_Succeeded,-0.134900915,0.019406860,1.734723475977e-18
1.350000,0.240786243,-0.013067391,0.128887018,-0.005392813,-0.161648478,2.527317,1,Solve_Succeeded,-0.135635535,0.018570611,2.775557561563e-17
1.360000,0.242059171,-0.013119143,0.127531893,-0.005207848,-0.161648478,2.527317,1,Solve_Succeeded,-0.135635535,0.018570611,2.775557561563e-17
1.370000,0.243318542,-0.013169183,0.126176338,-0.005034568,-0.162516348,2.910490,1,Solve_Succeeded,-0.136319452,0.017784442,1.734723475977e-18
1.380000,0.244564281,-0.013217444,0.124814290,-0.004857408,-0.162516348,2.910490,1,Solve_Succeeded,-0.136319452,0.017784442,1.734723475977e-18
1.390000,0.245796396,-0.013264062,0.123451842,-0.004691151,-0.163322525,2.532610,1,Solve_Succeeded,-0.136954298,0.017045095,8.673617379884e-19
1.400000,0.247014814,-0.013308976,0.122083363,-0.004521329,-0.163322525,2.532610,1,Solve_Succeeded,-0.136954298,0.017045095,8.673617379884e-19
1.410000,0.248219544,-0.013352311,0.120714514,-0.004361660,-0.164069035,3.084878,1,Solve_Succeeded,-0.137541612,0.016349516,0.000000000000e+00
1.420000,0.249410519,-0.013394011,0.119340083,-0.004198739,-0.164069035,3.084878,1,Solve_Succeeded,-0.137541612,0.016349516,0.000000000000e+00
1.430000,0.250587746,-0.013434192,0.117965311,-0.004045253,-0.164757789,2.740976,1,Solve_Succeeded,-0.138082841,0.015694852,0.000000000000e+00
1.440000,0.251751165,-0.013472805,0.116585391,-0.003888825,-0.164757789,2.740976,1,Solve_Succeeded,-0.138082841,0.015694852,0.000000000000e+00
1.450000,0.252900781,-0.013509955,0.115205159,-0.003741142,-0.165390588,2.650048,1,Solve_Succeeded,-0.138579352,0.015078432,1.734723475977e-18
1.460000,0.254036539,-0.013545598,0.113820199,-0.003590823,-0.165390588,2.650048,1,Solve_Succeeded,-0.138579352,0.015078432,1.734723475977e-18
1.470000,0.255158444,-0.013579833,0.112434955,-0.003448590,-0.165969128,2.540927,1,Solve_Succeeded,-0.139032436,0.014497756,2.775557561563e-17
1.480000,0.256266445,-0.013612618,0.111045393,-0.003304025,-0.165969128,2.540927,1,Solve_Succeeded,-0.139032436,0.014497756,2.775557561563e-17
1.490000,0.257360549,-0.013644046,0.109655573,-0.003166911,-0.166495011,2.537369,1,Solve_Succeeded,-0.139443309,0.013950487,2.775557561563e-17
1.500000,0.258440707,-0.013674078,0.108261832,-0.003027765,-0.166495011,2.537369,1,Solve_Succeeded,-0.139443309,0.013950487,2.775557561563e-17
1.510000,0.259506926,-0.013702799,0.106867860,-0.002895460,-0.166969749,2.525390,1,Solve_Succeeded,-0.139813122,0.013434438,2.775557561563e-17
1.520000,0.260559163,-0.013730177,0.105470353,-0.002761423,-0.166969749,2.525390,1,Solve_Succeeded,-0.139813122,0.013434438,2.775557561563e-17
1.530000,0.261597423,-0.013756287,0.104072641,-0.002633639,-0.167394770,2.661369,1,Solve_Succeeded,-0.140142963,0.012947563,0.000000000000e+00
1.540000,0.262621669,-0.013781104,0.102671769,-0.002504418,-0.167394770,2.661369,1,Solve_Succeeded,-0.140142963,0.012947563,0.000000000000e+00
1.550000,0.263631904,-0.013804694,0.101270719,-0.002380885,-0.167771423,3.560078,1,Solve_Succeeded,-0.140433861,0.012487948,2.775557561563e-17
1.560000,0.264628095,-0.013827036,0.099866874,-0.002256208,-0.167771423,3.560078,1,Solve_Succeeded,-0.140433861,0.012487948,2.775557561563e-17
1.570000,0.265610246,-0.013848192,0.098462875,-0.002136676,-0.168100988,2.790333,1,Solve_Succeeded,-0.140686792,0.012053803,0.000000000000e+00
1.580000,0.266578328,-0.013868143,0.097056437,-0.002016289,-0.168100988,2.790333,1,Solve_Succeeded,-0.140686792,0.012053803,0.000000000000e+00
1.590000,0.267532345,-0.013886944,0.095649872,-0.001900521,-0.168384674,3.031952,1,Solve_Succeeded,-0.140902681,0.011643452,2.775557561563e-17
1.600000,0.268472271,-0.013904580,0.094241214,-0.001784187,-0.168384674,3.031952,1,Solve_Succeeded,-0.140902681,0.011643452,2.775557561563e-17
1.610000,0.269398110,-0.013921102,0.092832453,-0.001671965,-0.168623627,3.124336,1,Solve_Succeeded,-0.141082403,0.011255331,2.775557561563e-17
1.620000,0.270309840,-0.013936498,0.091421938,-0.001559461,-0.168623627,3.124336,1,Solve_Succeeded,-0.141082403,0.011255331,2.775557561563e-17
1.630000,0.271207464,-0.013950812,0.090011344,-0.001450579,-0.168818936,3.229739,1,Solve_Succeeded,-0.141226794,0.010887973,2.775557561563e-17
1.640000,0.272090966,-0.013964036,0.088599327,-0.001341700,-0.168818936,3.229739,1,Solve_Succeeded,-0.141226794,0.010887973,2.775557561563e-17
1.650000,0.272960346,-0.013976210,0.087187254,-0.001235967,-0.168971632,2.661529,1,Solve_Succeeded,-0.141336644,0.010540009,1.734723475977e-18
1.660000,0.273815593,-0.013987329,0.085774082,-0.001130517,-0.168971632,2.661529,1,Solve_Succeeded,-0.141336644,0.010540009,1.734723475977e-18
1.670000,0.274656708,-0.013997425,0.084360877,-0.001027756,-0.169082698,2.997347,1,Solve_Succeeded,-0.141412707,0.010210157,0.000000000000e+00
1.680000,0.275483682,-0.014006500,0.082946888,-0.000925556,-0.169082698,2.997347,1,Solve_Succeeded,-0.141412707,0.010210157,0.000000000000e+00
1.690000,0.276296515,-0.014014580,0.081532890,-0.000825599,-0.169153069,3.074613,1,Solve_Succeeded,-0.141455703,0.009897219,2.775557561563e-17
1.700000,0.277095203,-0.014021669,0.080118417,-0.000726480,-0.169153069,3.074613,1,Solve_Succeeded,-0.141455703,0.009897219,2.775557561563e-17
1.710000,0.277879747,-0.014027790,0.078703957,-0.000629173,-0.169183632,3.221163,1,Solve_Succeeded,-0.141466317,0.009600074,0.000000000000e+00
1.720000,0.278650144,-0.014032950,0.077289325,-0.000532977,-0.169183632,3.221163,1,Solve_Succeeded,-0.141466317,0.009600074,0.000000000000e+00
1.730000,0.279406395,-0.014037164,0.075874727,-0.000438175,-0.169175238,3.132858,1,Solve_Succeeded,-0.141445203,0.009317675,0.000000000000e+00
1.740000,0.280148501,-0.014040447,0.074460254,-0.000344754,-0.169175238,3.132858,1,Solve_Succeeded,-0.141445203,0.009317675,0.000000000000e+00
1.750000,0.280876463,-0.014042807,0.073045838,-0.000252323,-0.169128695,2.749547,1,Solve_Succeeded,-0.141392986,0.009049042,2.775557561563e-17
1.760000,0.281590286,-0.014044262,0.071631835,-0.000161541,-0.169128695,2.749547,1,Solve_Succeeded,-0.141392986,0.009049042,2.775557561563e-17
1.770000,0.282289970,-0.014044816,0.070217912,-0.000071354,-0.169044777,3.584702,1,Solve_Succeeded,-0.141310267,0.008793258,0.000000000000e+00
1.780000,0.282975523,-0.014044491,0.068804686,0.000016917,-0.169044777,3.584702,1,Solve_Succeeded,-0.141310267,0.008793258,0.000000000000e+00
1.790000,0.283646945,-0.014043286,0.067391561,0.000104977,-0.168924226,3.302000,1,Solve_Succeeded,-0.141197620,0.008549469,2.775557561563e-17
1.800000,0.284304247,-0.014041226,0.065979413,0.000190856,-0.168924226,3.302000,1,Solve_Succeeded,-0.141197620,0.008549469,2.775557561563e-17
1.810000,0.284947429,-0.014038305,0.064567386,0.000276898,-0.168767752,3.361678,1,Solve_Succeeded,-0.141055596,0.008316872,0.000000000000e+00
1.820000,0.285576506,-0.014034553,0.063156610,0.000360498,-0.168767752,3.361678,1,Solve_Succeeded,-0.141055596,0.008316872,0.000000000000e+00
1.830000,0.286191476,-0.014029958,0.061745976,0.000444624,-0.168576035,3.269973,1,Solve_Succeeded,-0.140884725,0.008094721,1.734723475977e-18
1.840000,0.286792358,-0.014024554,0.060336861,0.000526047,-0.168576035,3.269973,1,Solve_Succeeded,-0.140884725,0.008094721,1.734723475977e-18
1.850000,0.287379151,-0.014018325,0.058927910,0.000608352,-0.168349730,3.526497,1,Solve_Succeeded,-0.140685519,0.007882316,2.775557561563e-17
1.860000,0.287951875,-0.014011308,0.057520740,0.000687697,-0.168349730,3.526497,1,Solve_Succeeded,-0.140685519,0.007882316,2.775557561563e-17
1.870000,0.288510530,-0.014003483,0.056113755,0.000768267,-0.168089465,3.326031,1,Solve_Succeeded,-0.140458467,0.007679003,2.775557561563e-17
1.880000,0.289055138,-0.013994891,0.054708810,0.000845624,-0.168089465,3.326031,1,Solve_Succeeded,-0.140458467,0.007679003,2.775557561563e-17
1.890000,0.289585700,-0.013985506,0.053304069,0.000924544,-0.167795849,2.582164,1,Solve_Succeeded,-0.140204047,0.007484172,1.734723475977e-18
1.900000,0.290102242,-0.013975373,0.051901624,0.000999997,-0.167795849,2.582164,1,Solve_Succeeded,-0.140204047,0.007484172,1.734723475977e-18
1.910000,0.290604761,-0.013964463,0.050499402,0.001077341,-0.167469465,2.687435,1,Solve_Succeeded,-0.139922715,0.007297252,2.775557561563e-17
1.920000,0.291093288,-0.013952823,0.049099726,0.001150969,-0.167469465,2.687435,1,Solve_Succeeded,-0.139922715,0.007297252,2.775557561563e-17
1.930000,0.291567822,-0.013940421,0.047700293,0.001226809,-0.167110878,2.424251,1,Solve_Succeeded,-0.139614917,0.007117711,2.775557561563e-17
1.940000,0.292028393,-0.013927308,0.046303651,0.001298686,-0.167110878,2.424251,1,Solve_Succeeded,-0.139614917,0.007117711,2.775557561563e-17
1.950000,0.292475002,-0.013913445,0.044907272,0.001373088,-0.166720636,3.083589,1,Solve_Succeeded,-0.139281084,0.006945050,2.775557561563e-17
1.960000,0.292907682,-0.013898889,0.043513926,0.001443281,-0.166720636,3.083589,1,Solve_Succeeded,-0.139281084,0.006945050,2.775557561563e-17
1.970000,0.293326433,-0.013883597,0.042120862,0.001516306,-0.166299269,2.723353,1,Solve_Succeeded,-0.138921633,0.006778805,1.734723475977e-18
1.980000,0.293731291,-0.013867627,0.040731069,0.001584879,-0.166299269,2.723353,1,Solve_Succeeded,-0.138921633,0.006778805,1.734723475977e-18
1.990000,0.294122255,-0.013850935,0.039341576,0.001656585,-0.165847289,3.514303,1,Solve_Succeeded,-0.138536971,0.006618542,0.000000000000e+00
2.000000,0.294499365,-0.013833580,0.037955588,0.001723598,-0.165847289,3.514303,1,Solve_Succeeded,-0.138536971,0.006618542,0.000000000000e+00
2.010000,0.294862618,-0.013815516,0.036569919,0.001794037,-0.165365196,2.535953,1,Solve_Succeeded,-0.138127494,0.006463854,0.000000000000e+00
2.020000,0.295212060,-0.013796805,0.035187985,0.001859545,-0.165365196,2.535953,1,Solve_Succeeded,-0.138127494,0.006463854,0.000000000000e+00
2.030000,0.295547685,-0.013777395,0.033806389,0.001928766,-0.164853476,2.839175,1,Solve_Succeeded,-0.137693588,0.006314364,2.775557561563e-17
2.040000,0.295869542,-0.013757354,0.032428754,0.001992821,-0.164853476,2.839175,1,Solve_Succeeded,-0.137693588,0.006314364,2.775557561563e-17
2.050000,0.296177626,-0.013736625,0.031051475,0.002060870,-0.164312602,2.825697,1,Solve_Succeeded,-0.137235628,0.006169717,0.000000000000e+00
2.060000,0.296471987,-0.013715279,0.029678381,0.002123520,-0.164312602,2.825697,1,Solve_Succeeded,-0.137235628,0.006169717,0.000000000000e+00
2.070000,0.296752621,-0.013693257,0.028305660,0.002190438,-0.163743036,2.626137,1,Solve_Succeeded,-0.136753984,0.006029586,0.000000000000e+00
2.080000,0.297019580,-0.013670631,0.026937343,0.002251728,-0.163743036,2.626137,1,Solve_Succeeded,-0.136753984,0.006029586,0.000000000000e+00
2.090000,0.297272860,-0.013647339,0.025569418,0.002317556,-0.163145228,2.712205,1,Solve_Succeeded,-0.136249016,0.005893661,1.734723475977e-18
2.100000,0.297512515,-0.013623458,0.024206112,0.002377526,-0.163145228,2.712205,1,Solve_Succeeded,-0.136249016,0.005893661,1.734723475977e-18
2.110000,0.297738542,-0.013598921,0.022843216,0.002442300,-0.162519619,2.770508,1,Solve_Succeeded,-0.135721076,0.005761656,0.000000000000e+00
2.120000,0.297950997,-0.013573808,0.021485152,0.002500990,-0.162519619,2.770508,1,Solve_Succeeded,-0.135721076,0.005761656,0.000000000000e+00
2.130000,0.298149876,-0.013548048,0.020127515,0.002564742,-0.161866642,2.709397,1,Solve_Succeeded,-0.135170512,0.005633304,0.000000000000e+00
2.140000,0.298335239,-0.013521724,0.018774920,0.002622188,-0.161866642,2.709397,1,Solve_Succeeded,-0.135170512,0.005633304,0.000000000000e+00
2.150000,0.298507080,-0.013494764,0.017422768,0.002684952,-0.161186719,3.610085,1,Solve_Succeeded,-0.134597664,0.005508355,1.734723475977e-18
2.160000,0.298665462,-0.013467253,0.016075866,0.002741187,-0.161186719,3.610085,1,Solve_Succeeded,-0.134597664,0.005508355,1.734723475977e-18
2.170000,0.298810380,-0.013439114,0.014729423,0.002802989,-0.160480267,3.146258,1,Solve_Succeeded,-0.134002866,0.005386576,1.734723475977e-18
2.180000,0.298941898,-0.013410436,0.013388432,0.002858045,-0.160480267,3.146258,1,Solve_Succeeded,-0.134002866,0.005386576,1.734723475977e-18
2.190000,0.299060012,-0.013381140,0.012047918,0.002918913,-0.159747694,3.074570,1,Solve_Succeeded,-0.133386448,0.005267750,2.775557561563e-17
2.200000,0.299164787,-0.013351317,0.010713057,0.002972819,-0.159747694,3.074570,1,Solve_Succeeded,-0.133386448,0.005267750,2.775557561563e-17
2.210000,0.299256219,-0.013320883,0.009378688,0.003032776,-0.158989402,3.532330,1,Solve_Succeeded,-0.132748736,0.005151677,1.734723475977e-18
2.220000,0.299334376,-0.013289934,0.008050168,0.003085559,-0.158989402,3.532330,1,Solve_Succeeded,-0.132748736,0.005151677,1.734723475977e-18
2.230000,0.299399254,-0.013258384,0.006722158,0.003144630,-0.158205788,4.705887,1,Solve_Succeeded,-0.132090049,0.005038167,0.000000000000e+00
2.240000,0.299450923,-0.013226329,0.005400191,0.003196315,-0.158205788,4.705887,1,Solve_Succeeded,-0.132090049,0.005038167,0.000000000000e+00
2.250000,0.299489378,-0.013193681,0.004078750,0.003254519,-0.157397241,4.405191,1,Solve_Succeeded,-0.131410706,0.004927045,2.602085213965e-18
2.260000,0.299514693,-0.013160541,0.002763542,0.003305129,-0.157397241,4.405191,1,Solve_Succeeded,-0.131410706,0.004927045,2.602085213965e-18
2.270000,0.299526862,-0.013126815,0.001448876,0.003362486,-0.156564148,4.258952,1,Solve_Succeeded,-0.130711018,0.004818150,2.775557561563e-17
2.280000,0.299525959,-0.013092607,0.000140633,0.003412044,-0.156564148,4.258952,1,Solve_Succeeded,-0.130711018,0.004818150,2.775557561563e-17
2.290000,0.299511981,-0.013057821,-0.001167054,0.003468571,-0.155706890,4.222655,1,Solve_Succeeded,-0.129991295,0.004711328,8.673617379884e-19
2.300000,0.299485004,-0.013022565,-0.002468133,0.003517096,-0.155706890,4.222655,1,Solve_Succeeded,-0.129991295,0.004711328,8.673617379884e-19
2.310000,0.299445022,-0.012986738,-0.003768640,0.003572810,-0.154825842,4.183060,1,Solve_Succeeded,-0.129251846,0.004606440,8.673617379884e-19
2.320000,0.299392116,-0.012950451,-0.005062357,0.003620322,-0.154825842,4.183060,1,Solve_Succeeded,-0.129251846,0.004606440,8.673617379884e-19
2.330000,0.299326279,-0.012913602,-0.006355487,0.003675237,-0.153921378,3.979906,1,Solve_Succeeded,-0.128492973,0.004503354,8.673617379884e-19
2.340000,0.299247593,-0.012876302,-0.007641647,0.003721753,-0.153921378,3.979906,1,Solve_Succeeded,-0.128492973,0.004503354,8.673617379884e-19
2.350000,0.299156052,-0.012838448,-0.008927204,0.003775884,-0.152993867,3.554508,1,Solve_Succeeded,-0.127714978,0.004401949,1.734723475977e-18
2.360000,0.299051740,-0.012800154,-0.010205615,0.003821420,-0.152993867,3.554508,1,Solve_Succeeded,-0.127714978,0.004401949,1.734723475977e-18
2.370000,0.298934651,-0.012761312,-0.011483410,0.003874778,-0.152043675,4.383311,1,Solve_Succeeded,-0.126918160,0.004302111,2.775557561563e-17
2.380000,0.298804870,-0.012722039,-0.012753883,0.003919350,-0.152043675,4.383311,1,Solve_Succeeded,-0.126918160,0.004302111,2.775557561563e-17
2.390000,0.298662392,-0.012682227,-0.014023726,0.003971948,-0.151071165,3.075095,1,Solve_Succeeded,-0.126102818,0.004203737,8.673617379884e-19
2.400000,0.298507303,-0.012641994,-0.015286076,0.004015570,-0.151071165,3.075095,1,Solve_Succeeded,-0.126102818,0.004203737,8.673617379884e-19
2.410000,0.298339599,-0.012601229,-0.016547781,0.004067417,-0.150076698,3.029825,1,Solve_Succeeded,-0.125269245,0.004106728,2.775557561563e-17
2.420000,0.298159368,-0.012560052,-0.017801825,0.004110102,-0.150076698,3.029825,1,Solve_Succeeded,-0.125269245,0.004106728,2.775557561563e-17
2.430000,0.297966604,-0.012518350,-0.019055210,0.004161209,-0.149060631,3.712895,1,Solve_Succeeded,-0.124417737,0.004010995,2.775557561563e-17
2.440000,0.297761398,-0.012476247,-0.020300768,0.004202968,-0.149060631,3.712895,1,Solve_Succeeded,-0.124417737,0.004010995,2.775557561563e-17
2.450000,0.297543745,-0.012433624,-0.021545654,0.004253344,-0.148023320,3.361851,1,Solve_Succeeded,-0.123548585,0.003916453,8.673617379884e-19
2.460000,0.297313736,-0.012390611,-0.022782549,0.004294190,-0.148023320,3.361851,1,Solve_Succeeded,-0.123548585,0.003916453,8.673617379884e-19
2.470000,0.297071367,-0.012347084,-0.024018758,0.004343841,-0.146965119,3.058798,1,Solve_Succeeded,-0.122662081,0.003823027,1.734723475977e-18
2.480000,0.296816732,-0.012303176,-0.025246817,0.004383785,-0.146965119,3.058798,1,Solve_Succeeded,-0.122662081,0.003823027,1.734723475977e-18
2.490000,0.296549824,-0.012258763,-0.026474176,0.004432719,-0.145886380,3.044480,1,Solve_Succeeded,-0.121758514,0.003730644,8.673617379884e-19
2.500000,0.296270741,-0.012213976,-0.027693227,0.004471770,-0.145886380,3.044480,1,Solve_Succeeded,-0.121758514,0.003730644,8.673617379884e-19
2.510000,0.295979475,-0.012168691,-0.028911565,0.004519994,-0.144787453,2.882041,1,Solve_Succeeded,-0.120838172,0.003639239,0.000000000000e+00
2.520000,0.295676126,-0.012123042,-0.030121440,0.004558161,-0.144787453,2.882041,1,Solve_Succeeded,-0.120838172,0.003639239,0.000000000000e+00
2.530000,0.295360686,-0.012076901,-0.031330589,0.004605681,-0.143668687,2.580469,1,Solve_Succeeded,-0.119901343,0.003548751,0.000000000000e+00
2.540000,0.295033256,-0.012030406,-0.032531122,0.004642974,-0.143668687,2.580469,1,Solve_Succeeded,-0.119901343,0.003548751,0.000000000000e+00
2.550000,0.294693830,-0.011983425,-0.033730917,0.004689795,-0.142530429,2.606806,1,Solve_Succeeded,-0.118948315,0.003459123,8.673617379884e-19
2.560000,0.294342508,-0.011936099,-0.034921946,0.004726221,-0.142530429,2.606806,1,Solve_Succeeded,-0.118948315,0.003459123,8.673617379884e-19
2.570000,0.293979286,-0.011888294,-0.036112224,0.004772348,-0.141373026,2.706346,1,Solve_Succeeded,-0.117979372,0.003370304,2.775557561563e-17
2.580000,0.293604265,-0.011840152,-0.037293591,0.004807915,-0.141373026,2.706346,1,Solve_Succeeded,-0.117979372,0.003370304,2.775557561563e-17
2.590000,0.293217440,-0.011791538,-0.038474193,0.004853352,-0.140196822,2.843809,1,Solve_Succeeded,-0.116994800,0.003282247,8.673617379884e-19
2.600000,0.292818915,-0.011742596,-0.039645739,0.004888067,-0.140196822,2.843809,1,Solve_Succeeded,-0.116994800,0.003282247,8.673617379884e-19
2.610000,0.292408684,-0.011693189,-0.040816509,0.004932818,-0.139002163,2.510246,1,Solve_Succeeded,-0.115994884,0.003194908,1.734723475977e-18
2.620000,0.291986853,-0.011643462,-0.041978081,0.004966687,-0.139002163,2.510246,1,Solve_Succeeded,-0.115994884,0.003194908,1.734723475977e-18
2.630000,0.291553416,-0.011593277,-0.043138865,0.005010756,-0.137789390,3.759572,1,Solve_Succeeded,-0.114979908,0.003108246,2.775557561563e-17
2.640000,0.291108481,-0.011542781,-0.044290311,0.005043787,-0.137789390,3.759572,1,Solve_Succeeded,-0.114979908,0.003108246,2.775557561563e-17
2.650000,0.290652041,-0.011491833,-0.045440958,0.005087176,-0.136558847,2.698466,1,Solve_Succeeded,-0.113950155,0.003022226,0.000000000000e+00
2.660000,0.290184206,-0.011440582,-0.046582131,0.005119374,-0.136558847,2.698466,1,Solve_Succeeded,-0.113950155,0.003022226,0.000000000000e+00
2.670000,0.289704968,-0.011388886,-0.047722493,0.005162086,-0.135310874,2.686831,1,Solve_Succeeded,-0.112905908,0.002936814,0.000000000000e+00
2.680000,0.289214440,-0.011336896,-0.048853248,0.005193456,-0.135310874,2.686831,1,Solve_Succeeded,-0.112905908,0.002936814,0.000000000000e+00
2.690000,0.288712615,-0.011284467,-0.049983179,0.005235495,-0.134045814,2.490262,1,Solve_Succeeded,-0.111847451,0.002851980,8.673617379884e-19
2.700000,0.288199604,-0.011231752,-0.051103372,0.005266043,-0.134045814,2.490262,1,Solve_Succeeded,-0.111847451,0.002851980,8.673617379884e-19
2.710000,0.287675401,-0.011178605,-0.052222732,0.005307409,-0.132764007,2.560948,1,Solve_Succeeded,-0.110775064,0.002767695,0.000000000000e+00
2.720000,0.287140121,-0.011125182,-0.053332224,0.005337140,-0.132764007,2.560948,1,Solve_Succeeded,-0.110775064,0.002767695,0.000000000000e+00
2.730000,0.286593756,-0.011071331,-0.054440871,0.005377836,-0.131465792,3.080136,1,Solve_Succeeded,-0.109689031,0.002683934,8.673617379884e-19
2.740000,0.286036422,-0.011017213,-0.055539525,0.005406754,-0.131465792,3.080136,1,Solve_Succeeded,-0.109689031,0.002683934,8.673617379884e-19
2.750000,0.285468112,-0.010962674,-0.056637323,0.005446781,-0.130151508,2.720017,1,Solve_Succeeded,-0.108589633,0.002600676,2.775557561563e-17
2.760000,0.284888942,-0.010907876,-0.057725005,0.005474892,-0.130151508,2.720017,1,Solve_Succeeded,-0.108589633,0.002600676,2.775557561563e-17
2.770000,0.284298906,-0.010852664,-0.058811821,0.005514252,-0.128821496,3.122020,1,Solve_Succeeded,-0.107477150,0.002517899,2.775557561563e-17
2.780000,0.283698122,-0.010797200,-0.059888399,0.005541559,-0.128821496,3.122020,1,Solve_Succeeded,-0.107477150,0.002517899,2.775557561563e-17
2.790000,0.283086583,-0.010741329,-0.060964101,0.005580253,-0.127476092,3.028372,1,Solve_Succeeded,-0.106351866,0.002435586,0.000000000000e+00
2.800000,0.282464408,-0.010685215,-0.062029447,0.005606760,-0.127476092,3.028372,1,Solve_Succeeded,-0.106351866,0.002435586,0.000000000000e+00
2.810000,0.281831591,-0.010628700,-0.063093907,0.005644790,-0.126115635,2.593038,1,Solve_Succeeded,-0.105214059,0.002353718,8.673617379884e-19
2.820000,0.281188252,-0.010571949,-0.064147896,0.005670501,-0.126115635,2.593038,1,Solve_Succeeded,-0.105214059,0.002353718,8.673617379884e-19
2.830000,0.280534384,-0.010514805,-0.065200989,0.005707867,-0.124740463,2.622487,1,Solve_Succeeded,-0.104064011,0.002272283,8.673617379884e-19
2.840000,0.279870109,-0.010457433,-0.066243497,0.005732787,-0.124740463,2.622487,1,Solve_Succeeded,-0.104064011,0.002272283,8.673617379884e-19
2.850000,0.279195420,-0.010399673,-0.067285099,0.005769490,-0.123350913,2.514304,1,Solve_Succeeded,-0.102902002,0.002191267,1.387778780781e-17
2.860000,0.278510440,-0.010341695,-0.068316007,0.005793621,-0.123350913,2.514304,1,Solve_Succeeded,-0.102902002,0.002191267,1.387778780781e-17
2.870000,0.277815163,-0.010283334,-0.069345999,0.005829662,-0.121947321,2.489589,1,Solve_Succeeded,-0.101728312,0.002110659,1.387778780781e-17
2.880000,0.277109712,-0.010224763,-0.070365189,0.005853009,-0.121947321,2.489589,1,Solve_Succeeded,-0.101728312,0.002110659,1.387778780781e-17
2.890000,0.276394081,-0.010165817,-0.071383455,0.005888387,-0.120530024,2.578295,1,Solve_Succeeded,-0.100543222,0.002030449,8.673617379884e-19
2.900000,0.275668395,-0.010106667,-0.072390812,0.005910953,-0.120530024,2.578295,1,Solve_Succeeded,-0.100543222,0.002030449,8.673617379884e-19
2.910000,0.274932647,-0.010047149,-0.073397236,0.005945670,-0.119099359,2.494772,1,Solve_Succeeded,-0.099347010,0.001950628,1.387778780781e-17
2.920000,0.274186963,-0.009987436,-0.074392650,0.005967458,-0.119099359,2.494772,1,Solve_Succeeded,-0.099347010,0.001950628,1.387778780781e-17
2.930000,0.273431337,-0.009927361,-0.075387121,0.006001514,-0.117655661,2.422129,1,Solve_Succeeded,-0.098139957,0.001871190,1.387778780781e-17
2.940000,0.272665897,-0.009867099,-0.076370482,0.006022528,-0.117655661,2.422129,1,Solve_Succeeded,-0.098139957,0.001871190,1.387778780781e-17
2.950000,0.271890635,-0.009806481,-0.077352892,0.006055923,-0.116199265,2.488095,1,Solve_Succeeded,-0.096922341,0.001792128,0.000000000000e+00
2.960000,0.271105680,-0.009745683,-0.078324094,0.006076166,-0.116199265,2.488095,1,Solve_Succeeded,-0.096922341,0.001792128,0.000000000000e+00
2.970000,0.270311024,-0.009684536,-0.079294337,0.006108901,-0.114730506,2.787330,1,Solve_Succeeded,-0.095694441,0.001713437,8.673617379884e-19
2.980000,0.269506799,-0.009623218,-0.080253276,0.006128376,-0.114730506,2.787330,1,Solve_Succeeded,-0.095694441,0.001713437,8.673617379884e-19
2.990000,0.268692996,-0.009561557,-0.081211249,0.006160451,-0.113249720,3.546564,1,Solve_Succeeded,-0.094456537,0.001635113,2.775557561563e-17
3.000000,0.267869747,-0.009499733,-0.082157826,0.006179161,-0.113249720,3.546564,1,Solve_Succeeded,-0.094456537,0.001635113,2.775557561563e-17
3.010000,0.267037044,-0.009437571,-0.083103428,0.006210576,-0.111757240,3.791462,1,Solve_Succeeded,-0.093208906,0.001557154,1.387778780781e-17
3.020000,0.266195021,-0.009375254,-0.084037544,0.006228524,-0.111757240,3.791462,1,Solve_Succeeded,-0.093208906,0.001557154,1.387778780781e-17
3.030000,0.265343667,-0.009312607,-0.084970678,0.006259279,-0.110253400,2.774539,1,Solve_Succeeded,-0.091951826,0.001479557,2.775557561563e-17
3.040000,0.264483118,-0.009249812,-0.085892239,0.006276469,-0.110253400,2.774539,1,Solve_Succeeded,-0.091951826,0.001479557,2.775557561563e-17
3.050000,0.263613366,-0.009186694,-0.086812811,0.006306564,-0.108738533,2.688781,1,Solve_Succeeded,-0.090685576,0.001402322,2.775557561563e-17
3.060000,0.262734545,-0.009123435,-0.087721724,0.006322999,-0.108738533,2.688781,1,Solve_Succeeded,-0.090685576,0.001402322,2.775557561563e-17
3.070000,0.261846646,-0.009059858,-0.088629641,0.006352435,-0.107212973,2.391345,1,Solve_Succeeded,-0.089410432,0.001325447,8.673617379884e-19
3.080000,0.260949806,-0.008996150,-0.089525817,0.006368117,-0.107212973,2.391345,1,Solve_Succeeded,-0.089410432,0.001325447,8.673617379884e-19
3.090000,0.260044017,-0.008932130,-0.090420990,0.006396893,-0.105677052,3.149451,1,Solve_Succeeded,-0.088126672,0.001248933,0.000000000000e+00
3.100000,0.259129414,-0.008867985,-0.091304342,0.006411826,-0.105677052,3.149451,1,Solve_Succeeded,-0.088126672,0.001248933,0.000000000000e+00
3.110000,0.258205991,-0.008803536,-0.092186685,0.006439944,-0.104131101,2.614449,1,Solve_Succeeded,-0.086834573,0.001172781,0.000000000000e+00
3.120000,0.257273883,-0.008738970,-0.093057130,0.006454130,-0.104131101,2.614449,1,Solve_Succeeded,-0.086834573,0.001172781,0.000000000000e+00
3.130000,0.256333083,-0.008674105,-0.093926559,0.006481589,-0.102575453,3.550917,1,Solve_Succeeded,-0.085534410,0.001096992,1.387778780781e-17
3.140000,0.255383730,-0.008609131,-0.094784015,0.006495033,-0.102575453,3.550917,1,Solve_Succeeded,-0.085534410,0.001096992,1.387778780781e-17
3.150000,0.254425814,-0.008543866,-0.095640449,0.006521833,-0.101010437,4.428676,1,Solve_Succeeded,-0.084226459,0.001021568,0.000000000000e+00
3.160000,0.253459476,-0.008478498,-0.096484839,0.006534537,-0.101010437,4.428676,1,Solve_Succeeded,-0.084226459,0.001021568,0.000000000000e+00
3.170000,0.252484705,-0.008412845,-0.097328200,0.006560678,-0.099436385,3.513157,1,Solve_Succeeded,-0.082910996,0.000946512,0.000000000000e+00
3.180000,0.251501644,-0.008347098,-0.098159448,0.006572645,-0.099436385,3.513157,1,Solve_Succeeded,-0.082910996,0.000946512,0.000000000000e+00
3.190000,0.250510282,-0.008281071,-0.098989660,0.006598129,-0.097853626,2.916822,1,Solve_Succeeded,-0.081588296,0.000871826,1.387778780781e-17
3.200000,0.249510762,-0.008214958,-0.099807693,0.006609362,-0.097853626,2.916822,1,Solve_Succeeded,-0.081588296,0.000871826,1.387778780781e-17
3.210000,0.248503073,-0.008148572,-0.100624685,0.006634188,-0.096262489,2.417132,1,Solve_Succeeded,-0.080258633,0.000797515,1.387778780781e-17
3.220000,0.247487359,-0.008082107,-0.101429432,0.006644691,-0.096262489,2.417132,1,Solve_Succeeded,-0.080258633,0.000797515,1.387778780781e-17
3.230000,0.246463609,-0.008015375,-0.102233133,0.006668859,-0.094663302,2.513068,1,Solve_Succeeded,-0.078922281,0.000723582,0.000000000000e+00
3.240000,0.245431967,-0.007948572,-0.103024527,0.006678635,-0.094663302,2.513068,1,Solve_Succeeded,-0.078922281,0.000723582,0.000000000000e+00
3.250000,0.244392424,-0.007881509,-0.103814870,0.006702146,-0.093056393,2.602957,1,Solve_Succeeded,-0.077579512,0.000650031,8.673617379884e-19
3.260000,0.243345122,-0.007814381,-0.104592848,0.006711199,-0.093056393,2.602957,1,Solve_Succeeded,-0.077579512,0.000650031,8.673617379884e-19
3.270000,0.242290054,-0.007747000,-0.105369769,0.006734053,-0.091442089,2.861813,1,Solve_Succeeded,-0.076230601,0.000576866,1.387778780781e-17
3.280000,0.241227362,-0.007679562,-0.106134267,0.006742385,-0.091442089,2.861813,1,Solve_Succeeded,-0.076230601,0.000576866,1.387778780781e-17
3.290000,0.240157038,-0.007611876,-0.106897704,0.006764584,-0.089820715,3.337584,1,Solve_Succeeded,-0.074875818,0.000504093,0.000000000000e+00
3.300000,0.239079226,-0.007544141,-0.107648664,0.006772199,-0.089820715,3.337584,1,Solve_Succeeded,-0.074875818,0.000504093,0.000000000000e+00
3.310000,0.237993917,-0.007476166,-0.108398558,0.006793742,-0.088192598,2.601629,1,Solve_Succeeded,-0.073515434,0.000431716,0.000000000000e+00
3.320000,0.236901256,-0.007408147,-0.109135923,0.006800643,-0.088192598,2.601629,1,Solve_Succeeded,-0.073515434,0.000431716,0.000000000000e+00
3.330000,0.235801235,-0.007339895,-0.109872218,0.006821531,-0.086558062,3.285552,1,Solve_Succeeded,-0.072149722,0.000359741,8.673617379884e-19
3.340000,0.234693998,-0.007271607,-0.110595935,0.006827723,-0.086558062,3.285552,1,Solve_Succeeded,-0.072149722,0.000359741,8.673617379884e-19
3.350000,0.233579537,-0.007203091,-0.111318578,0.006847957,-0.084917429,3.089605,1,Solve_Succeeded,-0.070778949,0.000288173,1.387778780781e-17
3.360000,0.232457998,-0.007134547,-0.112028595,0.006853442,-0.084917429,3.089605,1,Solve_Succeeded,-0.070778949,0.000288173,1.387778780781e-17
3.370000,0.231329372,-0.007065783,-0.112737534,0.006873022,-0.083271023,2.632145,1,Solve_Succeeded,-0.069403386,0.000217018,1.387778780781e-17
3.380000,0.230193805,-0.006996996,-0.113433804,0.006877805,-0.083271023,2.632145,1,Solve_Succeeded,-0.069403386,0.000217018,1.387778780781e-17
3.390000,0.229051289,-0.006927995,-0.114128991,0.006896732,-0.081619165,4.316428,1,Solve_Succeeded,-0.068023301,0.000146282,1.387778780781e-17
3.400000,0.227901969,-0.006858980,-0.114811467,0.006900816,-0.081619165,4.316428,1,Solve_Succeeded,-0.068023301,0.000146282,1.387778780781e-17
3.410000,0.226745838,-0.006789757,-0.115492858,0.006919092,-0.079962175,2.771526,1,Solve_Succeeded,-0.066638961,0.000075972,1.387778780781e-17
3.420000,0.225583044,-0.006720526,-0.116161497,0.006922479,-0.079962175,2.771526,1,Solve_Succeeded,-0.066638961,0.000075972,1.387778780781e-17
3.430000,0.224413575,-0.006651094,-0.116829048,0.006940105,-0.078300374,2.459185,1,Solve_Succeeded,-0.065250633,0.000006092,1.387778780781e-17
3.440000,0.223237581,-0.006581661,-0.117483811,0.006942801,-0.078300374,2.459185,1,Solve_Succeeded,-0.065250633,0.000006092,1.387778780781e-17
3.450000,0.222055053,-0.006512033,-0.118137482,0.006959777,-0.076634080,2.618523,1,Solve_Succeeded,-0.063858582,-0.000063350,1.387778780781e-17
3.460000,0.220866139,-0.006442412,-0.118778330,0.006961785,-0.076634080,2.618523,1,Solve_Succeeded,-0.063858582,-0.000063350,1.387778780781e-17
3.470000,0.219670829,-0.006372602,-0.119418084,0.006978113,-0.074963610,2.544485,1,Solve_Succeeded,-0.062463073,-0.000132348,0.000000000000e+00
3.480000,0.218469273,-0.006302805,-0.120044983,0.006979437,-0.074963610,2.544485,1,Solve_Succeeded,-0.062463073,-0.000132348,0.000000000000e+00
3.490000,0.217261461,-0.006232826,-0.120670784,0.006995117,-0.073289280,2.559399,1,Solve_Succeeded,-0.061064370,-0.000200896,1.387778780781e-17
3.500000,0.216047542,-0.006162868,-0.121283701,0.006995762,-0.073289280,2.559399,1,Solve_Succeeded,-0.061064370,-0.000200896,1.387778780781e-17
3.510000,0.214827507,-0.006092733,-0.121895518,0.007010796,-0.071611405,2.498210,1,Solve_Succeeded,-0.059662736,-0.000268987,4.336808689942e-19
3.520000,0.213601506,-0.006022626,-0.122494424,0.007010765,-0.071611405,2.498210,1,Solve_Succeeded,-0.059662736,-0.000268987,4.336808689942e-19
3.530000,0.212369529,-0.005952349,-0.123092227,0.007025154,-0.069930298,2.505088,1,Solve_Succeeded,-0.058258433,-0.000336614,0.000000000000e+00
3.540000,0.211131726,-0.005882105,-0.123677094,0.007024452,-0.069930298,2.505088,1,Solve_Succeeded,-0.058258433,-0.000336614,0.000000000000e+00
3.550000,0.209888087,-0.005811699,-0.124260857,0.007038198,-0.068246273,2.816380,1,Solve_Succeeded,-0.056851720,-0.000403771,1.387778780781e-17
3.560000,0.208638763,-0.005741333,-0.124831661,0.007036828,-0.068246273,2.816380,1,Solve_Succeeded,-0.056851720,-0.000403771,1.387778780781e-17
3.570000,0.207383744,-0.005670811,-0.125401358,0.007049932,-0.066559640,3.109089,1,Solve_Succeeded,-0.055442859,-0.000470450,4.336808689942e-19
3.580000,0.206123181,-0.005600335,-0.125958077,0.007047900,-0.066559640,3.109089,1,Solve_Succeeded,-0.055442859,-0.000470450,4.336808689942e-19
3.590000,0.204857064,-0.005529710,-0.126513687,0.007060364,-0.064870709,2.454407,1,Solve_Succeeded,-0.054032106,-0.000536646,0.000000000000e+00
3.600000,0.203585543,-0.005459138,-0.127056302,0.007057672,-0.064870709,2.454407,1,Solve_Succeeded,-0.054032106,-0.000536646,0.000000000000e+00
3.610000,0.202308609,-0.005388422,-0.127597806,0.007069498,-0.063179788,2.632648,1,Solve_Succeeded,-0.052619720,-0.000602351,1.387778780781e-17
3.620000,0.201026414,-0.005317766,-0.128126299,0.007066152,-0.063179788,2.632648,1,Solve_Succeeded,-0.052619720,-0.000602351,1.387778780781e-17
3.630000,0.199738946,-0.005246973,-0.128653682,0.007077341,-0.061487184,2.406945,1,Solve_Succeeded,-0.051205956,-0.000667559,0.000000000000e+00
3.640000,0.198446358,-0.005176247,-0.129168039,0.007073345,-0.061487184,2.406945,1,Solve_Succeeded,-0.051205956,-0.000667559,0.000000000000e+00
3.650000,0.197148640,-0.005105389,-0.129681285,0.007083899,-0.059793203,2.480920,1,Solve_Succeeded,-0.049791069,-0.000732262,6.938893903907e-18
3.660000,0.195845942,-0.005034605,-0.130181496,0.007079258,-0.059793203,2.480920,1,Solve_Succeeded,-0.049791069,-0.000732262,6.938893903907e-18
3.670000,0.194538255,-0.004963696,-0.130680594,0.007089179,-0.058098148,2.423610,1,Solve_Succeeded,-0.048375313,-0.000796455,4.336808689942e-19
3.680000,0.193225731,-0.004892866,-0.131166648,0.007083898,-0.058098148,2.423610,1,Solve_Succeeded,-0.048375313,-0.000796455,4.336808689942e-19
3.690000,0.191908359,-0.004821918,-0.131651589,0.007093188,-0.056402321,2.602570,1,Solve_Succeeded,-0.046958940,-0.000860130,4.336808689942e-19
3.700000,0.190586292,-0.004751055,-0.132123482,0.007087271,-0.056402321,2.602570,1,Solve_Succeeded,-0.046958940,-0.000860130,4.336808689942e-19
3.710000,0.189259518,-0.004680081,-0.132594259,0.007095932,-0.054706023,2.559539,1,Solve_Succeeded,-0.045542201,-0.000923281,6.938893903907e-18
3.720000,0.187928191,-0.004609198,-0.133051985,0.007089383,-0.054706023,2.559539,1,Solve_Succeeded,-0.045542201,-0.000923281,6.938893903907e-18
3.730000,0.186592299,-0.004538210,-0.133508595,0.007097418,-0.053009553,2.589051,1,Solve_Succeeded,-0.044125344,-0.000985900,6.938893903907e-18
3.740000,0.185251995,-0.004467320,-0.133952152,0.007090243,-0.053009553,2.589051,1,Solve_Succeeded,-0.044125344,-0.000985900,6.938893903907e-18
3.750000,0.183907268,-0.004396331,-0.134394595,0.007097653,-0.051313208,2.690814,1,Solve_Succeeded,-0.042708619,-0.001047982,0.000000000000e+00
3.760000,0.182558271,-0.004325446,-0.134823984,0.007089857,-0.051313208,2.690814,1,Solve_Succeeded,-0.042708619,-0.001047982,0.000000000000e+00
3.770000,0.181204992,-0.004254467,-0.135252259,0.007096645,-0.049617285,2.481586,1,Solve_Succeeded,-0.041292273,-0.001109520,6.938893903907e-18
3.780000,0.179847585,-0.004183600,-0.135667485,0.007088233,-0.049617285,2.481586,1,Solve_Succeeded,-0.041292273,-0.001109520,6.938893903907e-18
3.790000,0.178486038,-0.004112645,-0.136081596,0.007094401,-0.047922076,2.860701,1,Solve_Succeeded,-0.039876549,-0.001170507,6.938893903907e-18
3.800000,0.177120503,-0.004041807,-0.136482663,0.007085377,-0.047922076,2.860701,1,Solve_Succeeded,-0.039876549,-0.001170507,6.938893903907e-18
3.810000,0.175750971,-0.003970888,-0.136882617,0.007090928,-0.046227874,2.517528,1,Solve_Succeeded,-0.038461692,-0.001230937,1.387778780781e-17
3.820000,0.174377593,-0.003900092,-0.137269534,0.007081298,-0.046227874,2.517528,1,Solve_Succeeded,-0.038461692,-0.001230937,1.387778780781e-17
3.830000,0.173000359,-0.003829221,-0.137655338,0.007086235,-0.044534969,2.532838,1,Solve_Succeeded,-0.037047944,-0.001290804,6.938893903907e-18
3.840000,0.171619420,-0.003758479,-0.138028116,0.007076004,-0.044534969,2.532838,1,Solve_Succeeded,-0.037047944,-0.001290804,6.938893903907e-18
3.850000,0.170234766,-0.003687668,-0.138399782,0.007080328,-0.042843649,2.640632,1,Solve_Succeeded,-0.035635546,-0.001350100,0.000000000000e+00
3.860000,0.168846549,-0.003616992,-0.138758434,0.007069501,-0.042843649,2.640632,1,Solve_Succeeded,-0.035635546,-0.001350100,0.000000000000e+00
3.870000,0.167454758,-0.003546254,-0.139115975,0.007073217,-0.041154201,2.421862,1,Solve_Succeeded,-0.034224736,-0.001408821,0.000000000000e+00
3.880000,0.166059545,-0.003475656,-0.139460516,0.007061800,-0.041154201,2.421862,1,Solve_Succeeded,-0.034224736,-0.001408821,0.000000000000e+00
3.890000,0.164660900,-0.003405001,-0.139803947,0.007064909,-0.039466909,2.631875,1,Solve_Succeeded,-0.032815752,-0.001466959,6.938893903907e-18
3.900000,0.163258973,-0.003334493,-0.140134396,0.007052906,-0.039466909,2.631875,1,Solve_Succeeded,-0.032815752,-0.001466959,6.938893903907e-18
3.910000,0.161853754,-0.003263935,-0.140463736,0.007055412,-0.037782056,2.601991,1,Solve_Succeeded,-0.031408829,-0.001524509,6.938893903907e-18
3.920000,0.160445395,-0.003193529,-0.140780112,0.007042830,-0.037782056,2.601991,1,Solve_Succeeded,-0.031408829,-0.001524509,6.938893903907e-18
3.930000,0.159033884,-0.003123078,-0.141095381,0.007044736,-0.036099921,3.307797,1,Solve_Succeeded,-0.030004203,-0.001581464,4.336808689942e-19
3.940000,0.157619374,-0.003052785,-0.141397707,0.007031579,-0.036099921,3.307797,1,Solve_Succeeded,-0.030004203,-0.001581464,4.336808689942e-19
3.950000,0.156201853,-0.002982454,-0.141698928,0.007032888,-0.034420784,2.660645,1,Solve_Succeeded,-0.028602104,-0.001637820,0.000000000000e+00
3.960000,0.154781472,-0.002912287,-0.141987229,0.007019163,-0.034420784,2.660645,1,Solve_Succeeded,-0.028602104,-0.001637820,0.000000000000e+00
3.970000,0.153358221,-0.002842087,-0.142274426,0.007019877,-0.032744921,2.585493,1,Solve_Succeeded,-0.027202763,-0.001693569,0.000000000000e+00
3.980000,0.151932250,-0.002772056,-0.142548730,0.007005589,-0.032744921,2.585493,1,Solve_Succeeded,-0.027202763,-0.001693569,0.000000000000e+00
3.990000,0.150503548,-0.002701999,-0.142821932,0.007005712,-0.031072606,2.542970,1,Solve_Succeeded,-0.025806410,-0.001748707,6.938893903907e-18
4.000000,0.149072266,-0.002632116,-0.143082266,0.006990867,-0.031072606,2.542970,1,Solve_Succeeded,-0.025806410,-0.001748707,6.938893903907e-18
4.010000,0.147638394,-0.002562213,-0.143341502,0.006990403,-0.029404110,2.800469,1,Solve_Succeeded,-0.024413270,-0.001803227,2.168404344971e-19
4.020000,0.146202080,-0.002492490,-0.143587901,0.006975006,-0.029404110,2.800469,1,Solve_Succeeded,-0.024413270,-0.001803227,2.168404344971e-19
4.030000,0.144763315,-0.002422752,-0.143833203,0.006973958,-0.027739705,2.433142,1,Solve_Succeeded,-0.023023571,-0.001857124,3.469446951954e-18
4.040000,0.143322248,-0.002353200,-0.144065698,0.006958015,-0.027739705,2.433142,1,Solve_Succeeded,-0.023023571,-0.001857124,3.469446951954e-18
4.050000,0.141878868,-0.002283639,-0.144297100,0.006956386,-0.026079657,2.790672,1,Solve_Succeeded,-0.021637533,-0.001910394,2.168404344971e-19
4.060000,0.140433325,-0.002214269,-0.144515730,0.006939904,-0.026079657,2.790672,1,Solve_Succeeded,-0.021637533,-0.001910394,2.168404344971e-19
4.070000,0.138985609,-0.002144896,-0.144733268,0.006937698,-0.024424231,2.587700,1,Solve_Succeeded,-0.020255380,-0.001963029,3.469446951954e-18
4.080000,0.137535866,-0.002075720,-0.144938070,0.006920681,-0.024424231,2.587700,1,Solve_Succeeded,-0.020255380,-0.001963029,3.469446951954e-18
4.090000,0.136084089,-0.002006545,-0.145141784,0.006917902,-0.022773692,2.574802,1,Solve_Succeeded,-0.018877330,-0.002015026,2.168404344971e-19
4.100000,0.134630424,-0.001937573,-0.145332798,0.006900357,-0.022773692,2.574802,1,Solve_Succeeded,-0.018877330,-0.002015026,2.168404344971e-19
4.110000,0.133174862,-0.001868609,-0.145522728,0.006897008,-0.021128299,2.682712,1,Solve_Succeeded,-0.017503601,-0.002066379,0.000000000000e+00
4.120000,0.131717549,-0.001799851,-0.145699998,0.006878942,-0.021128299,2.682712,1,Solve_Succeeded,-0.017503601,-0.002066379,0.000000000000e+00
4.130000,0.130258476,-0.001731108,-0.145876187,0.006875026,-0.019488311,2.484504,1,Solve_Succeeded,-0.016134409,-0.002117084,0.000000000000e+00
4.140000,0.128797790,-0.001662576,-0.146039758,0.006856444,-0.019488311,2.484504,1,Solve_Succeeded,-0.016134409,-0.002117084,0.000000000000e+00
4.150000,0.127335480,-0.001594064,-0.146202251,0.006851967,-0.017853984,2.930394,1,Solve_Succeeded,-0.014769967,-0.002167135,3.469446951954e-18
4.160000,0.125871694,-0.001525769,-0.146352170,0.006832875,-0.017853984,2.930394,1,Solve_Succeeded,-0.014769967,-0.002167135,3.469446951954e-18
4.170000,0.124406421,-0.001457500,-0.146501015,0.006827839,-0.016225571,2.470245,1,Solve_Succeeded,-0.013410487,-0.002216527,3.469446951954e-18
4.180000,0.122939808,-0.001389452,-0.146637331,0.006808244,-0.016225571,2.470245,1,Solve_Succeeded,-0.013410487,-0.002216527,3.469446951954e-18
4.190000,0.121471843,-0.001321435,-0.146772577,0.006802654,-0.014603325,2.637098,1,Solve_Succeeded,-0.012056178,-0.002265257,0.000000000000e+00
4.200000,0.120002673,-0.001253645,-0.146895341,0.006782561,-0.014603325,2.637098,1,Solve_Succeeded,-0.012056178,-0.002265257,0.000000000000e+00
4.210000,0.118532288,-0.001185892,-0.147017040,0.006776421,-0.012987493,2.580350,1,Solve_Succeeded,-0.010707248,-0.002313319,1.734723475977e-18
4.220000,0.117060832,-0.001118370,-0.147126306,0.006755837,-0.012987493,2.580350,1,Solve_Succeeded,-0.010707248,-0.002313319,1.734723475977e-18
4.230000,0.115588296,-0.001050890,-0.147234511,0.006749151,-0.011378321,2.466126,1,Solve_Succeeded,-0.009363901,-0.002360709,1.084202172486e-19
4.240000,0.114114823,-0.000983646,-0.147330335,0.006728083,-0.011378321,2.466126,1,Solve_Succeeded,-0.009363901,-0.002360709,1.084202172486e-19
4.250000,0.112640405,-0.000916451,-0.147425102,0.006720855,-0.009776054,2.966880,1,Solve_Succeeded,-0.008026343,-0.002407424,1.734723475977e-18
4.260000,0.111165184,-0.000849496,-0.147507540,0.006699308,-0.009776054,2.966880,1,Solve_Succeeded,-0.008026343,-0.002407424,1.734723475977e-18
4.270000,0.109689151,-0.000782594,-0.147588927,0.006691543,-0.008180933,3.173992,1,Solve_Succeeded,-0.006694773,-0.002453458,1.084202172486e-19
4.280000,0.108212449,-0.000715937,-0.147658040,0.006669524,-0.008180933,3.173992,1,Solve_Succeeded,-0.006694773,-0.002453458,1.084202172486e-19
4.290000,0.106735068,-0.000649340,-0.147726106,0.006661226,-0.006593195,2.602861,1,Solve_Succeeded,-0.005369390,-0.002498808,1.084202172486e-19
4.300000,0.105257150,-0.000582992,-0.147781955,0.006638741,-0.006593195,2.602861,1,Solve_Succeeded,-0.005369390,-0.002498808,1.084202172486e-19
4.310000,0.103778685,-0.000516709,-0.147836762,0.006629914,-0.005013077,2.865969,1,Solve_Succeeded,-0.004050392,-0.002543470,8.673617379884e-19
4.320000,0.102299816,-0.000450679,-0.147879411,0.006606971,-0.005013077,2.865969,1,Solve_Succeeded,-0.004050392,-0.002543470,8.673617379884e-19
4.330000,0.100820532,-0.000384720,-0.147921023,0.006597620,-0.003440813,2.802018,1,Solve_Succeeded,-0.002737973,-0.002587441,0.000000000000e+00
4.340000,0.099340975,-0.000319019,-0.147950537,0.006574224,-0.003440813,2.802018,1,Solve_Succeeded,-0.002737973,-0.002587441,0.000000000000e+00
4.350000,0.097861135,-0.000253393,-0.147979019,0.006564353,-0.001876633,2.556502,1,Solve_Succeeded,-0.001432325,-0.002630716,0.000000000000e+00
4.360000,0.096381151,-0.000188029,-0.147995466,0.006540511,-0.001876633,2.556502,1,Solve_Succeeded,-0.001432325,-0.002630716,0.000000000000e+00
4.370000,0.094901015,-0.000122747,-0.148010885,0.006530125,-0.000320764,2.657574,1,Solve_Succeeded,-0.000133639,-0.002673292,5.421010862428e-20
4.380000,0.093420865,-0.000057731,-0.148014334,0.006505845,-0.000320764,2.657574,1,Solve_Succeeded,-0.000133639,-0.002673292,5.421010862428e-20
4.390000,0.091940693,0.000007199,-0.148016760,0.006494948,0.001226568,2.574668,1,Solve_Succeeded,0.001157898,-0.002715166,5.929230630780e-21
4.400000,0.090460637,0.000071858,-0.148007282,0.006470235,0.001226568,2.574668,1,Solve_Succeeded,0.001157898,-0.002715166,5.929230630780e-21
4.410000,0.088980688,0.000136426,-0.147996788,0.006458833,0.002765140,2.529672,1,Solve_Succeeded,0.002442100,-0.002756334,4.336808689942e-19
4.420000,0.087500983,0.000200719,-0.147974456,0.006433694,0.002765140,2.529672,1,Solve_Succeeded,0.002442100,-0.002756334,4.336808689942e-19
4.430000,0.086021513,0.000264916,-0.147951113,0.006421790,0.004294732,2.512784,1,Solve_Succeeded,0.003718784,-0.002796794,2.710505431214e-20
4.440000,0.084542415,0.000328833,-0.147916002,0.006396233,0.004294732,2.512784,1,Solve_Succeeded,0.003718784,-0.002796794,2.710505431214e-20
4.450000,0.083063680,0.000392649,-0.147879886,0.006383833,0.005815129,3.050168,1,Solve_Succeeded,0.004987768,-0.002836543,8.673617379884e-19
4.460000,0.081585443,0.000456182,-0.147832072,0.006357863,0.005815129,3.050168,1,Solve_Succeeded,0.004987768,-0.002836543,8.673617379884e-19
4.470000,0.080107697,0.000519609,-0.147783260,0.006344973,0.007326114,3.036217,1,Solve_Succeeded,0.006248875,-0.002875577,5.421010862428e-20
4.480000,0.078630575,0.000582749,-0.147722823,0.006318597,0.007326114,3.036217,1,Solve_Succeeded,0.006248875,-0.002875577,5.421010862428e-20
4.490000,0.077154070,0.000645777,-0.147661393,0.006305220,0.008827478,2.656118,1,Solve_Succeeded,0.007501928,-0.002913894,0.000000000000e+00
4.500000,0.075678315,0.000708514,-0.147588412,0.006278446,0.008827478,2.656118,1,Solve_Succeeded,0.007501928,-0.002913894,0.000000000000e+00
4.510000,0.074203301,0.000771136,-0.147514445,0.006264588,0.010319011,2.913286,1,Solve_Succeeded,0.008746752,-0.002951491,1.734723475977e-18
4.520000,0.072729161,0.000833462,-0.147429002,0.006237422,0.010319011,2.913286,1,Solve_Succeeded,0.008746752,-0.002951491,1.734723475977e-18
4.530000,0.071255888,0.000895668,-0.147342580,0.006223088,0.011800509,2.658735,1,Solve_Succeeded,0.009983177,-0.002988366,0.000000000000e+00
4.540000,0.069783613,0.000957574,-0.147244760,0.006195537,0.011800509,2.658735,1,Solve_Succeeded,0.009983177,-0.002988366,0.000000000000e+00
4.550000,0.068312328,0.001019356,-0.147145966,0.006180732,0.013271767,2.662126,1,Solve_Succeeded,0.011211033,-0.003024516,5.204170427930e-18
4.560000,0.066842164,0.001080834,-0.147035853,0.006152803,0.013271767,2.662126,1,Solve_Succeeded,0.011211033,-0.003024516,5.204170427930e-18
4.570000,0.065373112,0.001142183,-0.146924774,0.006137532,0.014732586,2.568710,1,Solve_Succeeded,0.012430154,-0.003059940,0.000000000000e+00
4.580000,0.063905303,0.001203225,-0.146802456,0.006109232,0.014732586,2.568710,1,Solve_Succeeded,0.012430154,-0.003059940,0.000000000000e+00
4.590000,0.062438729,0.001264132,-0.146679178,0.006093501,0.016182770,2.532362,1,Solve_Succeeded,0.013640375,-0.003094635,3.469446951954e-18
4.600000,0.060973519,0.001324730,-0.146544743,0.006064837,0.016182770,2.532362,1,Solve_Succeeded,0.013640375,-0.003094635,3.469446951954e-18
4.610000,0.059509664,0.001385188,-0.146409356,0.006048651,0.017622123,2.692421,1,Solve_Succeeded,0.014841535,-0.003128599,3.469446951954e-18
4.620000,0.058047294,0.001445333,-0.146262894,0.006019630,0.017622123,2.692421,1,Solve_Succeeded,0.014841535,-0.003128599,3.469446951954e-18
4.630000,0.056586399,0.001505334,-0.146115488,0.006002993,0.019050456,3.684534,1,Solve_Succeeded,0.016033474,-0.003161831,0.000000000000e+00
4.640000,0.055127107,0.001565018,-0.145957092,0.005973622,0.019050456,3.684534,1,Solve_Succeeded,0.016033474,-0.003161831,0.000000000000e+00
4.650000,0.053669411,0.001624553,-0.145797758,0.005956541,0.020467580,2.576779,1,Solve_Succeeded,0.017216036,-0.003194328,1.084202172486e-19
4.660000,0.052213436,0.001683769,-0.145627522,0.005926827,0.020467580,2.576779,1,Solve_Succeeded,0.017216036,-0.003194328,1.084202172486e-19
4.670000,0.050759175,0.001742831,-0.145456355,0.005909307,0.021873309,2.850476,1,Solve_Succeeded,0.018389065,-0.003226090,0.000000000000e+00
4.680000,0.049306752,0.001801571,-0.145274372,0.005879257,0.021873309,2.850476,1,Solve_Succeeded,0.018389065,-0.003226090,0.000000000000e+00
4.690000,0.047856160,0.001860152,-0.145091467,0.005861303,0.023267463,2.475647,1,Solve_Succeeded,0.019552411,-0.003257115,3.469446951954e-18
4.700000,0.046407524,0.001918408,-0.144897836,0.005830925,0.023267463,2.475647,1,Solve_Succeeded,0.019552411,-0.003257115,3.469446951954e-18
4.710000,0.044960834,0.001976501,-0.144703288,0.005812543,0.024649860,2.682795,1,Solve_Succeeded,0.020705923,-0.003287401,0.000000000000e+00
4.720000,0.043516215,0.002034265,-0.144498106,0.005781843,0.024649860,2.682795,1,Solve_Succeeded,0.020705923,-0.003287401,0.000000000000e+00
4.730000,0.042073659,0.002091862,-0.144292015,0.005763038,0.026020327,2.533807,1,Solve_Succeeded,0.021849456,-0.003316947,3.469446951954e-18
4.740000,0.040633287,0.002149128,-0.144075381,0.005732024,0.026020327,2.533807,1,Solve_Succeeded,0.021849456,-0.003316947,3.469446951954e-18
4.750000,0.039195093,0.002206222,-0.143857847,0.005712802,0.027378688,2.739383,1,Solve_Succeeded,0.022982864,-0.003345753,3.469446951954e-18
4.760000,0.037759196,0.002262982,-0.143629863,0.005681480,0.027378688,2.739383,1,Solve_Succeeded,0.022982864,-0.003345753,3.469446951954e-18
4.770000,0.036325590,0.002319565,-0.143400986,0.005661847,0.028724775,3.037543,1,Solve_Succeeded,0.024106007,-0.003373818,3.469446951954e-18
4.780000,0.034894395,0.002375812,-0.143161753,0.005630225,0.028724775,3.037543,1,Solve_Succeeded,0.024106007,-0.003373818,3.469446951954e-18
4.790000,0.033465602,0.002431878,-0.142921637,0.005610186,0.030058421,2.993843,1,Solve_Succeeded,0.025218744,-0.003401140,6.938893903907e-18
4.800000,0.032039331,0.002487605,-0.142671260,0.005578271,0.030058421,2.993843,1,Solve_Succeeded,0.025218744,-0.003401140,6.938893903907e-18
4.810000,0.030615575,0.002543147,-0.142420007,0.005557832,0.031379461,2.661541,1,Solve_Succeeded,0.026320940,-0.003427719,0.000000000000e+00
4.820000,0.029194450,0.002598346,-0.142158591,0.005525631,0.031379461,2.661541,1,Solve_Succeeded,0.026320940,-0.003427719,0.000000000000e+00
4.830000,0.027775950,0.002653358,-0.141896307,0.005504798,0.032687735,2.451643,1,Solve_Succeeded,0.027412461,-0.003453554,0.000000000000e+00
4.840000,0.026360191,0.002708023,-0.141623959,0.005472318,0.032687735,2.451643,1,Solve_Succeeded,0.027412461,-0.003453554,0.000000000000e+00
4.850000,0.024947166,0.002762497,-0.141350751,0.005451097,0.033983086,2.742246,1,Solve_Succeeded,0.028493174,-0.003478646,4.336808689942e-19
4.860000,0.023536990,0.002816623,-0.141067578,0.005418345,0.033983086,2.742246,1,Solve_Succeeded,0.028493174,-0.003478646,4.336808689942e-19
4.870000,0.022129655,0.002870552,-0.140783554,0.005396741,0.035265358,2.414132,1,Solve_Succeeded,0.029562952,-0.003502994,0.000000000000e+00
4.880000,0.020725277,0.002924131,-0.140489665,0.005363725,0.035265358,2.414132,1,Solve_Succeeded,0.029562952,-0.003502994,0.000000000000e+00
4.890000,0.019323848,0.002977510,-0.140194934,0.005341745,0.036534401,2.538556,1,Solve_Succeeded,0.030621668,-0.003526597,2.168404344971e-19
4.900000,0.017925481,0.003030536,-0.139890440,0.005308472,0.036534401,2.538556,1,Solve_Succeeded,0.030621668,-0.003526597,2.168404344971e-19
4.910000,0.016530169,0.003083357,-0.139585113,0.005286121,0.037790066,2.475052,1,Solve_Succeeded,0.031669198,-0.003549456,2.168404344971e-19
4.920000,0.015138023,0.003135824,-0.139270126,0.005252598,0.037790066,2.475052,1,Solve_Succeeded,0.031669198,-0.003549456,2.168404344971e-19
4.930000,0.013749037,0.003188083,-0.138954314,0.005229882,0.039032208,2.721700,1,Solve_Succeeded,0.032705422,-0.003571571,6.938893903907e-18
4.940000,0.012363322,0.003239984,-0.138628946,0.005196116,0.039032208,2.721700,1,Solve_Succeeded,0.032705422,-0.003571571,6.938893903907e-18
4.950000,0.010980870,0.003291674,-0.138302762,0.005173041,0.040260685,2.673444,1,Solve_Succeeded,0.033730222,-0.003592942,6.938893903907e-18
4.960000,0.009601791,0.003343005,-0.137967127,0.005139040,0.040260685,2.673444,1,Solve_Succeeded,0.033730222,-0.003592942,6.938893903907e-18
4.970000,0.008226078,0.003394119,-0.137630686,0.005115612,0.041475359,2.434611,1,Solve_Succeeded,0.034743481,-0.003613570,0.000000000000e+00
4.980000,0.006853839,0.003444873,-0.137284900,0.005081383,0.041475359,2.434611,1,Solve_Succeeded,0.034743481,-0.003613570,0.000000000000e+00
4.990000,0.005485068,0.003495407,-0.136938317,0.005057608,0.042676093,3.442254,1,Solve_Succeeded,0.035745087,-0.003633454,6.938893903907e-18
5.000000,0.004119871,0.003545578,-0.136582496,0.005023158,0.042676093,3.442254,1,Solve_Succeeded,0.035745087,-0.003633454,6.938893903907e-18
5.010000,0.002758241,0.003595526,-0.136225886,0.004999042,0.043862755,2.550555,1,Solve_Succeeded,0.036734929,-0.003652596,6.938893903907e-18
5.020000,0.001400285,0.003645108,-0.135860148,0.004964378,0.043862755,2.550555,1,Solve_Succeeded,0.036734929,-0.003652596,6.938893903907e-18
5.030000,0.000045996,0.003694464,-0.135493630,0.004939928,0.045035216,3.015775,1,Solve_Succeeded,0.037712900,-0.003670997,0.000000000000e+00
5.040000,-0.001304523,0.003743453,-0.135118093,0.004905057,0.045035216,3.015775,1,Solve_Succeeded,0.037712900,-0.003670997,0.000000000000e+00
5.050000,-0.002651276,0.003792212,-0.134741785,0.004880278,0.046193350,2.580291,1,Solve_Succeeded,0.038678894,-0.003688657,6.938893903907e-18
5.060000,-0.003994162,0.003840603,-0.134356569,0.004845208,0.046193350,2.580291,1,Solve_Succeeded,0.038678894,-0.003688657,6.938893903907e-18
5.070000,-0.005333187,0.003888759,-0.133970591,0.004820107,0.047337034,2.446423,1,Solve_Succeeded,0.039632810,-0.003705576,4.336808689942e-19
5.080000,-0.006668249,0.003936546,-0.133575816,0.004784844,0.047337034,2.446423,1,Solve_Succeeded,0.039632810,-0.003705576,4.336808689942e-19
5.090000,-0.007999354,0.003984095,-0.133180289,0.004759427,0.048466148,2.613561,1,Solve_Succeeded,0.040574547,-0.003721758,0.000000000000e+00
5.100000,-0.009326401,0.004031272,-0.132776076,0.004723979,0.048466148,2.613561,1,Solve_Succeeded,0.040574547,-0.003721758,0.000000000000e+00
5.110000,-0.010649398,0.004078209,-0.132371122,0.004698251,0.049580575,2.497213,1,Solve_Succeeded,0.041504009,-0.003737201,0.000000000000e+00
5.120000,-0.011968244,0.004124773,-0.131957595,0.004662626,0.049580575,2.497213,1,Solve_Succeeded,0.041504009,-0.003737201,0.000000000000e+00
5.130000,-0.013282946,0.004171093,-0.131543336,0.004636594,0.050680203,2.540108,1,Solve_Succeeded,0.042421101,-0.003751909,6.938893903907e-18
5.140000,-0.014593406,0.004217038,-0.131120618,0.004600798,0.050680203,2.540108,1,Solve_Succeeded,0.042421101,-0.003751909,6.938893903907e-18
5.150000,-0.015899631,0.004262736,-0.130697177,0.004574469,0.051764921,2.945091,1,Solve_Succeeded,0.043325731,-0.003765882,6.938893903907e-18
5.160000,-0.017201523,0.004308057,-0.130265392,0.004538509,0.051764921,2.945091,1,Solve_Succeeded,0.043325731,-0.003765882,6.938893903907e-18
5.170000,-0.018499088,0.004353129,-0.129832895,0.004511888,0.052834622,2.661148,1,Solve_Succeeded,0.044217810,-0.003779121,0.000000000000e+00
5.180000,-0.019792232,0.004397823,-0.129392169,0.004475772,0.052834622,2.661148,1,Solve_Succeeded,0.044217810,-0.003779121,0.000000000000e+00
5.190000,-0.021080961,0.004442264,-0.128950741,0.004448866,0.053889203,2.757982,1,Solve_Succeeded,0.045097253,-0.003791630,1.387778780781e-17
5.200000,-0.022365180,0.004486326,-0.128501200,0.004412601,0.053889203,2.757982,1,Solve_Succeeded,0.045097253,-0.003791630,1.387778780781e-17
5.210000,-0.023644895,0.004530133,-0.128050966,0.004385416,0.054928562,2.923642,1,Solve_Succeeded,0.045963975,-0.003803409,6.938893903907e-18
5.220000,-0.024920013,0.004573558,-0.127592737,0.004349009,0.054928562,2.923642,1,Solve_Succeeded,0.045963975,-0.003803409,6.938893903907e-18
5.230000,-0.026190542,0.004616726,-0.127133826,0.004321550,0.055952603,2.744421,1,Solve_Succeeded,0.046817895,-0.003814460,6.938893903907e-18
5.240000,-0.027456388,0.004659511,-0.126667037,0.004285009,0.055952603,2.744421,1,Solve_Succeeded,0.046817895,-0.003814460,6.938893903907e-18
5.250000,-0.028717559,0.004702035,-0.126199576,0.004257284,0.056961232,3.222751,1,Solve_Succeeded,0.047658935,-0.003824785,6.938893903907e-18
5.260000,-0.029973964,0.004744176,-0.125724355,0.004220615,0.056961232,3.222751,1,Solve_Succeeded,0.047658935,-0.003824785,6.938893903907e-18
5.270000,-0.031225609,0.004786053,-0.125248473,0.004192630,0.057954357,2.494214,1,Solve_Succeeded,0.048487019,-0.003834388,4.336808689942e-19
5.280000,-0.032472405,0.004827547,-0.124764951,0.004155840,0.057954357,2.494214,1,Solve_Succeeded,0.048487019,-0.003834388,4.336808689942e-19
5.290000,-0.033714359,0.004868773,-0.124280776,0.004127601,0.058931891,3.309797,1,Solve_Succeeded,0.049302075,-0.003843269,6.938893903907e-18
5.300000,-0.034951382,0.004909615,-0.123789083,0.004090697,0.058931891,3.309797,1,Solve_Succeeded,0.049302075,-0.003843269,6.938893903907e-18
5.310000,-0.036183480,0.004950187,-0.123296747,0.004062211,0.059893750,2.728742,1,Solve_Succeeded,0.050104031,-0.003851431,6.938893903907e-18
5.320000,-0.037410569,0.004990373,-0.122797012,0.004025201,0.059893750,2.728742,1,Solve_Succeeded,0.050104031,-0.003851431,6.938893903907e-18
5.330000,-0.038632652,0.005030287,-0.122296646,0.003996473,0.060839851,2.405198,1,Solve_Succeeded,0.050892821,-0.003858877,6.938893903907e-18
5.340000,-0.039849646,0.005069816,-0.121789002,0.003959363,0.060839851,2.405198,1,Solve_Succeeded,0.050892821,-0.003858877,6.938893903907e-18
5.350000,-0.041061557,0.005109068,-0.121280737,0.003930401,0.061770118,2.393044,1,Solve_Succeeded,0.051668380,-0.003865609,4.336808689942e-19
5.360000,-0.042268300,0.005147935,-0.120765316,0.003893199,0.061770118,2.393044,1,Solve_Succeeded,0.051668380,-0.003865609,4.336808689942e-19
5.370000,-0.043469883,0.005186523,-0.120249284,0.003864007,0.062684474,2.745082,1,Solve_Succeeded,0.052430644,-0.003871631,4.336808689942e-19
5.380000,-0.044666222,0.005224725,-0.119726218,0.003826720,0.062684474,2.745082,1,Solve_Succeeded,0.052430644,-0.003871631,4.336808689942e-19
5.390000,-0.045857323,0.005262646,-0.119202553,0.003797306,0.063582849,2.568378,1,Solve_Succeeded,0.053179555,-0.003876944,1.387778780781e-17
5.400000,-0.047043107,0.005300179,-0.118671977,0.003759940,0.063582849,2.568378,1,Solve_Succeeded,0.053179555,-0.003876944,1.387778780781e-17
5.410000,-0.048223577,0.005337430,-0.118140810,0.003730311,0.064465173,2.810067,1,Solve_Succeeded,0.053915056,-0.003881552,4.336808689942e-19
5.420000,-0.049398657,0.005374293,-0.117602858,0.003692874,0.064465173,2.810067,1,Solve_Succeeded,0.053915056,-0.003881552,4.336808689942e-19
5.430000,-0.050568349,0.005410871,-0.117064325,0.003663035,0.065331381,3.023750,1,Solve_Succeeded,0.054637091,-0.003885458,4.336808689942e-19
5.440000,-0.051732579,0.005447060,-0.116519130,0.003625533,0.065331381,3.023750,1,Solve_Succeeded,0.054637091,-0.003885458,4.336808689942e-19
5.450000,-0.052891349,0.005482962,-0.115973366,0.003595491,0.066181412,2.426328,1,Solve_Succeeded,0.055345610,-0.003888665,8.673617379884e-19
5.460000,-0.054044585,0.005518475,-0.115421064,0.003557931,0.066181412,2.426328,1,Solve_Succeeded,0.055345610,-0.003888665,8.673617379884e-19
5.470000,-0.055192292,0.005553698,-0.114868203,0.003527692,0.067015205,3.109214,1,Solve_Succeeded,0.056040564,-0.003891177,0.000000000000e+00
5.480000,-0.056334394,0.005588533,-0.114308929,0.003490081,0.067015205,3.109214,1,Solve_Succeeded,0.056040564,-0.003891177,0.000000000000e+00
5.490000,-0.057470897,0.005623075,-0.113749108,0.003459652,0.067832706,2.520793,1,Solve_Succeeded,0.056721905,-0.003892996,4.336808689942e-19
5.500000,-0.058601728,0.005657229,-0.113182999,0.003421997,0.067832706,2.520793,1,Solve_Succeeded,0.056721905,-0.003892996,4.336808689942e-19
5.510000,-0.059726892,0.005691089,-0.112616352,0.003391384,0.068633861,3.300830,1,Solve_Succeeded,0.057389590,-0.003894126,1.387778780781e-17
5.520000,-0.060846316,0.005724559,-0.112043544,0.003353692,0.068633861,3.300830,1,Solve_Succeeded,0.057389590,-0.003894126,1.387778780781e-17
5.530000,-0.061960006,0.005757734,-0.111470209,0.003322901,0.069418620,2.557960,1,Solve_Succeeded,0.058043579,-0.003894571,0.000000000000e+00
5.540000,-0.063067892,0.005790519,-0.110890839,0.003285178,0.069418620,2.557960,1,Solve_Succeeded,0.058043579,-0.003894571,0.000000000000e+00
5.550000,-0.064169979,0.005823007,-0.110310953,0.003254216,0.070186938,2.609559,1,Solve_Succeeded,0.058683831,-0.003894334,4.336808689942e-19
5.560000,-0.065266196,0.005855105,-0.109725157,0.003216470,0.070186938,2.609559,1,Solve_Succeeded,0.058683831,-0.003894334,4.336808689942e-19
5.570000,-0.066356550,0.005886903,-0.109138857,0.003185343,0.070938770,3.115592,1,Solve_Succeeded,0.059310313,-0.003893419,1.387778780781e-17
5.580000,-0.067440973,0.005918312,-0.108546775,0.003147579,0.070938770,3.115592,1,Solve_Succeeded,0.059310313,-0.003893419,1.387778780781e-17
5.590000,-0.068519470,0.005949420,-0.107954198,0.003116293,0.071674078,2.946615,1,Solve_Succeeded,0.059922989,-0.003891830,4.336808689942e-19
5.600000,-0.069591974,0.005980139,-0.107355967,0.003078520,0.071674078,2.946615,1,Solve_Succeeded,0.059922989,-0.003891830,4.336808689942e-19
5.610000,-0.070658489,0.006010554,-0.106757252,0.003047081,0.072392822,2.492864,1,Solve_Succeeded,0.060521830,-0.003889571,0.000000000000e+00
5.620000,-0.071718953,0.006040580,-0.106153009,0.003009304,0.072392822,2.492864,1,Solve_Succeeded,0.060521830,-0.003889571,0.000000000000e+00
5.630000,-0.072773369,0.006070302,-0.105548294,0.002977720,0.073094970,2.561836,1,Solve_Succeeded,0.061106806,-0.003886646,0.000000000000e+00
5.640000,-0.073821674,0.006099635,-0.104938179,0.002939946,0.073094970,2.561836,1,Solve_Succeeded,0.061106806,-0.003886646,0.000000000000e+00
5.650000,-0.074863873,0.006128661,-0.104327603,0.002908221,0.073780490,2.418983,1,Solve_Succeeded,0.061677894,-0.003883059,1.387778780781e-17
5.660000,-0.075899903,0.006157299,-0.103711755,0.002870457,0.073780490,2.418983,1,Solve_Succeeded,0.061677894,-0.003883059,1.387778780781e-17
5.670000,-0.076929770,0.006185629,-0.103095456,0.002838599,0.074449355,2.480589,1,Solve_Succeeded,0.062235069,-0.003878814,4.336808689942e-19
5.680000,-0.077953414,0.006213570,-0.102474013,0.002800850,0.074449355,2.480589,1,Solve_Succeeded,0.062235069,-0.003878814,4.336808689942e-19
5.690000,-0.078970838,0.006241203,-0.101852131,0.002768866,0.075101540,2.532374,1,Solve_Succeeded,0.062778311,-0.003873916,4.336808689942e-19
5.700000,-0.079981984,0.006268447,-0.101225233,0.002731140,0.075101540,2.532374,1,Solve_Succeeded,0.062778311,-0.003873916,4.336808689942e-19
5.710000,-0.080986856,0.006295381,-0.100597907,0.002699034,0.075737023,2.405919,1,Solve_Succeeded,0.063307602,-0.003868369,1.387778780781e-17
5.720000,-0.081985397,0.006321928,-0.099965693,0.002661337,0.075737023,2.405919,1,Solve_Succeeded,0.063307602,-0.003868369,1.387778780781e-17
5.730000,-0.082977611,0.006348162,-0.099333063,0.002629117,0.076355784,3.938169,1,Solve_Succeeded,0.063822927,-0.003862178,1.387778780781e-17
5.740000,-0.083963443,0.006374010,-0.098695673,0.002591455,0.076355784,3.938169,1,Solve_Succeeded,0.063822927,-0.003862178,1.387778780781e-17
5.750000,-0.084942897,0.006399545,-0.098057877,0.002559127,0.076957809,2.489036,1,Solve_Succeeded,0.064324273,-0.003855347,4.336808689942e-19
5.760000,-0.085915917,0.006424693,-0.097415452,0.002521507,0.076957809,2.489036,1,Solve_Succeeded,0.064324273,-0.003855347,4.336808689942e-19
5.770000,-0.086882509,0.006449527,-0.096772631,0.002489077,0.077543085,2.845755,1,Solve_Succeeded,0.064811630,-0.003847880,4.336808689942e-19
5.780000,-0.087842620,0.006473976,-0.096125309,0.002451505,0.077543085,2.845755,1,Solve_Succeeded,0.064811630,-0.003847880,4.336808689942e-19
5.790000,-0.088796253,0.006498108,-0.095477602,0.002418979,0.078111602,2.483708,1,Solve_Succeeded,0.065284989,-0.003839784,1.387778780781e-17
5.800000,-0.089743358,0.006521856,-0.094825524,0.002381461,0.078111602,2.483708,1,Solve_Succeeded,0.065284989,-0.003839784,1.387778780781e-17
5.810000,-0.090683937,0.006545287,-0.094173073,0.002348846,0.078663353,2.666261,1,Solve_Succeeded,0.065744345,-0.003831062,4.336808689942e-19
5.820000,-0.091617942,0.006568335,-0.093516378,0.002311389,0.078663353,2.666261,1,Solve_Succeeded,0.065744345,-0.003831062,4.336808689942e-19
5.830000,-0.092545375,0.006591064,-0.092859321,0.002278690,0.079198335,2.440847,1,Solve_Succeeded,0.066189696,-0.003821719,1.387778780781e-17
5.840000,-0.093466190,0.006613411,-0.092198150,0.002241300,0.079198335,2.440847,1,Solve_Succeeded,0.066189696,-0.003821719,1.387778780781e-17
5.850000,-0.094380389,0.006635439,-0.091536628,0.002208523,0.079716546,2.457453,1,Solve_Succeeded,0.066621040,-0.003811761,1.387778780781e-17
5.860000,-0.095287926,0.006657085,-0.090871121,0.002171206,0.079716546,2.457453,1,Solve_Succeeded,0.066621040,-0.003811761,1.387778780781e-17
5.870000,-0.096188804,0.006678410,-0.090205273,0.002138359,0.080217989,2.539820,1,Solve_Succeeded,0.067038381,-0.003801192,8.673617379884e-19
5.880000,-0.097082977,0.006699356,-0.089535570,0.002101121,0.080217989,2.539820,1,Solve_Succeeded,0.067038381,-0.003801192,8.673617379884e-19
5.890000,-0.097970450,0.006719980,-0.088865538,0.002068208,0.080702668,2.485402,1,Solve_Succeeded,0.067441722,-0.003790018,1.387778780781e-17
5.900000,-0.098851179,0.006740225,-0.088191778,0.002031056,0.080702668,2.485402,1,Solve_Succeeded,0.067441722,-0.003790018,1.387778780781e-17
5.910000,-0.099725167,0.006760148,-0.087517700,0.001998084,0.081170593,2.489237,1,Solve_Succeeded,0.067831070,-0.003778244,1.387778780781e-17
5.920000,-0.100592371,0.006779692,-0.086840025,0.001961023,0.081170593,2.489237,1,Solve_Succeeded,0.067831070,-0.003778244,1.387778780781e-17
5.930000,-0.101452795,0.006798914,-0.086162042,0.001927999,0.081621772,2.936240,1,Solve_Succeeded,0.068206434,-0.003765875,0.000000000000e+00
5.940000,-0.102306398,0.006817759,-0.085480590,0.001891035,0.081621772,2.936240,1,Solve_Succeeded,0.068206434,-0.003765875,0.000000000000e+00
5.950000,-0.103153184,0.006836281,-0.084798841,0.001857963,0.082056221,2.663753,1,Solve_Succeeded,0.068567827,-0.003752917,1.387778780781e-17
5.960000,-0.103993112,0.006854427,-0.084113753,0.001821103,0.082056221,2.663753,1,Solve_Succeeded,0.068567827,-0.003752917,1.387778780781e-17
5.970000,-0.104826187,0.006872248,-0.083428379,0.001787991,0.082473956,2.438262,1,Solve_Succeeded,0.068915262,-0.003739376,0.000000000000e+00
5.980000,-0.105652369,0.006889696,-0.082739793,0.001751239,0.082473956,2.438262,1,Solve_Succeeded,0.068915262,-0.003739376,0.000000000000e+00
5.990000,-0.106471663,0.006906818,-0.082050933,0.001718092,0.082874995,2.397813,1,Solve_Succeeded,0.069248755,-0.003725256,2.775557561563e-17
6.000000,-0.107284032,0.006923568,-0.081358989,0.001681455,0.082874995,2.397813,1,Solve_Succeeded,0.069248755,-0.003725256,2.775557561563e-17
6.010000,-0.108089478,0.006939992,-0.080666783,0.001648279,0.083259361,2.442779,1,Solve_Succeeded,0.069568326,-0.003710564,1.387778780781e-17
6.020000,-0.108887968,0.006956045,-0.079971621,0.001611763,0.083259361,2.442779,1,Solve_Succeeded,0.069568326,-0.003710564,1.387778780781e-17
6.030000,-0.109679502,0.006971772,-0.079276207,0.001578565,0.083627080,2.658358,1,Solve_Succeeded,0.069873995,-0.003695305,8.673617379884e-19
6.040000,-0.110464050,0.006987130,-0.078577966,0.001542174,0.083627080,2.658358,1,Solve_Succeeded,0.069873995,-0.003695305,8.673617379884e-19
6.050000,-0.111241612,0.007002161,-0.077879484,0.001508959,0.083978178,2.544390,1,Solve_Succeeded,0.070165786,-0.003679484,0.000000000000e+00
6.060000,-0.112012158,0.007016824,-0.077178302,0.001472701,0.083978178,2.544390,1,Solve_Succeeded,0.070165786,-0.003679484,0.000000000000e+00
6.070000,-0.112775689,0.007031160,-0.076476890,0.001439475,0.084312687,2.867700,1,Solve_Succeeded,0.070443724,-0.003663109,1.387778780781e-17
6.080000,-0.113532176,0.007045130,-0.075772907,0.001403354,0.084312687,2.867700,1,Solve_Succeeded,0.070443724,-0.003663109,1.387778780781e-17
6.090000,-0.114281620,0.007058772,-0.075068704,0.001370123,0.084630639,2.976793,1,Solve_Succeeded,0.070707838,-0.003646184,8.673617379884e-19
6.100000,-0.115023993,0.007072050,-0.074362057,0.001334145,0.084630639,2.976793,1,Solve_Succeeded,0.070707838,-0.003646184,8.673617379884e-19
6.110000,-0.115759298,0.007085001,-0.073655201,0.001300915,0.084932070,2.524179,1,Solve_Succeeded,0.070958157,-0.003628716,0.000000000000e+00
6.120000,-0.116487507,0.007097588,-0.072946028,0.001265086,0.084932070,2.524179,1,Solve_Succeeded,0.070958157,-0.003628716,0.000000000000e+00
6.130000,-0.117208622,0.007109848,-0.072236658,0.001231862,0.085217019,2.484477,1,Solve_Succeeded,0.071194714,-0.003610711,1.387778780781e-17
6.140000,-0.117922617,0.007121747,-0.071525097,0.001196187,0.085217019,2.484477,1,Solve_Succeeded,0.071194714,-0.003610711,1.387778780781e-17
6.150000,-0.118629494,0.007133319,-0.070813350,0.001162975,0.085485528,2.403585,1,Solve_Succeeded,0.071417544,-0.003592174,0.000000000000e+00
6.160000,-0.119329230,0.007144530,-0.070099538,0.001127459,0.085485528,2.403585,1,Solve_Succeeded,0.071417544,-0.003592174,0.000000000000e+00
6.170000,-0.120021826,0.007155414,-0.069385551,0.001094265,0.085737639,2.499717,1,Solve_Succeeded,0.071626684,-0.003573112,8.673617379884e-19
6.180000,-0.120707259,0.007165941,-0.068669626,0.001058914,0.085737639,2.499717,1,Solve_Succeeded,0.071626684,-0.003573112,8.673617379884e-19
6.190000,-0.121385530,0.007176140,-0.067953536,0.001025744,0.085973400,2.528223,1,Solve_Succeeded,0.071822172,-0.003553532,1.387778780781e-17
6.200000,-0.122056620,0.007185984,-0.067235634,0.000990563,0.085973400,2.528223,1,Solve_Succeeded,0.071822172,-0.003553532,1.387778780781e-17
6.210000,-0.122720528,0.007195499,-0.066517577,0.000957423,0.086192859,2.441192,1,Solve_Succeeded,0.072004051,-0.003533439,1.387778780781e-17
6.220000,-0.123377236,0.007204662,-0.065797834,0.000922417,0.086192859,2.441192,1,Solve_Succeeded,0.072004051,-0.003533439,1.387778780781e-17
6.230000,-0.124026746,0.007213497,-0.065077948,0.000889311,0.086396069,2.403983,1,Solve_Succeeded,0.072172362,-0.003512839,0.000000000000e+00
6.240000,-0.124669037,0.007221980,-0.064356499,0.000854486,0.086396069,2.403983,1,Solve_Succeeded,0.072172362,-0.003512839,0.000000000000e+00
6.250000,-0.125304113,0.007230136,-0.063634918,0.000821421,0.086583084,2.554230,1,Solve_Succeeded,0.072327153,-0.003491740,0.000000000000e+00
6.260000,-0.125931956,0.007237942,-0.062911900,0.000786781,0.086583084,2.554230,1,Solve_Succeeded,0.072327153,-0.003491740,0.000000000000e+00
6.270000,-0.126552568,0.007245422,-0.062188760,0.000753762,0.086753960,3.388496,1,Solve_Succeeded,0.072468470,-0.003470148,1.387778780781e-17
6.280000,-0.127165932,0.007252554,-0.061464306,0.000719312,0.086753960,3.388496,1,Solve_Succeeded,0.072468470,-0.003470148,1.387778780781e-17
6.290000,-0.127772051,0.007259359,-0.060739741,0.000686345,0.086908757,2.451470,1,Solve_Succeeded,0.072596363,-0.003448068,1.387778780781e-17
6.300000,-0.128370910,0.007265820,-0.060013988,0.000652091,0.086908757,2.451470,1,Solve_Succeeded,0.072596363,-0.003448068,1.387778780781e-17
6.310000,-0.128962511,0.007271954,-0.059288132,0.000619181,0.087047536,2.715114,1,Solve_Succeeded,0.072710885,-0.003425508,1.387778780781e-17
6.320000,-0.129546840,0.007277745,-0.058561212,0.000585127,0.087047536,2.715114,1,Solve_Succeeded,0.072710885,-0.003425508,1.387778780781e-17
6.330000,-0.130123899,0.007283210,-0.057834200,0.000552279,0.087170362,2.599334,1,Solve_Succeeded,0.072812088,-0.003402475,0.000000000000e+00
6.340000,-0.130693677,0.007288334,-0.057106245,0.000518431,0.087170362,2.599334,1,Solve_Succeeded,0.072812088,-0.003402475,0.000000000000e+00
6.350000,-0.131256174,0.007293133,-0.056378210,0.000485651,0.087277302,2.808049,1,Solve_Succeeded,0.072900029,-0.003378974,1.387778780781e-17
6.360000,-0.131811382,0.007297594,-0.055649355,0.000452012,0.087277302,2.808049,1,Solve_Succeeded,0.072900029,-0.003378974,1.387778780781e-17
6.370000,-0.132359299,0.007301729,-0.054920429,0.000419306,0.087368424,2.545181,1,Solve_Succeeded,0.072974766,-0.003355013,8.673617379884e-19
6.380000,-0.132899920,0.007305529,-0.054190805,0.000385882,0.087368424,2.545181,1,Solve_Succeeded,0.072974766,-0.003355013,8.673617379884e-19
6.390000,-0.133433243,0.007309004,-0.053461121,0.000353254,0.087443800,3.044092,1,Solve_Succeeded,0.073036359,-0.003330598,1.387778780781e-17
6.400000,-0.133959263,0.007312146,-0.052730860,0.000320049,0.087443800,3.044092,1,Solve_Succeeded,0.073036359,-0.003330598,1.387778780781e-17
6.410000,-0.134477980,0.007314963,-0.052000549,0.000287506,0.087503504,2.533883,1,Solve_Succeeded,0.073084869,-0.003305736,8.673617379884e-19
6.420000,-0.134989388,0.007317450,-0.051269781,0.000254525,0.087503504,2.533883,1,Solve_Succeeded,0.073084869,-0.003305736,8.673617379884e-19
6.430000,-0.135493488,0.007319614,-0.050538974,0.000222070,0.087547611,2.745458,1,Solve_Succeeded,0.073120360,-0.003280434,1.387778780781e-17
6.440000,-0.135990276,0.007321449,-0.049807830,0.000189318,0.087547611,2.745458,1,Solve_Succeeded,0.073120360,-0.003280434,1.387778780781e-17
6.450000,-0.136479753,0.007322962,-0.049076657,0.000156957,0.087576201,2.652404,1,Solve_Succeeded,0.073142898,-0.003254698,1.387778780781e-17
6.460000,-0.136961915,0.007324149,-0.048345266,0.000124438,0.087576201,2.652404,1,Solve_Succeeded,0.073142898,-0.003254698,1.387778780781e-17
6.470000,-0.137436763,0.007325013,-0.047613857,0.000092177,0.087589354,2.565496,1,Solve_Succeeded,0.073152551,-0.003228537,0.000000000000e+00
6.480000,-0.137904295,0.007325555,-0.046882349,0.000059894,0.087589354,2.565496,1,Solve_Succeeded,0.073152551,-0.003228537,0.000000000000e+00
6.490000,-0.138364513,0.007325776,-0.046150833,0.000027738,0.087587154,2.626393,1,Solve_Succeeded,0.073149388,-0.003201956,0.000000000000e+00
6.500000,-0.138817415,0.007325676,-0.045419336,-0.000004303,0.087587154,2.626393,1,Solve_Succeeded,0.073149388,-0.003201956,0.000000000000e+00
6.510000,-0.139263003,0.007325256,-0.044687840,-0.000036350,0.087569684,2.411981,1,Solve_Succeeded,0.073133481,-0.003174962,2.775557561563e-17
6.520000,-0.139701277,0.007324519,-0.043956481,-0.000068145,0.087569684,2.411981,1,Solve_Succeeded,0.073133481,-0.003174962,2.775557561563e-17
6.530000,-0.140132237,0.007323462,-0.043225134,-0.000100077,0.087537033,2.617481,1,Solve_Succeeded,0.073104902,-0.003147563,0.000000000000e+00
6.540000,-0.140555888,0.007322090,-0.042494040,-0.000131622,0.087537033,2.617481,1,Solve_Succeeded,0.073104902,-0.003147563,0.000000000000e+00
6.550000,-0.140972227,0.007320399,-0.041762968,-0.000163435,0.087489291,2.796342,1,Solve_Succeeded,0.073063726,-0.003119765,1.387778780781e-17
6.560000,-0.141381260,0.007318397,-0.041032266,-0.000194726,0.087489291,2.796342,1,Solve_Succeeded,0.073063726,-0.003119765,1.387778780781e-17
6.570000,-0.141782987,0.007316077,-0.040301595,-0.000226414,0.087426548,2.614892,1,Solve_Succeeded,0.073010032,-0.003091576,1.387778780781e-17
6.580000,-0.142177412,0.007313448,-0.039571409,-0.000257446,0.087426548,2.614892,1,Solve_Succeeded,0.073010032,-0.003091576,1.387778780781e-17
6.590000,-0.142564537,0.007310502,-0.038841265,-0.000289006,0.087348900,2.402356,1,Solve_Succeeded,0.072943896,-0.003063003,1.387778780781e-17
6.600000,-0.142944366,0.007307250,-0.038111720,-0.000319776,0.087348900,2.402356,1,Solve_Succeeded,0.072943896,-0.003063003,1.387778780781e-17
6.610000,-0.143316901,0.007303682,-0.037382226,-0.000351201,0.087256441,2.639104,1,Solve_Succeeded,0.072865399,-0.003034052,1.387778780781e-17
6.620000,-0.143682150,0.007299811,-0.036653446,-0.000381705,0.087256441,2.639104,1,Solve_Succeeded,0.072865399,-0.003034052,1.387778780781e-17
6.630000,-0.144040111,0.007295626,-0.035924728,-0.000412992,0.087149270,2.604734,1,Solve_Succeeded,0.072774624,-0.003004732,8.673617379884e-19
6.640000,-0.144390795,0.007291141,-0.035196835,-0.000443226,0.087149270,2.604734,1,Solve_Succeeded,0.072774624,-0.003004732,8.673617379884e-19
6.650000,-0.144734201,0.007286342,-0.034469014,-0.000474369,0.087027486,2.604087,1,Solve_Succeeded,0.072671654,-0.002975048,8.673617379884e-19
6.660000,-0.145070339,0.007281246,-0.033742132,-0.000504329,0.087027486,2.604087,1,Solve_Succeeded,0.072671654,-0.002975048,8.673617379884e-19
6.670000,-0.145399210,0.007275838,-0.033015330,-0.000535324,0.086891192,2.756072,1,Solve_Succeeded,0.072556574,-0.002945010,0.000000000000e+00
6.680000,-0.145720825,0.007270136,-0.032289579,-0.000565006,0.086891192,2.756072,1,Solve_Succeeded,0.072556574,-0.002945010,0.000000000000e+00
6.690000,-0.146035184,0.007264123,-0.031563917,-0.000595849,0.086740492,2.466572,1,Solve_Succeeded,0.072429471,-0.002914622,0.000000000000e+00
6.700000,-0.146342299,0.007257818,-0.030839418,-0.000625250,0.086740492,2.466572,1,Solve_Succeeded,0.072429471,-0.002914622,0.000000000000e+00
6.710000,-0.146642171,0.007251205,-0.030115017,-0.000655935,0.086575492,2.662066,1,Solve_Succeeded,0.072290435,-0.002883894,1.387778780781e-17
6.720000,-0.146934814,0.007244303,-0.029391888,-0.000685052,0.086575492,2.662066,1,Solve_Succeeded,0.072290435,-0.002883894,1.387778780781e-17
6.730000,-0.147220227,0.007237093,-0.028668868,-0.000715575,0.086396299,2.502280,1,Solve_Succeeded,0.072139554,-0.002852831,8.673617379884e-19
6.740000,-0.147498425,0.007229598,-0.027947229,-0.000744403,0.086396299,2.502280,1,Solve_Succeeded,0.072139554,-0.002852831,8.673617379884e-19
6.750000,-0.147769409,0.007221797,-0.027225708,-0.000774760,0.086203024,2.535795,1,Solve_Succeeded,0.071976922,-0.002821442,1.387778780781e-17
6.760000,-0.148033195,0.007213714,-0.026505676,-0.000803297,0.086203024,2.535795,1,Solve_Succeeded,0.071976922,-0.002821442,1.387778780781e-17
6.770000,-0.148289783,0.007205326,-0.025785771,-0.000833483,0.085995777,2.415562,1,Solve_Succeeded,0.071802631,-0.002789734,0.000000000000e+00
6.780000,-0.148539190,0.007196659,-0.025067463,-0.000861725,0.085995777,2.415562,1,Solve_Succeeded,0.071802631,-0.002789734,0.000000000000e+00
6.790000,-0.148781415,0.007187688,-0.024349291,-0.000891736,0.085774672,2.444739,1,Solve_Succeeded,0.071616776,-0.002757714,1.387778780781e-17
6.800000,-0.149016479,0.007178442,-0.023632823,-0.000919679,0.085774672,2.444739,1,Solve_Succeeded,0.071616776,-0.002757714,1.387778780781e-17
6.810000,-0.149244380,0.007168894,-0.022916500,-0.000949512,0.085539825,2.706257,1,Solve_Succeeded,0.071419454,-0.002725389,0.000000000000e+00
6.820000,-0.149465139,0.007159074,-0.022201986,-0.000977153,0.085539825,2.706257,1,Solve_Succeeded,0.071419454,-0.002725389,0.000000000000e+00
6.830000,-0.149678754,0.007148954,-0.021487627,-0.001006803,0.085291352,2.855872,1,Solve_Succeeded,0.071210762,-0.002692767,1.387778780781e-17
6.840000,-0.149885249,0.007138564,-0.020775182,-0.001034139,0.085291352,2.855872,1,Solve_Succeeded,0.071210762,-0.002692767,1.387778780781e-17
6.850000,-0.150084621,0.007127876,-0.020062900,-0.001063601,0.085029372,2.924352,1,Solve_Succeeded,0.070990800,-0.002659855,1.387778780781e-17
6.860000,-0.150276894,0.007116922,-0.019352636,-0.001090629,0.085029372,2.924352,1,Solve_Succeeded,0.070990800,-0.002659855,1.387778780781e-17
6.870000,-0.150462066,0.007105671,-0.018642544,-0.001119899,0.084754006,3.014472,1,Solve_Succeeded,0.070759668,-0.002626660,1.387778780781e-17
6.880000,-0.150640163,0.007094158,-0.017934573,-0.001146617,0.084754006,3.014472,1,Solve_Succeeded,0.070759668,-0.002626660,1.387778780781e-17
6.890000,-0.150811182,0.007082350,-0.017226784,-0.001175691,0.084465375,2.836923,1,Solve_Succeeded,0.070517469,-0.002593190,0.000000000000e+00
6.900000,-0.150975149,0.007070282,-0.016521217,-0.001202095,0.084465375,2.836923,1,Solve_Succeeded,0.070517469,-0.002593190,0.000000000000e+00
6.910000,-0.151132062,0.007057922,-0.015815840,-0.001230970,0.084163603,2.505967,1,Solve_Succeeded,0.070264306,-0.002559453,1.387778780781e-17
6.920000,-0.151281949,0.007045305,-0.015112786,-0.001257057,0.084163603,2.505967,1,Solve_Succeeded,0.070264306,-0.002559453,1.387778780781e-17
6.930000,-0.151424808,0.007032397,-0.014409932,-0.001285728,0.083848816,2.578314,1,Solve_Succeeded,0.070000283,-0.002525455,8.673617379884e-19
6.940000,-0.151560667,0.007019237,-0.013709501,-0.001311496,0.083848816,2.578314,1,Solve_Succeeded,0.070000283,-0.002525455,8.673617379884e-19
6.950000,-0.151689524,0.007005787,-0.013009278,-0.001339959,0.083521140,2.649063,1,Solve_Succeeded,0.069725508,-0.002491204,0.000000000000e+00
6.960000,-0.151811409,0.006992088,-0.012311577,-0.001365405,0.083521140,2.649063,1,Solve_Succeeded,0.069725508,-0.002491204,0.000000000000e+00
6.970000,-0.151926319,0.006978102,-0.011614093,-0.001393657,0.083180704,2.687233,1,Solve_Succeeded,0.069440086,-0.002456707,0.000000000000e+00
6.980000,-0.152034285,0.006963870,-0.010919229,-0.001418777,0.083180704,2.687233,1,Solve_Succeeded,0.069440086,-0.002456707,0.000000000000e+00
6.990000,-0.152135305,0.006949352,-0.010224590,-0.001446814,0.082827638,2.446804,1,Solve_Succeeded,0.069144128,-0.002421972,0.000000000000e+00
7.000000,-0.152229411,0.006934592,-0.009532669,-0.001471607,0.082827638,2.446804,1,Solve_Succeeded,0.069144128,-0.002421972,0.000000000000e+00
7.010000,-0.152316600,0.006919549,-0.008840980,-0.001499426,0.082462073,3.313953,1,Solve_Succeeded,0.068837743,-0.002387006,1.387778780781e-17
7.020000,-0.152396905,0.006904267,-0.008152106,-0.001523889,0.082462073,3.313953,1,Solve_Succeeded,0.068837743,-0.002387006,1.387778780781e-17
7.030000,-0.152470325,0.006888703,-0.007463472,-0.001551484,0.082084143,2.632233,1,Solve_Succeeded,0.068521041,-0.002351817,0.000000000000e+00
7.040000,-0.152536892,0.006872904,-0.006777748,-0.001575615,0.082084143,2.632233,1,Solve_Succeeded,0.068521041,-0.002351817,0.000000000000e+00
7.050000,-0.152596605,0.006856826,-0.006092273,-0.001602984,0.081693980,2.666725,1,Solve_Succeeded,0.068194136,-0.002316412,0.000000000000e+00
7.060000,-0.152649499,0.006840516,-0.005409801,-0.001626780,0.081693980,2.666725,1,Solve_Succeeded,0.068194136,-0.002316412,0.000000000000e+00
7.070000,-0.152695571,0.006823929,-0.004727586,-0.001653920,0.081291723,2.550618,1,Solve_Succeeded,0.067857140,-0.002280798,8.673617379884e-19
7.080000,-0.152734857,0.006807114,-0.004048468,-0.001677379,0.081291723,2.550618,1,Solve_Succeeded,0.067857140,-0.002280798,8.673617379884e-19
7.090000,-0.152767355,0.006790024,-0.003369615,-0.001704286,0.080877506,2.502844,1,Solve_Succeeded,0.067510169,-0.002244984,8.673617379884e-19
7.100000,-0.152793102,0.006772709,-0.002693951,-0.001727405,0.080877506,2.502844,1,Solve_Succeeded,0.067510169,-0.002244984,8.673617379884e-19
7.110000,-0.152812096,0.006755121,-0.002018558,-0.001754076,0.080451469,2.646834,1,Solve_Succeeded,0.067153338,-0.002208975,0.000000000000e+00
7.120000,-0.152824375,0.006737312,-0.001346446,-0.001776853,0.080451469,2.646834,1,Solve_Succeeded,0.067153338,-0.002208975,0.000000000000e+00
7.130000,-0.152829935,0.006719233,-0.000674614,-0.001803284,0.080013752,2.748373,1,Solve_Succeeded,0.066786764,-0.002172780,1.387778780781e-17
7.140000,-0.152828817,0.006700936,-0.000006152,-0.001825718,0.080013752,2.748373,1,Solve_Succeeded,0.066786764,-0.002172780,1.387778780781e-17
7.150000,-0.152821018,0.006682371,0.000662023,-0.001851906,0.079564495,3.396822,1,Solve_Succeeded,0.066410565,-0.002136405,0.000000000000e+00
7.160000,-0.152806577,0.006663592,0.001326738,-0.001873994,0.079564495,3.396822,1,Solve_Succeeded,0.066410565,-0.002136405,0.000000000000e+00
7.170000,-0.152785493,0.006644547,0.001991159,-0.001899935,0.079103841,2.639456,1,Solve_Succeeded,0.066024859,-0.002099859,1.387778780781e-17
7.180000,-0.152757807,0.006625292,0.002652033,-0.001921676,0.079103841,2.639456,1,Solve_Succeeded,0.066024859,-0.002099859,1.387778780781e-17
7.190000,-0.152723515,0.006605773,0.003312605,-0.001947368,0.078631933,2.430212,1,Solve_Succeeded,0.065629767,-0.002063149,4.336808689942e-19
7.200000,-0.152682660,0.006586047,0.003969544,-0.001968760,0.078631933,2.430212,1,Solve_Succeeded,0.065629767,-0.002063149,4.336808689942e-19
7.210000,-0.152635240,0.006566060,0.004626172,-0.001994199,0.078148916,2.570629,1,Solve_Succeeded,0.065225410,-0.002026282,1.387778780781e-17
7.220000,-0.152581297,0.006545871,0.005279082,-0.002015239,0.078148916,2.570629,1,Solve_Succeeded,0.065225410,-0.002026282,1.387778780781e-17
7.230000,-0.152520828,0.006525422,0.005931675,-0.002040423,0.077654935,2.598296,1,Solve_Succeeded,0.064811908,-0.001989265,1.387778780781e-17
7.240000,-0.152453879,0.006504775,0.006580465,-0.002061110,0.077654935,2.598296,1,Solve_Succeeded,0.064811908,-0.001989265,1.387778780781e-17
7.250000,-0.152380445,0.006483870,0.007228931,-0.002086035,0.077150137,2.605158,1,Solve_Succeeded,0.064389386,-0.001952105,4.336808689942e-19
7.260000,-0.152300572,0.006462771,0.007873510,-0.002106367,0.077150137,2.605158,1,Solve_Succeeded,0.064389386,-0.001952105,4.336808689942e-19
7.270000,-0.152214258,0.006441417,0.008517758,-0.002131031,0.076634671,2.420676,1,Solve_Succeeded,0.063957965,-0.001914810,0.000000000000e+00
7.280000,-0.152121548,0.006419872,0.009158038,-0.002151007,0.076634671,2.420676,1,Solve_Succeeded,0.063957965,-0.001914810,0.000000000000e+00
7.290000,-0.152022438,0.006398075,0.009797979,-0.002175406,0.076108684,2.487570,1,Solve_Succeeded,0.063517772,-0.001877388,1.387778780781e-17
7.300000,-0.151916978,0.006376090,0.010433871,-0.002195025,0.076108684,2.487570,1,Solve_Succeeded,0.063517772,-0.001877388,1.387778780781e-17
7.310000,-0.151805162,0.006353855,0.011069417,-0.002219157,0.075572328,2.872516,1,Solve_Succeeded,0.063068932,-0.001839845,4.336808689942e-19
7.320000,-0.151687039,0.006331437,0.011700835,-0.002238416,0.075572328,2.872516,1,Solve_Succeeded,0.063068932,-0.001839845,4.336808689942e-19
7.330000,-0.151562607,0.006308772,0.012331900,-0.002262278,0.075025752,2.582954,1,Solve_Succeeded,0.062611570,-0.001802189,1.387778780781e-17
7.340000,-0.151431913,0.006285927,0.012958759,-0.002281177,0.075025752,2.582954,1,Solve_Succeeded,0.062611570,-0.001802189,1.387778780781e-17
7.350000,-0.151294955,0.006262838,0.013585257,-0.002304767,0.074469110,2.673637,1,Solve_Succeeded,0.062145813,-0.001764426,1.387778780781e-17
7.360000,-0.151151782,0.006239572,0.014207472,-0.002323304,0.074469110,2.673637,1,Solve_Succeeded,0.062145813,-0.001764426,1.387778780781e-17
7.370000,-0.151002391,0.006216065,0.014829320,-0.002346618,0.073902553,2.557526,1,Solve_Succeeded,0.061671789,-0.001726565,4.336808689942e-19
7.380000,-0.150846834,0.006192385,0.015446807,-0.002364792,0.073902553,2.557526,1,Solve_Succeeded,0.061671789,-0.001726565,4.336808689942e-19
7.390000,-0.150685105,0.006168466,0.016063922,-0.002387828,0.073326236,2.788012,1,Solve_Succeeded,0.061189627,-0.001688612,4.336808689942e-19
7.400000,-0.150517258,0.006144378,0.016676601,-0.002405638,0.073326236,2.788012,1,Solve_Succeeded,0.061189627,-0.001688612,4.336808689942e-19
7.410000,-0.150343289,0.006120054,0.017288902,-0.002428394,0.072740312,2.651819,1,Solve_Succeeded,0.060699456,-0.001650574,1.387778780781e-17
7.420000,-0.150163249,0.006095565,0.017896692,-0.002445839,0.072740312,2.651819,1,Solve_Succeeded,0.060699456,-0.001650574,1.387778780781e-17
7.430000,-0.149977136,0.006070842,0.018504097,-0.002468312,0.072144938,2.795320,1,Solve_Succeeded,0.060201405,-0.001612458,0.000000000000e+00
7.440000,-0.149785003,0.006045958,0.019106920,-0.002485390,0.072144938,2.795320,1,Solve_Succeeded,0.060201405,-0.001612458,0.000000000000e+00
7.450000,-0.149586847,0.006020843,0.019709351,-0.002507579,0.071540270,2.592830,1,Solve_Succeeded,0.059695605,-0.001574273,8.673617379884e-19
7.460000,-0.149382720,0.005995571,0.020307129,-0.002524290,0.071540270,2.592830,1,Solve_Succeeded,0.059695605,-0.001574273,8.673617379884e-19
7.470000,-0.149172621,0.005970070,0.020904509,-0.002546191,0.070926463,2.440184,1,Solve_Succeeded,0.059182188,-0.001536024,1.387778780781e-17
7.480000,-0.148956604,0.005944416,0.021497164,-0.002562533,0.070926463,2.440184,1,Solve_Succeeded,0.059182188,-0.001536024,1.387778780781e-17
7.490000,-0.148734664,0.005918536,0.022089416,-0.002584145,0.070303677,2.634093,1,Solve_Succeeded,0.058661284,-0.001497719,0.000000000000e+00
7.500000,-0.148506859,0.005892507,0.022676875,-0.002600119,0.070303677,2.634093,1,Solve_Succeeded,0.058661284,-0.001497719,0.000000000000e+00
7.510000,-0.148273184,0.005866255,0.023263925,-0.002621439,0.069672069,2.502742,1,Solve_Succeeded,0.058133027,-0.001459364,1.387778780781e-17
7.520000,-0.148033695,0.005839857,0.023846113,-0.002637043,0.069672069,2.502742,1,Solve_Succeeded,0.058133027,-0.001459364,1.387778780781e-17
7.530000,-0.147788390,0.005813239,0.024427886,-0.002658069,0.069031799,3.275468,1,Solve_Succeeded,0.057597548,-0.001420967,4.336808689942e-19
7.540000,-0.147537324,0.005786479,0.025004731,-0.002673302,0.069031799,3.275468,1,Solve_Succeeded,0.057597548,-0.001420967,4.336808689942e-19
7.550000,-0.147280496,0.005759502,0.025581155,-0.002694033,0.068383025,2.791398,1,Solve_Succeeded,0.057054982,-0.001382535,4.336808689942e-19
7.560000,-0.147017961,0.005732387,0.026152586,-0.002708895,0.068383025,2.791398,1,Solve_Succeeded,0.057054982,-0.001382535,4.336808689942e-19
7.570000,-0.146749718,0.005705058,0.026723591,-0.002729328,0.067725908,2.541388,1,Solve_Succeeded,0.056505462,-0.001344074,4.336808689942e-19
7.580000,-0.146475824,0.005677594,0.027289538,-0.002743819,0.067725908,2.541388,1,Solve_Succeeded,0.056505462,-0.001344074,4.336808689942e-19
7.590000,-0.146196275,0.005649919,0.027855053,-0.002763952,0.067060610,2.408687,1,Solve_Succeeded,0.055949122,-0.001305592,0.000000000000e+00
7.600000,-0.145911132,0.005622114,0.028415448,-0.002778070,0.067060610,2.408687,1,Solve_Succeeded,0.055949122,-0.001305592,0.000000000000e+00
7.610000,-0.145620389,0.005594100,0.028975405,-0.002797902,0.066387290,2.559211,1,Solve_Succeeded,0.055386098,-0.001267095,1.301042606983e-18
7.620000,-0.145324109,0.005565959,0.029530181,-0.002811648,0.066387290,2.559211,1,Solve_Succeeded,0.055386098,-0.001267095,1.301042606983e-18
7.630000,-0.145022285,0.005537613,0.030084514,-0.002831176,0.065706112,2.708847,1,Solve_Succeeded,0.054816524,-0.001228590,0.000000000000e+00
7.640000,-0.144714980,0.005509143,0.030633604,-0.002844549,0.065706112,2.708847,1,Solve_Succeeded,0.054816524,-0.001228590,0.000000000000e+00
7.650000,-0.144402190,0.005480472,0.031182247,-0.002863772,0.065017237,3.128656,1,Solve_Succeeded,0.054240537,-0.001190084,8.673617379884e-19
7.660000,-0.144083975,0.005451681,0.031725588,-0.002876773,0.065017237,3.128656,1,Solve_Succeeded,0.054240537,-0.001190084,8.673617379884e-19
7.670000,-0.143760332,0.005422691,0.032268476,-0.002895689,0.064320829,2.615373,1,Solve_Succeeded,0.053658271,-0.001151584,4.336808689942e-19
7.680000,-0.143431323,0.005393585,0.032806004,-0.002908316,0.064320829,2.615373,1,Solve_Succeeded,0.053658271,-0.001151584,4.336808689942e-19
7.690000,-0.143096945,0.005364283,0.033343075,-0.002926924,0.063617049,2.475719,1,Solve_Succeeded,0.053069864,-0.001113096,4.336808689942e-19
7.700000,-0.142757259,0.005334870,0.033874730,-0.002939177,0.063617049,2.475719,1,Solve_Succeeded,0.053069864,-0.001113096,4.336808689942e-19
7.710000,-0.142412263,0.005305263,0.034405922,-0.002957476,0.062906063,2.649361,1,Solve_Succeeded,0.052475452,-0.001074626,8.673617379884e-19
7.720000,-0.142062019,0.005275548,0.034931642,-0.002969356,0.062906063,2.649361,1,Solve_Succeeded,0.052475452,-0.001074626,8.673617379884e-19
7.730000,-0.141706523,0.005245643,0.035456895,-0.002987343,0.062188033,2.550950,1,Solve_Succeeded,0.051875172,-0.001036183,4.336808689942e-19
7.740000,-0.141345839,0.005215634,0.035976621,-0.002998849,0.062188033,2.550950,1,Solve_Succeeded,0.051875172,-0.001036183,4.336808689942e-19
7.750000,-0.140979964,0.005185438,0.036495876,-0.003016523,0.061463124,2.497187,1,Solve_Succeeded,0.051269160,-0.000997771,6.938893903907e-18
7.760000,-0.140608962,0.005155142,0.037009553,-0.003027656,0.061463124,2.497187,1,Solve_Succeeded,0.051269160,-0.000997771,6.938893903907e-18
7.770000,-0.140232829,0.005124661,0.037522752,-0.003045016,0.060731501,2.399367,1,Solve_Succeeded,0.050657555,-0.000959398,6.938893903907e-18
7.780000,-0.139851630,0.005094084,0.038030321,-0.003055776,0.060731501,2.399367,1,Solve_Succeeded,0.050657555,-0.000959398,6.938893903907e-18
7.790000,-0.139465361,0.005063326,0.038537410,-0.003072821,0.059993327,2.738090,1,Solve_Succeeded,0.050040495,-0.000921071,6.938893903907e-18
7.800000,-0.139074088,0.005032476,0.039038817,-0.003083207,0.059993327,2.738090,1,Solve_Succeeded,0.050040495,-0.000921071,6.938893903907e-18
7.810000,-0.138677807,0.005001447,0.039539740,-0.003099935,0.059248769,2.787789,1,Solve_Succeeded,0.049418116,-0.000882794,4.336808689942e-19
7.820000,-0.138276584,0.004970330,0.040034932,-0.003109949,0.059248769,2.787789,1,Solve_Succeeded,0.049418116,-0.000882794,4.336808689942e-19
7.830000,-0.137870414,0.004939037,0.040529635,-0.003126359,0.058497991,3.428464,1,Solve_Succeeded,0.048790557,-0.000844576,6.938893903907e-18
7.840000,-0.137459366,0.004907660,0.041018560,-0.003136000,0.058497991,3.428464,1,Solve_Succeeded,0.048790557,-0.000844576,6.938893903907e-18
7.850000,-0.137043434,0.004876111,0.041506992,-0.003152092,0.057741160,2.466962,1,Solve_Succeeded,0.048157956,-0.000806422,0.000000000000e+00
7.860000,-0.136622686,0.004844481,0.041989599,-0.003161361,0.057741160,2.466962,1,Solve_Succeeded,0.048157956,-0.000806422,0.000000000000e+00
7.870000,-0.136197119,0.004812682,0.042471709,-0.003177132,0.056978439,2.495545,1,Solve_Succeeded,0.047520451,-0.000768339,0.000000000000e+00
7.880000,-0.135766799,0.004780806,0.042947950,-0.003186030,0.056978439,2.495545,1,Solve_Succeeded,0.047520451,-0.000768339,0.000000000000e+00
7.890000,-0.135331722,0.004748763,0.043423689,-0.003201480,0.056209995,2.590022,1,Solve_Succeeded,0.046878181,-0.000730333,1.387778780781e-17
7.900000,-0.134891958,0.004716648,0.043893514,-0.003210006,0.056209995,2.590022,1,Solve_Succeeded,0.046878181,-0.000730333,1.387778780781e-17
7.910000,-0.134447501,0.004684370,0.044362835,-0.003225135,0.055435993,2.440458,1,Solve_Succeeded,0.046231284,-0.000692409,6.938893903907e-18
7.920000,-0.133998422,0.004652023,0.044826199,-0.003233290,0.055435993,2.440458,1,Solve_Succeeded,0.046231284,-0.000692409,6.938893903907e-18
7.930000,-0.133544714,0.004619516,0.045289054,-0.003248096,0.054656600,2.489462,1,Solve_Succeeded,0.045579898,-0.000654575,6.938893903907e-18
7.940000,-0.133086449,0.004586943,0.045745911,-0.003255882,0.054656600,2.489462,1,Solve_Succeeded,0.045579898,-0.000654575,6.938893903907e-18
7.950000,-0.132623621,0.004554214,0.046202257,-0.003270364,0.053871981,2.664312,1,Solve_Succeeded,0.044924161,-0.000616836,6.938893903907e-18
7.960000,-0.132156301,0.004521423,0.046652564,-0.003277780,0.053871981,2.664312,1,Solve_Succeeded,0.044924161,-0.000616836,6.938893903907e-18
7.970000,-0.131684484,0.004488479,0.047102355,-0.003291939,0.053082302,2.426093,1,Solve_Succeeded,0.044264213,-0.000579199,0.000000000000e+00
7.980000,-0.131208240,0.004455477,0.047546070,-0.003298986,0.053082302,2.426093,1,Solve_Succeeded,0.044264213,-0.000579199,0.000000000000e+00
7.990000,-0.130727565,0.004422324,0.047989265,-0.003312819,0.052287728,2.492297,1,Solve_Succeeded,0.043600192,-0.000541669,6.938893903907e-18
8.000000,-0.130242530,0.004389117,0.048426346,-0.003319500,0.052287728,2.492297,1,Solve_Succeeded,0.043600192,-0.000541669,6.938893903907e-18
8.010000,-0.129753131,0.004355763,0.048862905,-0.003333007,0.051488425,2.511642,1,Solve_Succeeded,0.042932236,-0.000504252,0.000000000000e+00
8.020000,-0.129259438,0.004322359,0.049293313,-0.003339320,0.051488425,2.511642,1,Solve_Succeeded,0.042932236,-0.000504252,0.000000000000e+00
8.030000,-0.128761448,0.004288811,0.049723196,-0.003352502,0.050684559,2.632982,1,Solve_Succeeded,0.042260482,-0.000466955,1.387778780781e-17
8.040000,-0.128259231,0.004255216,0.050146892,-0.003358449,0.050684559,2.632982,1,Solve_Succeeded,0.042260482,-0.000466955,1.387778780781e-17
8.050000,-0.127752784,0.004221480,0.050570060,-0.003371304,0.049876295,2.390685,1,Solve_Succeeded,0.041585070,-0.000429783,6.938893903907e-18
8.060000,-0.127242178,0.004187701,0.050987009,-0.003376887,0.049876295,2.390685,1,Solve_Succeeded,0.041585070,-0.000429783,6.938893903907e-18
8.070000,-0.126727409,0.004153785,0.051403426,-0.003389415,0.049063798,4.266549,1,Solve_Succeeded,0.040906138,-0.000392741,0.000000000000e+00
8.080000,-0.126208549,0.004119829,0.051813591,-0.003394633,0.049063798,4.266549,1,Solve_Succeeded,0.040906138,-0.000392741,0.000000000000e+00
8.090000,-0.125685594,0.004085740,0.052223221,-0.003406834,0.048247234,3.849359,1,Solve_Succeeded,0.040223822,-0.000355836,6.938893903907e-18
8.100000,-0.125158616,0.004051614,0.052626569,-0.003411689,0.048247234,3.849359,1,Solve_Succeeded,0.040223822,-0.000355836,6.938893903907e-18
8.110000,-0.124627612,0.004017358,0.053029379,-0.003423562,0.047426767,4.174774,1,Solve_Succeeded,0.039538262,-0.000319074,6.938893903907e-18
8.120000,-0.124092653,0.003983069,0.053425876,-0.003428056,0.047426767,4.174774,1,Solve_Succeeded,0.039538262,-0.000319074,6.938893903907e-18
8.130000,-0.123553736,0.003948653,0.053821834,-0.003439601,0.046602563,2.894983,1,Solve_Succeeded,0.038849594,-0.000282459,0.000000000000e+00
8.140000,-0.123010934,0.003914208,0.054211449,-0.003443735,0.046602563,2.894983,1,Solve_Succeeded,0.038849594,-0.000282459,0.000000000000e+00
8.150000,-0.122464242,0.003879639,0.054600522,-0.003454952,0.045774785,3.191820,1,Solve_Succeeded,0.038157956,-0.000245998,6.938893903907e-18
8.160000,-0.121913735,0.003845045,0.054983226,-0.003458726,0.045774785,3.191820,1,Solve_Succeeded,0.038157956,-0.000245998,6.938893903907e-18
8.170000,-0.121359406,0.003810329,0.055365386,-0.003469615,0.044943597,3.537510,1,Solve_Succeeded,0.037463485,-0.000209695,4.336808689942e-19
8.180000,-0.120801332,0.003775593,0.055741149,-0.003473032,0.044943597,3.537510,1,Solve_Succeeded,0.037463485,-0.000209695,4.336808689942e-19
8.190000,-0.120239506,0.003740739,0.056116367,-0.003483592,0.044109164,2.578955,1,Solve_Succeeded,0.036766317,-0.000173557,4.336808689942e-19
8.200000,-0.119674004,0.003705867,0.056485163,-0.003486652,0.044109164,2.578955,1,Solve_Succeeded,0.036766317,-0.000173557,4.336808689942e-19
8.210000,-0.119104820,0.003670880,0.056853411,-0.003496884,0.043271649,2.658949,1,Solve_Succeeded,0.036066589,-0.000137589,0.000000000000e+00
8.220000,-0.118532029,0.003635879,0.057215214,-0.003499589,0.043271649,2.658949,1,Solve_Succeeded,0.036066589,-0.000137589,0.000000000000e+00
8.230000,-0.117955627,0.003600767,0.057576467,-0.003509493,0.042431215,2.501416,1,Solve_Succeeded,0.035364437,-0.000101796,0.000000000000e+00
8.240000,-0.117375688,0.003565644,0.057931253,-0.003511844,0.042431215,2.501416,1,Solve_Succeeded,0.035364437,-0.000101796,0.000000000000e+00
8.250000,-0.116792208,0.003530413,0.058285486,-0.003521420,0.041588024,2.412666,1,Solve_Succeeded,0.034659998,-0.000066183,6.938893903907e-18
8.260000,-0.116205262,0.003495175,0.058633231,-0.003523420,0.041588024,2.412666,1,Solve_Succeeded,0.034659998,-0.000066183,6.938893903907e-18
8.270000,-0.115614845,0.003459832,0.058980422,-0.003532667,0.040742239,3.138178,1,Solve_Succeeded,0.033953406,-0.000030756,1.387778780781e-17
8.280000,-0.115021033,0.003424486,0.059321105,-0.003534316,0.040742239,3.138178,1,Solve_Succeeded,0.033953406,-0.000030756,1.387778780781e-17
8.290000,-0.114423820,0.003389038,0.059661232,-0.003543235,0.039894022,3.532185,1,Solve_Succeeded,0.033244797,0.000004480,4.336808689942e-19
8.300000,-0.113823283,0.003353590,0.059994832,-0.003544536,0.039894022,3.532185,1,Solve_Succeeded,0.033244797,0.000004480,4.336808689942e-19
8.310000,-0.113219417,0.003318044,0.060327874,-0.003553128,0.039043535,2.882395,1,Solve_Succeeded,0.032534305,0.000039521,0.000000000000e+00
8.320000,-0.112612297,0.003282501,0.060654372,-0.003554082,0.039043535,2.882395,1,Solve_Succeeded,0.032534305,0.000039521,0.000000000000e+00
8.330000,-0.112001919,0.003246863,0.060980311,-0.003562346,0.038190937,2.622208,1,Solve_Succeeded,0.031822065,0.000074361,6.938893903907e-18
8.340000,-0.111388358,0.003211233,0.061299690,-0.003562954,0.038190937,2.622208,1,Solve_Succeeded,0.031822065,0.000074361,6.938893903907e-18
8.350000,-0.110771611,0.003175510,0.061618508,-0.003570892,0.037336390,2.580147,1,Solve_Succeeded,0.031108210,0.000108995,2.168404344971e-19
8.360000,-0.110151752,0.003139798,0.061930750,-0.003571157,0.037336390,2.580147,1,Solve_Succeeded,0.031108210,0.000108995,2.168404344971e-19
8.370000,-0.109528778,0.003103997,0.062242431,-0.003578767,0.036480053,2.545388,1,Solve_Succeeded,0.030392875,0.000143418,6.938893903907e-18
8.380000,-0.108902764,0.003068210,0.062547523,-0.003578691,0.036480053,2.545388,1,Solve_Succeeded,0.030392875,0.000143418,6.938893903907e-18
8.390000,-0.108273706,0.003032337,0.062852052,-0.003585976,0.035622085,2.741148,1,Solve_Succeeded,0.029676191,0.000177626,6.938893903907e-18
8.400000,-0.107641681,0.002996483,0.063149979,-0.003585560,0.035622085,2.741148,1,Solve_Succeeded,0.029676191,0.000177626,6.938893903907e-18
8.410000,-0.107006682,0.002960545,0.063447342,-0.003592519,0.034762645,2.571148,1,Solve_Succeeded,0.028958292,0.000211613,4.336808689942e-19
8.420000,-0.106368788,0.002924629,0.063738092,-0.003591765,0.034762645,2.571148,1,Solve_Succeeded,0.028958292,0.000211613,4.336808689942e-19
8.430000,-0.105727994,0.002888633,0.064028277,-0.003598399,0.033901891,2.423512,1,Solve_Succeeded,0.028239309,0.000245376,2.168404344971e-19
8.440000,-0.105084375,0.002852662,0.064311839,-0.003597310,0.033901891,2.423512,1,Solve_Succeeded,0.028239309,0.000245376,2.168404344971e-19
8.450000,-0.104437927,0.002816615,0.064594836,-0.003603620,0.033039981,2.661109,1,Solve_Succeeded,0.027519374,0.000278909,0.000000000000e+00
8.460000,-0.103788727,0.002780595,0.064871200,-0.003602196,0.033039981,2.661109,1,Solve_Succeeded,0.027519374,0.000278909,0.000000000000e+00
8.470000,-0.103136771,0.002744503,0.065146998,-0.003608183,0.032177070,2.478122,1,Solve_Succeeded,0.026798617,0.000312208,0.000000000000e+00
8.480000,-0.102482134,0.002708442,0.065416156,-0.003606428,0.032177070,2.478122,1,Solve_Succeeded,0.026798617,0.000312208,0.000000000000e+00
8.490000,-0.101824813,0.002672311,0.065684746,-0.003612091,0.031313316,2.978368,1,Solve_Succeeded,0.026077168,0.000345268,6.938893903907e-18
8.500000,-0.101164883,0.002636214,0.065946691,-0.003610007,0.031313316,2.978368,1,Solve_Succeeded,0.026077168,0.000345268,6.938893903907e-18
8.510000,-0.100502342,0.002600051,0.066208068,-0.003615348,0.030448873,2.616195,1,Solve_Succeeded,0.025355158,0.000378086,3.469446951954e-18
8.520000,-0.099837264,0.002563926,0.066462794,-0.003612937,0.030448873,2.616195,1,Solve_Succeeded,0.025355158,0.000378086,3.469446951954e-18
8.530000,-0.099169646,0.002527738,0.066716951,-0.003617957,0.029583895,3.175617,1,Solve_Succeeded,0.024632715,0.000410655,6.938893903907e-18
8.540000,-0.098499565,0.002491590,0.066964453,-0.003615221,0.029583895,3.175617,1,Solve_Succeeded,0.024632715,0.000410655,6.938893903907e-18
8.550000,-0.097827015,0.002455383,0.067211386,-0.003619921,0.028718538,2.433497,1,Solve_Succeeded,0.023909968,0.000442973,0.000000000000e+00
8.560000,-0.097152075,0.002419220,0.067451661,-0.003616861,0.028718538,2.433497,1,Solve_Succeeded,0.023909968,0.000442973,0.000000000000e+00
8.570000,-0.096474738,0.002383000,0.067691367,-0.003621242,0.027852953,2.934610,1,Solve_Succeeded,0.023187044,0.000475035,2.168404344971e-19
8.580000,-0.095795082,0.002346827,0.067924413,-0.003617862,0.027852953,2.934610,1,Solve_Succeeded,0.023187044,0.000475035,2.168404344971e-19
8.590000,-0.095113103,0.002310600,0.068156890,-0.003621924,0.026987292,2.704787,1,Solve_Succeeded,0.022464070,0.000506837,3.469446951954e-18
8.600000,-0.094428878,0.002274425,0.068382706,-0.003618227,0.026987292,2.704787,1,Solve_Succeeded,0.022464070,0.000506837,3.469446951954e-18
8.610000,-0.093742401,0.002238198,0.068607953,-0.003621972,0.026121708,2.485102,1,Solve_Succeeded,0.021741173,0.000538375,3.469446951954e-18
8.620000,-0.093053750,0.002202026,0.068826541,-0.003617958,0.026121708,2.485102,1,Solve_Succeeded,0.021741173,0.000538375,3.469446951954e-18
8.630000,-0.092362919,0.002165806,0.069044559,-0.003621387,0.025256351,2.513133,1,Solve_Succeeded,0.021018478,0.000569644,3.469446951954e-18
8.640000,-0.091669987,0.002129643,0.069255919,-0.003617060,0.025256351,2.513133,1,Solve_Succeeded,0.021018478,0.000569644,3.469446951954e-18
8.650000,-0.090974948,0.002093436,0.069466710,-0.003620174,0.024391370,2.660425,1,Solve_Succeeded,0.020296111,0.000600641,3.469446951954e-18
8.660000,-0.090277879,0.002057289,0.069670846,-0.003615537,0.024391370,2.660425,1,Solve_Succeeded,0.020296111,0.000600641,3.469446951954e-18
8.670000,-0.089578776,0.002021100,0.069874413,-0.003618336,0.023526914,2.496169,1,Solve_Succeeded,0.019574195,0.000631362,3.469446951954e-18
8.680000,-0.088877715,0.001984975,0.070071329,-0.003613391,0.023526914,2.496169,1,Solve_Succeeded,0.019574195,0.000631362,3.469446951954e-18
8.690000,-0.088174692,0.001948812,0.070267677,-0.003615878,0.022663130,3.405179,1,Solve_Succeeded,0.018852853,0.000661804,0.000000000000e+00
8.700000,-0.087469783,0.001912715,0.070457378,-0.003610627,0.022663130,3.405179,1,Solve_Succeeded,0.018852853,0.000661804,0.000000000000e+00
8.710000,-0.086762984,0.001876583,0.070646512,-0.003612803,0.021800167,3.157834,1,Solve_Succeeded,0.018132209,0.000691961,3.469446951954e-18
8.720000,-0.086054372,0.001840520,0.070829006,-0.003607249,0.021800167,3.157834,1,Solve_Succeeded,0.018132209,0.000691961,3.469446951954e-18
8.730000,-0.085343942,0.001804426,0.071010933,-0.003609115,0.020938169,2.694988,1,Solve_Succeeded,0.017412384,0.000721831,2.168404344971e-19
8.740000,-0.084631770,0.001768404,0.071186227,-0.003603260,0.020938169,2.694988,1,Solve_Succeeded,0.017412384,0.000721831,2.168404344971e-19
8.750000,-0.083917852,0.001732353,0.071360955,-0.003604817,0.020077282,2.940857,1,Solve_Succeeded,0.016693499,0.000751410,0.000000000000e+00
8.760000,-0.083202265,0.001696377,0.071529059,-0.003598665,0.020077282,2.940857,1,Solve_Succeeded,0.016693499,0.000751410,0.000000000000e+00
8.770000,-0.082485004,0.001660376,0.071696597,-0.003599915,0.019217649,3.420882,1,Solve_Succeeded,0.015975674,0.000780695,0.000000000000e+00
8.780000,-0.081766144,0.001624452,0.071857521,-0.003593468,0.019217649,3.420882,1,Solve_Succeeded,0.015975674,0.000780695,0.000000000000e+00
8.790000,-0.081045683,0.001588506,0.072017881,-0.003594412,0.018359414,2.881726,1,Solve_Succeeded,0.015259029,0.000809682,1.084202172486e-19
8.800000,-0.080323695,0.001552642,0.072171636,-0.003587673,0.018359414,2.881726,1,Solve_Succeeded,0.015259029,0.000809682,1.084202172486e-19
8.810000,-0.079600176,0.001516757,0.072324828,-0.003588313,0.017502719,2.599660,1,Solve_Succeeded,0.014543682,0.000838367,1.084202172486e-19
8.820000,-0.078875203,0.001480957,0.072471428,-0.003581284,0.017502719,2.599660,1,Solve_Succeeded,0.014543682,0.000838367,1.084202172486e-19
8.830000,-0.078148771,0.001445140,0.072617465,-0.003581622,0.016647704,2.660494,1,Solve_Succeeded,0.013829750,0.000866747,3.469446951954e-18
8.840000,-0.077420956,0.001409410,0.072756924,-0.003574307,0.016647704,2.660494,1,Solve_Succeeded,0.013829750,0.000866747,3.469446951954e-18
8.850000,-0.076691752,0.001373666,0.072895821,-0.003574344,0.015794509,2.507624,1,Solve_Succeeded,0.013117351,0.000894820,1.084202172486e-19
8.860000,-0.075961237,0.001338012,0.073028153,-0.003566744,0.015794509,2.507624,1,Solve_Succeeded,0.013117351,0.000894820,1.084202172486e-19
8.870000,-0.075229405,0.001302348,0.073159924,-0.003566482,0.014943273,2.568500,1,Solve_Succeeded,0.012406599,0.000922582,0.000000000000e+00
8.880000,-0.074496333,0.001266776,0.073285146,-0.003558601,0.014943273,2.568500,1,Solve_Succeeded,0.012406599,0.000922582,0.000000000000e+00
8.890000,-0.073762015,0.001231197,0.073409808,-0.003558042,0.014094133,2.384715,1,Solve_Succeeded,0.011697610,0.000950029,0.000000000000e+00
8.900000,-0.073026527,0.001195712,0.073527938,-0.003549883,0.014094133,2.384715,1,Solve_Succeeded,0.011697610,0.000950029,0.000000000000e+00
8.910000,-0.072289865,0.001160223,0.073645509,-0.003549028,0.013247226,2.668721,1,Solve_Succeeded,0.010990498,0.000977159,0.000000000000e+00
8.920000,-0.071552103,0.001124832,0.073756564,-0.003540594,0.013247226,2.668721,1,Solve_Succeeded,0.010990498,0.000977159,0.000000000000e+00
8.930000,-0.070813237,0.001089440,0.073867062,-0.003539444,0.012402688,3.780983,1,Solve_Succeeded,0.010285375,0.001003969,0.000000000000e+00
8.940000,-0.070073343,0.001054148,0.073971063,-0.003530739,0.012402688,3.780983,1,Solve_Succeeded,0.010285375,0.001003969,0.000000000000e+00
8.950000,-0.069332415,0.001018857,0.074074508,-0.003529297,0.011560652,2.600159,1,Solve_Succeeded,0.009582354,0.001030456,1.734723475977e-18
8.960000,-0.068590530,0.000983670,0.074171475,-0.003520323,0.011560652,2.600159,1,Solve_Succeeded,0.009582354,0.001030456,1.734723475977e-18
8.970000,-0.067847681,0.000948487,0.074267889,-0.003518591,0.010721251,2.679993,1,Solve_Succeeded,0.008881546,0.001056616,1.734723475977e-18
8.980000,-0.067103943,0.000913410,0.074357844,-0.003509350,0.010721251,2.679993,1,Solve_Succeeded,0.008881546,0.001056616,1.734723475977e-18
8.990000,-0.066359313,0.000878340,0.074447248,-0.003507329,0.009884618,2.498872,1,Solve_Succeeded,0.008183060,0.001082448,1.734723475977e-18
9.000000,-0.065613865,0.000843379,0.074530214,-0.003497826,0.009884618,2.498872,1,Solve_Succeeded,0.008183060,0.001082448,1.734723475977e-18
9.010000,-0.064867593,0.000808428,0.074612631,-0.003495519,0.009050882,2.770786,1,Solve_Succeeded,0.007487005,0.001107949,1.734723475977e-18
9.020000,-0.064120572,0.000773587,0.074688634,-0.003485756,0.009050882,2.770786,1,Solve_Succeeded,0.007487005,0.001107949,1.734723475977e-18
9.030000,-0.063372798,0.000738760,0.074764088,-0.003483164,0.008220174,2.475977,1,Solve_Succeeded,0.006793489,0.001133116,5.421010862428e-20
9.040000,-0.062624345,0.000704046,0.074833151,-0.003473145,0.008220174,2.475977,1,Solve_Succeeded,0.006793489,0.001133116,5.421010862428e-20
9.050000,-0.061875207,0.000669349,0.074901668,-0.003470270,0.007392620,2.470833,1,Solve_Succeeded,0.006102620,0.001157946,0.000000000000e+00
9.060000,-0.061125460,0.000634767,0.074963818,-0.003459998,0.007392620,2.470833,1,Solve_Succeeded,0.006102620,0.001157946,0.000000000000e+00
9.070000,-0.060375097,0.000600204,0.075025424,-0.003456843,0.006568349,2.448115,1,Solve_Succeeded,0.005414503,0.001182437,0.000000000000e+00
9.080000,-0.059624192,0.000565760,0.075080688,-0.003446320,0.006568349,2.448115,1,Solve_Succeeded,0.005414503,0.001182437,0.000000000000e+00
9.090000,-0.058872741,0.000531337,0.075135411,-0.003442886,0.005747486,2.417774,1,Solve_Succeeded,0.004729243,0.001206587,1.734723475977e-18
9.100000,-0.058120818,0.000497035,0.075183818,-0.003432116,0.005747486,2.417774,1,Solve_Succeeded,0.004729243,0.001206587,1.734723475977e-18
9.110000,-0.057368417,0.000462757,0.075231686,-0.003428407,0.004930155,2.865447,1,Solve_Succeeded,0.004046943,0.001230393,5.421010862428e-20
9.120000,-0.056615611,0.000428603,0.075273265,-0.003417393,0.004930155,2.865447,1,Solve_Succeeded,0.004046943,0.001230393,5.421010862428e-20
9.130000,-0.055862395,0.000394475,0.075314307,-0.003413409,0.004116478,2.763066,1,Solve_Succeeded,0.003367706,0.001253853,8.673617379884e-19
9.140000,-0.055108843,0.000360474,0.075349089,-0.003402155,0.004116478,2.763066,1,Solve_Succeeded,0.003367706,0.001253853,8.673617379884e-19
9.150000,-0.054354949,0.000326502,0.075383336,-0.003397899,0.003306579,2.535295,1,Solve_Succeeded,0.002691634,0.001276965,0.000000000000e+00
9.160000,-0.053600786,0.000292658,0.075411352,-0.003386408,0.003306579,2.535295,1,Solve_Succeeded,0.002691634,0.001276965,0.000000000000e+00
9.170000,-0.052846349,0.000258848,0.075438836,-0.003381883,0.002500576,2.412449,1,Solve_Succeeded,0.002018827,0.001299727,0.000000000000e+00
9.180000,-0.052091710,0.000225167,0.075460119,-0.003370157,0.002500576,2.412449,1,Solve_Succeeded,0.002018827,0.001299727,0.000000000000e+00
9.190000,-0.051336865,0.000191522,0.075480872,-0.003365365,0.001698590,2.567927,1,Solve_Succeeded,0.001349385,0.001322136,2.168404344971e-19
9.200000,-0.050581885,0.000158009,0.075495455,-0.003353409,0.001698590,2.567927,1,Solve_Succeeded,0.001349385,0.001322136,2.168404344971e-19
9.210000,-0.049826765,0.000124534,0.075509511,-0.003348351,0.000900737,2.465777,1,Solve_Succeeded,0.000683404,0.001344192,1.355252715607e-20
9.220000,-0.049071577,0.000091194,0.075517428,-0.003336168,0.000900737,2.465777,1,Solve_Succeeded,0.000683404,0.001344192,1.355252715607e-20
9.230000,-0.048316315,0.000057895,0.075524821,-0.003330848,0.000107134,2.568228,1,Solve_Succeeded,0.000020984,0.001365891,0.000000000000e+00
9.240000,-0.047561052,0.000024732,0.075526109,-0.003318441,0.000107134,2.568228,1,Solve_Succeeded,0.000020984,0.001365891,0.000000000000e+00
9.250000,-0.046805782,-0.000008387,0.075526875,-0.003312861,-0.000682104,3.040925,1,Solve_Succeeded,-0.000637781,0.001387232,1.084202172486e-19
9.260000,-0.046050576,-0.000041367,0.075521568,-0.003300233,-0.000682104,3.040925,1,Solve_Succeeded,-0.000637781,0.001387232,1.084202172486e-19
9.270000,-0.045295428,-0.000074300,0.075515744,-0.003294394,-0.001466858,3.097098,1,Solve_Succeeded,-0.001292791,0.001408201,0.000000000000e+00
9.280000,-0.044540430,-0.000107044,0.075502203,-0.003277360,-0.001466858,3.097098,1,Solve_Succeeded,-0.001292791,0.001408201,0.000000000000e+00
9.290000,-0.043785579,-0.000139683,0.075487712,-0.003265980,-0.002036815,2.721455,1,Solve_Succeeded,-0.001744009,0.000933247,0.000000000000e+00
9.300000,-0.043030997,-0.000171991,0.075462599,-0.003236074,-0.002036815,2.721455,1,Solve_Succeeded,-0.001744009,0.000933247,0.000000000000e+00
9.310000,-0.042277153,-0.000202880,0.075396162,-0.003110906,0.000177035,2.936205,1,Solve_Succeeded,0.000452539,-0.006100193,5.421010862428e-20
9.320000,-0.041524331,-0.000231711,0.075299281,-0.002917331,0.000177035,2.936205,1,Solve_Succeeded,0.000452539,-0.006100193,5.421010862428e-20
9.330000,-0.040772560,-0.000258487,0.075195444,-0.002713528,0.008035495,2.501017,1,Solve_Succeeded,0.008013431,-0.026343699,5.421010862428e-20
9.340000,-0.040021836,-0.000283280,0.075090817,-0.002514397,0.008035495,2.501017,1,Solve_Succeeded,0.008013431,-0.026343699,5.421010862428e-20
9.350000,-0.039272203,-0.000306043,0.074982442,-0.002312070,0.016618193,2.646375,1,Solve_Succeeded,0.016252695,-0.048084017,2.439454888092e-19
9.360000,-0.038522887,-0.000328765,0.074939257,-0.002278194,0.016618193,2.646375,1,Solve_Succeeded,0.016252695,-0.048084017,2.439454888092e-19
9.370000,-0.037773932,-0.000351391,0.074902069,-0.002264882,0.017976162,2.444754,1,Solve_Succeeded,0.017609264,-0.052582588,8.131516293641e-20
9.380000,-0.037026285,-0.000371608,0.074785230,-0.002058220,0.017976162,2.444754,1,Solve_Succeeded,0.017609264,-0.052582588,8.131516293641e-20
9.390000,-0.036280010,-0.000389313,0.074651206,-0.001813680,0.028341502,2.583124,1,Solve_Succeeded,0.027532530,-0.078292240,3.469446951954e-18
9.400000,-0.035534181,-0.000406858,0.074593164,-0.001763315,0.028341502,2.583124,1,Solve_Succeeded,0.027532530,-0.078292240,3.469446951954e-18
9.410000,-0.034788861,-0.000424125,0.074541103,-0.001732218,0.031239591,2.508211,1,Solve_Succeeded,0.030340901,-0.086158179,3.469446951954e-18
9.420000,-0.034045246,-0.000438178,0.074388515,-0.001454333,0.031239591,2.508211,1,Solve_Succeeded,0.030340901,-0.086158179,3.469446951954e-18
9.430000,-0.033303417,-0.000448842,0.074213743,-0.001124603,0.045917176,2.708990,1,Solve_Succeeded,0.044351932,-0.121752391,6.938893903907e-18
9.440000,-0.032562062,-0.000459422,0.074147222,-0.001067942,0.045917176,2.708990,1,Solve_Succeeded,0.044351932,-0.121752391,6.938893903907e-18
9.450000,-0.031821267,-0.000469728,0.074089632,-0.001036215,0.050080275,2.604747,1,Solve_Succeeded,0.048345392,-0.132236609,6.938893903907e-18
9.460000,-0.031082558,-0.000475977,0.073903731,-0.000686613,0.050080275,2.604747,1,Solve_Succeeded,0.048345392,-0.132236609,6.938893903907e-18
9.470000,-0.030346043,-0.000477913,0.073689359,-0.000267589,0.069457226,2.573737,1,Solve_Succeeded,0.066808162,-0.178542829,2.168404344971e-19
9.480000,-0.029609986,-0.000479875,0.073618205,-0.000206844,0.069457226,2.573737,1,Solve_Succeeded,0.066808162,-0.178542829,2.168404344971e-19
9.490000,-0.028874499,-0.000481588,0.073559088,-0.000176687,0.075083483,2.647402,1,Solve_Succeeded,0.072170796,-0.192024559,2.168404344971e-19
9.500000,-0.028141481,-0.000478318,0.073340414,0.000251476,0.075083483,2.647402,1,Solve_Succeeded,0.072170796,-0.192024559,2.168404344971e-19
9.510000,-0.027411068,-0.000469715,0.073086228,0.000768946,0.099805539,2.478238,1,Solve_Succeeded,0.095695260,-0.250479579,7.589415207399e-19
9.520000,-0.026681042,-0.000461294,0.073015102,0.000831186,0.099805539,2.478238,1,Solve_Succeeded,0.095695260,-0.250479579,7.589415207399e-19
9.530000,-0.025951544,-0.000452685,0.072959617,0.000856375,0.107082319,2.570692,1,Solve_Succeeded,0.102600592,-0.267306554,1.387778780781e-17
9.540000,-0.025224459,-0.000439159,0.072746132,0.001278204,0.107082319,2.570692,1,Solve_Succeeded,0.102600592,-0.267306554,1.387778780781e-17
9.550000,-0.024499952,-0.000420273,0.072495070,0.001797021,0.133421145,2.478998,1,Solve_Succeeded,0.127635846,-0.329031195,5.421010862428e-20
9.560000,-0.023775678,-0.000401833,0.072437545,0.001836967,0.133421145,2.478998,1,Solve_Succeeded,0.127635846,-0.329031195,5.421010862428e-20
9.570000,-0.023051804,-0.000383379,0.072394925,0.001844162,0.141534732,2.840787,1,Solve_Succeeded,0.135310207,-0.347291974,2.775557561563e-17
9.580000,-0.022331110,-0.000357923,0.072118234,0.002440385,0.141534732,2.840787,1,Solve_Succeeded,0.135310207,-0.347291974,2.775557561563e-17
9.590000,-0.021613791,-0.000324913,0.071789787,0.003171846,0.178140453,3.385736,1,Solve_Succeeded,0.170085441,-0.432701301,2.141299290659e-18
9.600000,-0.020896561,-0.000292481,0.071733076,0.003232536,0.178140453,3.385736,1,Solve_Succeeded,0.170085441,-0.432701301,2.141299290659e-18
9.610000,-0.020179616,-0.000260050,0.071700216,0.003241544,0.189103833,2.722886,1,Solve_Succeeded,0.180434315,-0.456955759,2.775557561563e-17
9.620000,-0.019466149,-0.000219574,0.071399778,0.003926672,0.189103833,2.722886,1,Solve_Succeeded,0.180434315,-0.456955759,2.775557561563e-17
9.630000,-0.018756389,-0.000170378,0.071039581,0.004770669,0.232572664,4.107369,1,Solve_Succeeded,0.221701130,-0.557811538,1.016439536705e-18
9.640000,-0.018050428,-0.000112111,0.070662603,0.005668272,0.232572664,4.107369,1,Solve_Succeeded,0.221701130,-0.557811538,1.016439536705e-18
9.650000,-0.017348527,-0.000043980,0.070260933,0.006641414,0.286272260,2.796908,1,Solve_Succeeded,0.272658582,-0.681967310,5.551115123126e-17
9.660000,-0.016651101,0.000035218,0.069820345,0.007728034,0.286272260,2.796908,1,Solve_Succeeded,0.272658582,-0.681967310,5.551115123126e-17
9.670000,-0.015958446,0.000126416,0.069348738,0.008911025,0.352023815,2.551218,1,Solve_Succeeded,0.335030689,-0.833550189,5.551115123126e-17
9.680000,-0.015264599,0.000214947,0.069379363,0.008861729,0.352023815,2.551218,1,Solve_Succeeded,0.335030689,-0.833550189,5.551115123126e-17
9.690000,-0.014569858,0.000301773,0.069459853,0.008709543,0.366808905,2.435531,1,Solve_Succeeded,0.348864053,-0.863799323,5.551115123126e-17
9.700000,-0.013876484,0.000392753,0.069355751,0.009039657,0.366808905,2.435531,1,Solve_Succeeded,0.348864053,-0.863799323,5.551115123126e-17
9.710000,-0.013184800,0.000488912,0.069196555,0.009529496,0.403954201,2.662088,1,Solve_Succeeded,0.383972981,-0.946889673,2.439454888092e-18
9.720000,-0.012491591,0.000582464,0.069302193,0.009381376,0.403954201,2.662088,1,Solve_Succeeded,0.383972981,-0.946889673,2.439454888092e-18
9.730000,-0.011797186,0.000674453,0.069419813,0.009226274,0.417676958,2.663139,1,Solve_Succeeded,0.396780497,-0.974327463,5.551115123126e-17
9.740000,-0.011106257,0.000776776,0.069141934,0.010081381,0.417676958,2.663139,1,Solve_Succeeded,0.396780497,-0.974327463,5.551115123126e-17
9.750000,-0.010419166,0.000890586,0.068774025,0.011186057,0.481204074,2.516630,1,Solve_Succeeded,0.456970388,-1.119340182,5.746271514173e-18
9.760000,-0.009730226,0.001001963,0.068875954,0.011144918,0.481204074,2.516630,1,Solve_Succeeded,0.456970388,-1.119340182,5.746271514173e-18
9.770000,-0.009039804,0.001112090,0.069017300,0.011032579,0.501286793,2.959212,1,Solve_Succeeded,0.475783695,-1.160894611,2.818925648462e-18
9.780000,-0.008353733,0.001235808,0.068668632,0.012170903,0.501286793,2.959212,1,Solve_Succeeded,0.475783695,-1.160894611,2.818925648462e-18
9.790000,-0.007672420,0.001374436,0.068211873,0.013609005,0.581780638,3.640320,1,Solve_Succeeded,0.552065098,-1.344959010,1.110223024625e-16
9.800000,-0.006988609,0.001510193,0.068355707,0.013580724,0.581780638,3.640320,1,Solve_Succeeded,0.552065098,-1.344959010,1.110223024625e-16
9.810000,-0.006302711,0.001644439,0.068554659,0.013447979,0.606049192,2.758498,1,Solve_Succeeded,0.574796364,-1.395109000,9.757819552370e-19
9.820000,-0.005621146,0.001793530,0.068216306,0.014689908,0.606049192,2.758498,1,Solve_Succeeded,0.574796364,-1.395109000,9.757819552370e-19
9.830000,-0.004944367,0.001958969,0.067758642,0.016265806,0.696255310,2.547335,1,Solve_Succeeded,0.660252977,-1.600806927,6.288372600416e-18
9.840000,-0.004272151,0.002140601,0.067302164,0.017878613,0.696255310,2.547335,1,Solve_Succeeded,0.660252977,-1.600806927,6.288372600416e-18
9.850000,-0.003604991,0.002340105,0.066803879,0.019639602,0.803800698,2.539872,1,Solve_Succeeded,0.762127254,-1.845870939,5.637851296925e-18
9.860000,-0.002933143,0.002533632,0.067127714,0.019395804,0.803800698,2.539872,1,Solve_Succeeded,0.762127254,-1.845870939,5.637851296925e-18
9.870000,-0.002257105,0.002722905,0.067532394,0.018997514,0.828064465,3.215945,1,Solve_Succeeded,0.784695931,-1.892850234,1.110223024625e-16
9.880000,-0.001580715,0.002917970,0.067622939,0.019430213,0.828064465,3.215945,1,Solve_Succeeded,0.784695931,-1.892850234,1.110223024625e-16
9.890000,-0.000904507,0.003120635,0.067621182,0.020141014,0.891010848,2.560967,1,Solve_Succeeded,0.844078363,-2.031395082,3.903127820948e-18
9.900000,-0.000223019,0.003317763,0.068069613,0.019777012,0.891010848,2.560967,1,Solve_Succeeded,0.844078363,-2.031395082,3.903127820948e-18
9.910000,0.000463207,0.003511185,0.068539652,0.019407432,0.914508422,2.543449,1,Solve_Succeeded,0.865906488,-2.076334210,1.110223024625e-16
9.920000,0.001146572,0.003720353,0.068366942,0.020690403,0.914508422,2.543449,1,Solve_Succeeded,0.865906488,-2.076334210,1.110223024625e-16
9.930000,0.001826488,0.003947247,0.068047901,0.022389553,1.019463886,2.483170,1,Solve_Succeeded,0.965237324,-2.313697757,2.220446049250e-16
9.940000,0.002512360,0.004168938,0.068506320,0.022202197,1.019463886,2.483170,1,Solve_Succeeded,0.965237324,-2.313697757,2.220446049250e-16
9.950000,0.003203592,0.004387457,0.069030700,0.021904397,1.052821366,3.121351,1,Solve_Succeeded,0.996384614,-2.380690320,2.220446049250e-16
9.960000,0.003902759,0.004596910,0.069783766,0.021089209,1.052821366,3.121351,1,Solve_Succeeded,0.996384614,-2.380690320,2.220446049250e-16
9.970000,0.004609249,0.004799335,0.070519266,0.020369516,1.062234898,2.408774,1,Solve_Succeeded,1.004771427,-2.391539127,2.168404344971e-18
9.980000,0.005323342,0.004994533,0.071275802,0.019647202,1.062234898,2.408774,1,Solve_Succeeded,1.004771427,-2.391539127,2.168404344971e-18
9.990000,0.006044412,0.005184543,0.071982292,0.019097987,1.075186109,2.453861,1,Solve_Succeeded,1.016564226,-2.411546558,1.431146867681e-17
10.000000,0.006773058,0.005368336,0.072732235,0.018487064,1.075186109,2.453861,1,Solve_Succeeded,1.016564226,-2.411546558,1.431146867681e-17
10.010000,0.007508638,0.005547964,0.073434126,0.018041418,1.091064756,2.502341,1,Solve_Succeeded,1.031175082,-2.439124784,0.000000000000e+00
10.020000,0.008252014,0.005721715,0.074202068,0.017475042,1.091064756,2.502341,1,Solve_Succeeded,1.031175082,-2.439124784,0.000000000000e+00
10.030000,0.008984809,0.005935900,0.073417964,0.020827062,1.189290330,3.342962,1,Solve_Succeeded,1.124164399,-2.661826796,1.951563910474e-17
10.040000,0.009680650,0.006256911,0.070159116,0.030409967,1.189290330,3.342962,1,Solve_Succeeded,1.124164399,-2.661826796,1.951563910474e-17
10.050000,0.010338690,0.006687643,0.066457301,0.041173724,1.684024918,2.447618,1,Solve_Succeeded,1.594209388,-3.817179805,1.040834085586e-17
10.060000,0.011005222,0.007113561,0.066623781,0.042379076,1.684024918,2.447618,1,Solve_Succeeded,1.594209388,-3.817179805,1.040834085586e-17
10.070000,0.011679414,0.007537776,0.067299879,0.042415091,1.789470137,2.895561,1,Solve_Succeeded,1.693424289,-4.044084829,8.673617379884e-18
10.080000,0.012353998,0.007979474,0.067434685,0.043906622,1.789470137,2.895561,1,Solve_Succeeded,1.693424289,-4.044084829,8.673617379884e-18
10.090000,0.013028073,0.008441993,0.067411557,0.045900111,1.946726496,2.852290,1,Solve_Succeeded,1.841898321,-4.392663565,1.387778780781e-17
10.100000,0.013715704,0.008891342,0.068560374,0.045079710,1.946726496,2.852290,1,Solve_Succeeded,1.841898321,-4.392663565,1.387778780781e-17
10.110000,0.014415965,0.009330933,0.069806256,0.044127201,1.993763459,2.702162,1,Solve_Succeeded,1.885439647,-4.479578790,1.301042606983e-17
10.120000,0.015132392,0.009753016,0.071367190,0.042496117,1.993763459,2.702162,1,Solve_Succeeded,1.885439647,-4.479578790,1.301042606983e-17
10.130000,0.015864019,0.010161034,0.072893360,0.041055911,2.009427547,2.535304,1,Solve_Succeeded,1.899189216,-4.493540050,8.673617379884e-19
10.140000,0.016603729,0.010573757,0.073809354,0.041239904,2.009427547,2.535304,1,Solve_Succeeded,1.899189216,-4.493540050,8.673617379884e-19
10.150000,0.017331953,0.011041063,0.072970458,0.045906972,2.194882272,3.293274,1,Solve_Succeeded,2.074545552,-4.909815836,1.214306433184e-17
10.160000,0.018065264,0.011522716,0.073277036,0.047826516,2.194882272,3.293274,1,Solve_Succeeded,2.074545552,-4.909815836,1.214306433184e-17
10.170000,0.018802564,0.012022637,0.073662006,0.049667286,2.366717068,2.542922,1,Solve_Succeeded,2.236788618,-5.290840626,8.673617379884e-19
10.180000,0.019559102,0.012503971,0.075355102,0.048363437,2.366717068,2.542922,1,Solve_Succeeded,2.236788618,-5.290840626,8.673617379884e-19
10.190000,0.020333741,0.012970738,0.077147563,0.046929773,2.401055605,2.452504,1,Solve_Succeeded,2.268151830,-5.345864304,2.515349040166e-17
10.200000,0.021128583,0.013418834,0.079133659,0.045127603,2.401055605,2.452504,1,Solve_Succeeded,2.268151830,-5.345864304,2.515349040166e-17
10.210000,0.021942429,0.013852345,0.081047019,0.043617597,2.418531066,2.905680,1,Solve_Succeeded,2.283550790,-5.362652846,8.673617379884e-18
10.220000,0.022767119,0.014292714,0.082255698,0.043973969,2.418531066,2.905680,1,Solve_Succeeded,2.283550790,-5.362652846,8.673617379884e-18
10.230000,0.023601372,0.014744217,0.083249844,0.044973844,2.534774980,2.559120,1,Solve_Succeeded,2.392982426,-5.613979239,3.469446951954e-18
10.240000,0.024454956,0.015183572,0.085042079,0.044091244,2.534774980,2.559120,1,Solve_Succeeded,2.392982426,-5.613979239,3.469446951954e-18
10.250000,0.025326537,0.015615182,0.086840726,0.043300540,2.586809559,2.428668,1,Solve_Succeeded,2.441302088,-5.713216358,4.440892098501e-16
10.260000,0.026219707,0.016031139,0.088945555,0.041851460,2.586809559,2.428668,1,Solve_Succeeded,2.441302088,-5.713216358,4.440892098501e-16
10.270000,0.027133066,0.016435957,0.090977350,0.040687233,2.615718950,2.954413,1,Solve_Succeeded,2.467671971,-5.758874230,6.938893903907e-18
10.280000,0.028067933,0.016827335,0.093110277,0.039370213,2.615718950,2.954413,1,Solve_Succeeded,2.467671971,-5.758874230,6.938893903907e-18
10.290000,0.029022837,0.017209904,0.095133364,0.038423894,2.648643873,2.651757,1,Solve_Succeeded,2.497930880,-5.815388824,4.440892098501e-16
10.300000,0.029999406,0.017580535,0.097278432,0.037267189,2.648643873,2.651757,1,Solve_Succeeded,2.497930880,-5.815388824,4.440892098501e-16
10.310000,0.030996098,0.017943990,0.099310546,0.036483796,2.685593367,3.395808,1,Solve_Succeeded,2.532077615,-5.882586000,5.204170427930e-18
10.320000,0.032014849,0.018296324,0.101490402,0.035420955,2.685593367,3.395808,1,Solve_Succeeded,2.532077615,-5.882586000,5.204170427930e-18
10.330000,0.033051166,0.018649617,0.103310547,0.035343016,2.737427487,2.906856,1,Solve_Succeeded,2.580436889,-5.985963979,4.440892098501e-16
10.340000,0.034108319,0.018996574,0.105354540,0.034792808,2.737427487,2.906856,1,Solve_Succeeded,2.580436889,-5.985963979,4.440892098501e-16
10.350000,0.035184599,0.019342306,0.107287027,0.034606203,2.797200177,2.750287,1,Solve_Succeeded,2.636372731,-6.108571163,4.440892098501e-16
10.360000,0.036274532,0.019701334,0.108737308,0.035708306,2.797200177,2.750287,1,Solve_Succeeded,2.636372731,-6.108571163,4.440892098501e-16
10.370000,0.037376294,0.020079086,0.109960429,0.037465095,2.936194665,3.465180,1,Solve_Succeeded,2.767678828,-6.418264424,4.440892098501e-16
10.380000,0.038501270,0.020448068,0.112116996,0.036983273,2.936194665,3.465180,1,Solve_Succeeded,2.767678828,-6.418264424,4.440892098501e-16
10.390000,0.039647561,0.020813923,0.114252240,0.036645155,2.999000220,2.807754,1,Solve_Succeeded,2.826440997,-6.546873056,4.440892098501e-16
10.400000,0.040819204,0.021167466,0.116727518,0.035547927,2.999000220,2.807754,1,Solve_Succeeded,2.826440997,-6.546873056,4.440892098501e-16
10.410000,0.042014208,0.021514537,0.119084455,0.034833199,3.038912059,3.052422,1,Solve_Succeeded,2.863452005,-6.622012204,2.081668171172e-17
10.420000,0.043224370,0.021876463,0.120726458,0.035988699,3.038912059,3.052422,1,Solve_Succeeded,2.863452005,-6.622012204,2.081668171172e-17
10.430000,0.044447561,0.022259449,0.122080193,0.037952147,3.185927054,3.642981,1,Solve_Succeeded,3.002379674,-6.950499042,4.440892098501e-16
10.440000,0.045695612,0.022634896,0.124396409,0.037605810,3.185927054,3.642981,1,Solve_Succeeded,3.002379674,-6.950499042,4.440892098501e-16
10.450000,0.046966305,0.023009263,0.126668310,0.037462099,3.258804486,2.948845,1,Solve_Succeeded,3.070707663,-7.102592944,4.440892098501e-16
10.460000,0.048264306,0.023371815,0.129330346,0.036436247,3.258804486,2.948845,1,Solve_Succeeded,3.070707663,-7.102592944,4.440892098501e-16
10.470000,0.049587286,0.023729256,0.131852873,0.035847902,3.306433995,2.580528,1,Solve_Succeeded,3.115036870,-7.195499373,8.881784197001e-16
10.480000,0.050923506,0.024111769,0.133356599,0.037890811,3.306433995,2.580528,1,Solve_Succeeded,3.115036870,-7.195499373,8.881784197001e-16
10.490000,0.052270463,0.024526538,0.134494890,0.040938919,3.500959156,2.829289,1,Solve_Succeeded,3.299122659,-7.635389236,6.938893903907e-18
10.500000,0.053644141,0.024934680,0.136936852,0.040832956,3.500959156,2.829289,1,Solve_Succeeded,3.299122659,-7.635389236,6.938893903907e-18
10.510000,0.055041937,0.025343692,0.139353147,0.040890914,3.590758013,2.785920,1,Solve_Succeeded,3.383462685,-7.825757559,1.387778780781e-17
10.520000,0.056458628,0.025767610,0.141321726,0.042166718,3.590758013,2.785920,1,Solve_Succeeded,3.383462685,-7.825757559,1.387778780781e-17
10.530000,0.057891436,0.026214412,0.142986971,0.044303116,3.757912784,2.746375,1,Solve_Succeeded,3.541378760,-8.198460837,1.040834085586e-17
10.540000,0.059353448,0.026652523,0.145719073,0.043884977,3.757912784,2.746375,1,Solve_Succeeded,3.541378760,-8.198460837,1.040834085586e-17
10.550000,0.060841763,0.027090259,0.148364612,0.043790296,3.844464368,2.602695,1,Solve_Succeeded,3.622539587,-8.379408222,1.387778780781e-17
10.560000,0.062350004,0.027544609,0.150455161,0.045188304,3.844464368,2.602695,1,Solve_Succeeded,3.622539587,-8.379408222,1.387778780781e-17
10.570000,0.063875073,0.028024421,0.152199136,0.047562228,4.026020981,3.386395,1,Solve_Succeeded,3.794072562,-8.784487462,0.000000000000e+00
10.580000,0.065431102,0.028495594,0.155092370,0.047184054,4.026020981,3.386395,1,Solve_Succeeded,3.794072562,-8.784487462,0.000000000000e+00
10.590000,0.067014857,0.028967357,0.157882985,0.047177479,4.122500206,2.930361,1,Solve_Succeeded,3.884585486,-8.987078785,3.469446951954e-18
10.600000,0.068616152,0.029466287,0.159792576,0.049485679,4.122500206,2.930361,1,Solve_Succeeded,3.884585486,-8.987078785,3.469446951954e-18
10.610000,0.070231520,0.030002268,0.161275104,0.052981167,4.356568385,2.558674,1,Solve_Succeeded,4.105965126,-9.514026882,3.469446951954e-18
10.620000,0.071879718,0.030529788,0.164288139,0.052786406,4.356568385,2.558674,1,Solve_Succeeded,4.105965126,-9.514026882,3.469446951954e-18
10.630000,0.073557130,0.031059169,0.167223216,0.052915346,4.471027626,2.494176,1,Solve_Succeeded,4.213427698,-9.756045228,8.881784197001e-16
10.640000,0.075240743,0.031649143,0.168190637,0.058085106,4.471027626,2.494176,1,Solve_Succeeded,4.213427698,-9.756045228,8.881784197001e-16
10.650000,0.076926622,0.032310983,0.168528295,0.064969190,4.855499029,2.605632,1,Solve_Succeeded,4.577685234,-10.634135027,3.469446951954e-18
10.660000,0.078647395,0.032964877,0.171544928,0.065326295,4.855499029,2.605632,1,Solve_Succeeded,4.577685234,-10.634135027,3.469446951954e-18
10.670000,0.080398980,0.033622607,0.174616456,0.065706065,5.010082061,2.621430,1,Solve_Succeeded,4.722972638,-10.964136728,8.881784197001e-16
10.680000,0.082159375,0.034340698,0.175826088,0.070893630,5.010082061,2.621430,1,Solve_Succeeded,4.722972638,-10.964136728,8.881784197001e-16
10.690000,0.083924143,0.035131987,0.176379162,0.077893619,5.421203375,3.051147,1,Solve_Succeeded,5.112212555,-11.897990223,8.881784197001e-16
10.700000,0.085727937,0.035911932,0.179779339,0.077979348,5.421203375,3.051147,1,Solve_Succeeded,5.112212555,-11.897990223,8.881784197001e-16
10.710000,0.087566144,0.036693949,0.183214526,0.078168381,5.589552023,2.983910,1,Solve_Succeeded,5.270227148,-12.253366743,1.776356839400e-15
10.720000,0.089415065,0.037539099,0.184640482,0.083562946,5.589552023,2.983910,1,Solve_Succeeded,5.270227148,-12.253366743,1.776356839400e-15
10.730000,0.091269685,0.038461969,0.185338714,0.090978392,6.038019162,3.009189,1,Solve_Succeeded,5.694619403,-13.268229869,8.881784197001e-16
10.740000,0.093167624,0.039370944,0.189125646,0.090909648,6.038019162,3.009189,1,Solve_Succeeded,5.694619403,-13.268229869,8.881784197001e-16
10.750000,0.095103662,0.040281276,0.192932062,0.091014645,6.225791607,2.726781,1,Solve_Succeeded,5.870727301,-13.662101436,8.881784197001e-16
10.760000,0.097090316,0.041163964,0.197805397,0.088680737,6.225791607,2.726781,1,Solve_Succeeded,5.870727301,-13.662101436,8.881784197001e-16
10.770000,0.099122057,0.042034967,0.202368845,0.087337330,6.332071319,2.743023,1,Solve_Succeeded,5.969337416,-13.864152553,8.881784197001e-16
10.780000,0.101203316,0.042885369,0.207262335,0.085384756,6.332071319,2.743023,1,Solve_Succeeded,5.969337416,-13.864152553,8.881784197001e-16
10.790000,0.103328231,0.043731879,0.211707092,0.084761063,6.458038525,2.522826,1,Solve_Succeeded,6.086764622,-14.114497602,3.469446951954e-17
10.800000,0.105502769,0.044561686,0.216591795,0.083247777,6.458038525,2.522826,1,Solve_Succeeded,6.086764622,-14.114497602,3.469446951954e-17
10.810000,0.107604713,0.045681711,0.211154035,0.107689259,7.139118385,3.569473,1,Solve_Succeeded,6.732260151,-15.675720371,8.881784197001e-16
10.820000,0.109488485,0.047457848,0.191793732,0.167125052,7.139118385,3.569473,1,Solve_Succeeded,6.732260151,-15.675720371,8.881784197001e-16
10.830000,0.111146675,0.049912901,0.169715208,0.233748253,10.167816031,3.420080,1,Solve_Succeeded,9.609097544,-22.743949431,1.776356839400e-15
10.840000,0.112767843,0.052582539,0.163256539,0.261981525,10.167816031,3.420080,1,Solve_Succeeded,9.609097544,-22.743949431,1.776356839400e-15
10.850000,0.114344968,0.055490759,0.158544104,0.286495875,11.784178021,3.056366,1,Solve_Succeeded,11.139110496,-26.415349536,8.326672684689e-17
10.860000,0.116024999,0.058278276,0.166584223,0.279913313,11.784178021,3.056366,1,Solve_Succeeded,11.139110496,-26.415349536,8.326672684689e-17
10.870000,0.117800583,0.060970256,0.175912292,0.270805284,11.967115569,3.577053,1,Solve_Succeeded,11.304587371,-26.684936313,3.552713678801e-15
10.880000,0.119598187,0.063756602,0.179183205,0.277460225,11.967115569,3.577053,1,Solve_Succeeded,11.304587371,-26.684936313,3.552713678801e-15
10.890000,0.121409512,0.066664833,0.180840051,0.288818647,12.877599421,3.094203,1,Solve_Succeeded,12.162022031,-28.671915065,7.632783294298e-17
10.900000,0.123312786,0.069507151,0.188904319,0.284919873,12.877599421,3.094203,1,Solve_Succeeded,12.162022031,-28.671915065,7.632783294298e-17
10.910000,0.125299147,0.072312617,0.197176318,0.281202590,13.253001624,5.418325,1,Solve_Succeeded,12.510054700,-29.388825762,0.000000000000e+00
10.920000,0.127314188,0.075223630,0.200854978,0.289616508,13.253001624,5.418325,1,Solve_Succeeded,12.510054700,-29.388825762,0.000000000000e+00
10.930000,0.129348033,0.078271922,0.203005081,0.302547283,14.266508241,3.646869,1,Solve_Succeeded,13.464553788,-31.605547297,1.776356839400e-15
10.940000,0.131430454,0.081390834,0.207456492,0.310489566,14.266508241,3.646869,1,Solve_Succeeded,13.464553788,-31.605547297,1.776356839400e-15
10.950000,0.133483297,0.084782514,0.205610155,0.334866287,15.563561875,3.522264,1,Solve_Succeeded,14.687507565,-34.471776305,3.552713678801e-15
10.960000,0.135619049,0.088175356,0.212380411,0.338621498,15.563561875,3.522264,1,Solve_Succeeded,14.687507565,-34.471776305,3.552713678801e-15
10.970000,0.137826313,0.091606028,0.219474558,0.342400351,16.374832257,4.105544,1,Solve_Succeeded,15.447275246,-36.172577221,3.552713678801e-15
10.980000,0.140170426,0.094920493,0.232170795,0.333089600,16.374832257,4.105544,1,Solve_Succeeded,15.447275246,-36.172577221,3.552713678801e-15
10.990000,0.142638796,0.098158236,0.244637023,0.325171575,16.649488169,3.215213,1,Solve_Succeeded,15.696718303,-36.608756168,6.938893903907e-18
11.000000,0.145244242,0.101295392,0.258158503,0.315433956,16.649488169,3.215213,1,Solve_Succeeded,15.696718303,-36.608756168,6.938893903907e-18
11.010000,0.147972682,0.104374702,0.270641153,0.309056481,16.924463701,3.133314,1,Solve_Succeeded,15.946824030,-37.053784498,2.775557561563e-17
11.020000,0.150835448,0.107375626,0.283931273,0.301437027,16.924463701,3.133314,1,Solve_Succeeded,15.946824030,-37.053784498,2.775557561563e-17
11.030000,0.153816926,0.110344345,0.296015353,0.297556615,17.280982547,3.318165,1,Solve_Succeeded,16.274675722,-37.696650678,6.938893903907e-17
11.040000,0.156934658,0.113244650,0.309409498,0.291159490,17.280982547,3.318165,1,Solve_Succeeded,16.274675722,-37.696650678,6.938893903907e-17
11.050000,0.160171447,0.116126378,0.321538494,0.288620737,17.681070498,3.475001,1,Solve_Succeeded,16.644037603,-38.445526177,2.359223927328e-16
11.060000,0.163547352,0.118946889,0.335182712,0.283036563,17.681070498,3.475001,1,Solve_Succeeded,16.644037603,-38.445526177,2.359223927328e-16
11.070000,0.167043509,0.121759931,0.347450778,0.281564033,18.113744989,3.396079,1,Solve_Succeeded,17.044383858,-39.273059758,3.552713678801e-15
11.080000,0.170681357,0.124519312,0.361334653,0.276782023,18.113744989,3.396079,1,Solve_Succeeded,17.044383858,-39.273059758,3.552713678801e-15
11.090000,0.174440267,0.127282969,0.373707548,0.276428164,18.583271919,5.498396,1,Solve_Succeeded,17.479682524,-40.187853580,4.163336342344e-17
11.100000,0.178343363,0.130000451,0.387819315,0.272450221,18.583271919,5.498396,1,Solve_Succeeded,17.479682524,-40.187853580,4.163336342344e-17
11.110000,0.182368153,0.132734176,0.400280024,0.273234131,19.093612837,3.686079,1,Solve_Succeeded,17.953601965,-41.197663360,3.552713678801e-15
11.120000,0.186539716,0.135428818,0.414624862,0.270029705,19.093612837,3.686079,1,Solve_Succeeded,17.953601965,-41.197663360,3.552713678801e-15
11.130000,0.190833585,0.138151586,0.427172594,0.271939744,19.647407948,5.115017,1,Solve_Succeeded,18.468547071,-42.307049780,3.552713678801e-15
11.140000,0.195242374,0.140927472,0.438822942,0.276741216,19.647407948,5.115017,1,Solve_Succeeded,18.468547071,-42.307049780,3.552713678801e-15
11.150000,0.199739374,0.143829354,0.448068472,0.288171140,20.602519921,3.922137,1,Solve_Succeeded,19.363711580,-44.344885308,3.552713678801e-15
11.160000,0.206172746,0.142297060,0.614046887,-0.087019290,20.602519921,3.922137,1,Solve_Succeeded,19.363711580,-44.344885308,3.552713678801e-15
11.170000,0.214542760,0.136324780,0.803558242,-0.520696649,2.919516594,3.506410,1,Solve_Succeeded,2.586887623,-3.070786148,0.000000000000e+00
11.180000,0.223171548,0.130045048,0.853980653,-0.611881802,2.919516594,3.506410,1,Solve_Succeeded,2.586887623,-3.070786148,0.000000000000e+00
11.190000,0.232060035,0.123440043,0.883618493,-0.653207666,-0.852919462,3.675555,1,Solve_Succeeded,-0.978081590,5.440238263,1.110223024625e-16
11.200000,0.240850740,0.117379057,0.879752715,-0.613164968,-0.852919462,3.675555,1,Solve_Succeeded,-0.978081590,5.440238263,1.110223024625e-16
11.210000,0.249544396,0.111845726,0.870923680,-0.562307843,0.202939288,2.960917,1,Solve_Succeeded,0.039947428,2.635128574,0.000000000000e+00
11.220000,0.258242045,0.106575971,0.869938742,-0.532275334,0.202939288,2.960917,1,Solve_Succeeded,0.039947428,2.635128574,0.000000000000e+00
11.230000,0.266944377,0.101555210,0.870189054,-0.506606041,0.616912878,3.307409,1,Solve_Succeeded,0.447107292,1.372828021,6.938893903907e-18
11.240000,0.275691417,0.096671759,0.874026759,-0.491084261,0.616912878,3.307409,1,Solve_Succeeded,0.447107292,1.372828021,6.938893903907e-18
11.250000,0.284483825,0.091912005,0.878458674,-0.478241648,0.504040796,2.936647,1,Solve_Succeeded,0.352816593,1.371127594,0.000000000000e+00
11.260000,0.293311512,0.087289373,0.882122166,-0.464660048,0.504040796,2.936647,1,Solve_Succeeded,0.352816593,1.371127594,0.000000000000e+00
11.270000,0.302175105,0.082790980,0.885723727,-0.452062339,0.384540740,2.699715,1,Solve_Succeeded,0.251541630,1.399874493,5.551115123126e-17
11.280000,0.311063849,0.078432576,0.888401803,-0.438273726,0.384540740,2.699715,1,Solve_Succeeded,0.251541630,1.399874493,5.551115123126e-17
11.290000,0.319978337,0.074202016,0.890991799,-0.425338638,0.316685670,2.490412,1,Solve_Succeeded,0.198691911,1.321303914,0.000000000000e+00
11.300000,0.328912692,0.070103583,0.893068918,-0.412167616,0.316685670,2.490412,1,Solve_Succeeded,0.198691911,1.321303914,0.000000000000e+00
11.310000,0.337867473,0.066125851,0.895116740,-0.399932363,0.259921295,2.945457,1,Solve_Succeeded,0.155728110,1.230718007,0.000000000000e+00
11.320000,0.346837825,0.062271184,0.896747366,-0.387636544,0.259921295,2.945457,1,Solve_Succeeded,0.155728110,1.230718007,0.000000000000e+00
11.330000,0.355824275,0.058528830,0.898360385,-0.376245538,0.203226189,3.047239,1,Solve_Succeeded,0.112203403,1.153290552,2.775557561563e-17
11.340000,0.364821943,0.054901798,0.899555863,-0.364734627,0.203226189,3.047239,1,Solve_Succeeded,0.112203403,1.153290552,2.775557561563e-17
11.350000,0.373831329,0.051379964,0.900731161,-0.354066047,0.148666674,3.016279,1,Solve_Succeeded,0.070118788,1.083270000,2.775557561563e-17
11.360000,0.382847724,0.047966449,0.901503296,-0.343258723,0.148666674,3.016279,1,Solve_Succeeded,0.070118788,1.083270000,2.775557561563e-17
11.370000,0.391871601,0.044651722,0.902255015,-0.333240587,0.097344527,2.483400,1,Solve_Succeeded,0.030555096,1.017277709,1.387778780781e-17
11.380000,0.400898532,0.041438714,0.902627352,-0.323091758,0.097344527,2.483400,1,Solve_Succeeded,0.030555096,1.017277709,1.387778780781e-17
11.390000,0.409928961,0.038318452,0.902980575,-0.313686027,0.049035721,2.653472,1,Solve_Succeeded,-0.006669935,0.955131416,6.938893903907e-18
11.400000,0.418958722,0.035293695,0.902976753,-0.304157262,0.049035721,2.653472,1,Solve_Succeeded,-0.006669935,0.955131416,6.938893903907e-18
11.410000,0.427988234,0.032355992,0.902955022,-0.295328301,0.003439253,2.962735,1,Solve_Succeeded,-0.041813094,0.896873754,1.301042606983e-18
11.420000,0.437013563,0.029507969,0.902596264,-0.286381184,0.003439253,2.962735,1,Solve_Succeeded,-0.041813094,0.896873754,1.301042606983e-18
11.430000,0.446035106,0.026741668,0.902220572,-0.278092843,-0.039622576,2.708587,1,Solve_Succeeded,-0.075015175,0.842296233,6.938893903907e-18
11.440000,0.455049146,0.024059588,0.901526523,-0.269690663,-0.039622576,2.708587,1,Solve_Succeeded,-0.075015175,0.842296233,6.938893903907e-18
11.450000,0.464056057,0.021454235,0.900816426,-0.261908665,-0.080293370,2.752575,1,Solve_Succeeded,-0.106385925,0.791149288,1.387778780781e-17
11.460000,0.473052329,0.018927990,0.899805581,-0.254017118,-0.080293370,2.752575,1,Solve_Succeeded,-0.106385925,0.791149288,1.387778780781e-17
11.470000,0.482038314,0.016473790,0.898779524,-0.246709523,-0.118713920,3.127843,1,Solve_Succeeded,-0.136033791,0.743213967,2.775557561563e-17
11.480000,0.491010695,0.014093907,0.897469291,-0.239296522,-0.118713920,3.127843,1,Solve_Succeeded,-0.136033791,0.743213967,2.775557561563e-17
11.490000,0.499969803,0.011781684,0.896144630,-0.232433439,-0.155018857,2.675499,1,Solve_Succeeded,-0.164062710,0.698291536,2.775557561563e-17
11.500000,0.508912505,0.009539285,0.894551371,-0.225468896,-0.155018857,2.675499,1,Solve_Succeeded,-0.164062710,0.698291536,2.775557561563e-17
11.510000,0.517839114,0.007360439,0.892944416,-0.219022289,-0.189333931,2.672173,1,Solve_Succeeded,-0.190569473,0.656194796,8.673617379884e-19
11.520000,0.526746665,0.005247207,0.891083513,-0.212477986,-0.189333931,2.672173,1,Solve_Succeeded,-0.190569473,0.656194796,8.673617379884e-19
11.530000,0.535635454,0.003193680,0.889209600,-0.206421565,-0.221776506,2.500586,1,Solve_Succeeded,-0.215644155,0.616747222,6.505213034913e-19
11.540000,0.544502679,0.001201823,0.887095525,-0.200271045,-0.221776506,2.500586,1,Solve_Succeeded,-0.215644155,0.616747222,6.505213034913e-19
11.550000,0.553348617,-0.000733936,0.884969082,-0.194580163,-0.252456401,2.622607,1,Solve_Succeeded,-0.239370868,0.579783028,3.252606517457e-19
11.560000,0.562170618,-0.002611719,0.882615456,-0.188798626,-0.252456401,2.622607,1,Solve_Succeeded,-0.239370868,0.579783028,3.252606517457e-19
11.570000,0.570968944,-0.004436783,0.880250066,-0.183450180,-0.281476434,3.034579,1,Solve_Succeeded,-0.261828226,0.545146661,5.551115123126e-17
11.580000,0.579741088,-0.006207334,0.877669714,-0.178014380,-0.281476434,3.034579,1,Solve_Succeeded,-0.261828226,0.545146661,5.551115123126e-17
11.590000,0.588487296,-0.007928329,0.875078167,-0.172986716,-0.308932857,4.784642,1,Solve_Succeeded,-0.283089712,0.512692152,5.551115123126e-17
11.600000,0.597205196,-0.009598057,0.872283172,-0.167874864,-0.308932857,4.784642,1,Solve_Succeeded,-0.283089712,0.512692152,5.551115123126e-17
11.610000,0.605895020,-0.011221191,0.869477518,-0.163147684,-0.334915781,2.854666,1,Solve_Succeeded,-0.303224026,0.482282528,5.551115123126e-17
11.620000,0.614554521,-0.012796100,0.866479267,-0.158339357,-0.334915781,2.854666,1,Solve_Succeeded,-0.303224026,0.482282528,5.551115123126e-17
11.630000,0.623183921,-0.014327191,0.863470863,-0.153893640,-0.359509568,2.744700,1,Solve_Succeeded,-0.322295407,0.453789283,5.551115123126e-17
11.640000,0.631781091,-0.015812904,0.860280095,-0.149369701,-0.359509568,2.744700,1,Solve_Succeeded,-0.322295407,0.453789283,5.551115123126e-17
11.650000,0.640346240,-0.017257400,0.857079651,-0.145187621,-0.382793206,2.541241,1,Solve_Succeeded,-0.340363939,0.427091862,1.734723475977e-18
11.660000,0.648877352,-0.018659188,0.853706496,-0.140930134,-0.382793206,2.541241,1,Solve_Succeeded,-0.340363939,0.427091862,1.734723475977e-18
11.670000,0.657374624,-0.020022194,0.850324117,-0.136994986,-0.404840652,2.527975,1,Solve_Succeeded,-0.357485827,0.402077184,0.000000000000e+00
11.680000,0.665836148,-0.021344993,0.846778136,-0.132987144,-0.404840652,2.527975,1,Solve_Succeeded,-0.357485827,0.402077184,0.000000000000e+00
11.690000,0.674262109,-0.022631289,0.843223361,-0.129283276,-0.425721158,2.526954,1,Solve_Succeeded,-0.373713654,0.378639187,5.551115123126e-17
11.700000,0.682650698,-0.023879723,0.839513585,-0.125509333,-0.425721158,2.526954,1,Solve_Succeeded,-0.373713654,0.378639187,5.551115123126e-17
11.710000,0.691002091,-0.025093789,0.835795421,-0.122022078,-0.445499566,2.793949,1,Solve_Succeeded,-0.389096623,0.356678400,1.734723475977e-18
11.720000,0.699314574,-0.026272189,0.831930381,-0.118467280,-0.445499566,2.793949,1,Solve_Succeeded,-0.389096623,0.356678400,1.734723475977e-18
11.730000,0.707588312,-0.027418222,0.828057340,-0.115182898,-0.464236599,2.553766,1,Solve_Succeeded,-0.403680779,0.336101538,5.551115123126e-17
11.740000,0.715821683,-0.028530645,0.824045103,-0.111833422,-0.464236599,2.553766,1,Solve_Succeeded,-0.403680779,0.336101538,5.551115123126e-17
11.750000,0.724014841,-0.029612575,0.820025233,-0.108739040,-0.481989117,2.908636,1,Solve_Succeeded,-0.417509213,0.316821130,5.551115123126e-17
11.760000,0.732166249,-0.030662823,0.815873430,-0.105581938,-0.481989117,2.908636,1,Solve_Succeeded,-0.417509213,0.316821130,5.551115123126e-17
11.770000,0.740276053,-0.031684331,0.811714344,-0.102665496,-0.498810368,3.395421,1,Solve_Succeeded,-0.430622263,0.298755154,5.551115123126e-17
11.780000,0.748342795,-0.032675965,0.807430197,-0.099688637,-0.498810368,3.395421,1,Solve_Succeeded,-0.430622263,0.298755154,5.551115123126e-17
11.790000,0.756366613,-0.033640500,0.803139100,-0.096938841,-0.514750222,2.588765,1,Solve_Succeeded,-0.443057685,0.281826710,3.469446951954e-18
11.800000,0.764346126,-0.034576854,0.798729450,-0.094130862,-0.514750222,2.588765,1,Solve_Succeeded,-0.443057685,0.281826710,3.469446951954e-18
11.810000,0.772281464,-0.035487648,0.794313169,-0.091537131,-0.529855382,3.142122,1,Solve_Succeeded,-0.454850828,0.265963700,1.110223024625e-16
11.820000,0.780171317,-0.036371846,0.789784499,-0.088887391,-0.529855382,3.142122,1,Solve_Succeeded,-0.454850828,0.265963700,1.110223024625e-16
11.830000,0.788015809,-0.037231925,0.785249502,-0.086439814,-0.544169590,2.827925,1,Solve_Succeeded,-0.466034791,0.251098535,3.469446951954e-18
11.840000,0.795813698,-0.038066894,0.780607961,-0.083938345,-0.544169590,2.827925,1,Solve_Succeeded,-0.466034791,0.251098535,3.469446951954e-18
11.850000,0.803565100,-0.038879092,0.775960382,-0.081627643,-0.557733819,2.470167,1,Solve_Succeeded,-0.476640564,0.237167856,1.110223024625e-16
11.860000,0.811268839,-0.039667574,0.771211805,-0.079265111,-0.557733819,2.470167,1,Solve_Succeeded,-0.476640564,0.237167856,1.110223024625e-16
11.870000,0.818925023,-0.040434549,0.766457468,-0.077082592,-0.570586447,2.682073,1,Solve_Succeeded,-0.486697170,0.224112274,0.000000000000e+00
11.880000,0.826532538,-0.041179112,0.761607395,-0.074850255,-0.570586447,2.682073,1,Solve_Succeeded,-0.486697170,0.224112274,0.000000000000e+00
11.890000,0.834091488,-0.041903350,0.756751829,-0.072787780,-0.582763427,2.510002,1,Solve_Succeeded,-0.496231793,0.211876123,0.000000000000e+00
11.900000,0.841600814,-0.042606401,0.751805527,-0.070677454,-0.582763427,2.510002,1,Solve_Succeeded,-0.496231793,0.211876123,0.000000000000e+00
11.910000,0.849060616,-0.043290233,0.746853987,-0.068727403,-0.594298441,2.996958,1,Solve_Succeeded,-0.505269895,0.200407233,1.110223024625e-16
11.920000,0.856469891,-0.043954025,0.741816465,-0.066731422,-0.594298441,2.996958,1,Solve_Succeeded,-0.505269895,0.200407233,1.110223024625e-16
11.930000,0.863828732,-0.044599636,0.736773950,-0.064886660,-0.605223048,2.523482,1,Solve_Succeeded,-0.513835332,0.189656709,6.938893903907e-18
11.940000,0.871136189,-0.045226282,0.731649975,-0.062997849,-0.605223048,2.523482,1,Solve_Succeeded,-0.513835332,0.189656709,6.938893903907e-18
11.950000,0.878392351,-0.045835717,0.726521243,-0.061251695,-0.615566821,2.481316,1,Solve_Succeeded,-0.521950452,0.179578732,6.938893903907e-18
11.960000,0.885596318,-0.046427195,0.721315357,-0.059463335,-0.615566821,2.481316,1,Solve_Succeeded,-0.521950452,0.179578732,6.938893903907e-18
11.970000,0.892748172,-0.047002371,0.716104940,-0.057809537,-0.625357472,3.100918,1,Solve_Succeeded,-0.529636201,0.170130366,3.469446951954e-18
11.980000,0.899847063,-0.047560535,0.710821472,-0.056115340,-0.625357472,3.100918,1,Solve_Succeeded,-0.529636201,0.170130366,3.469446951954e-18
11.990000,0.906893069,-0.048103250,0.705533692,-0.054548043,-0.634620976,2.738340,1,Solve_Succeeded,-0.536912209,0.161271381,1.110223024625e-16
12.000000,0.913885383,-0.048629837,0.700176773,-0.052942120,-0.634620976,2.738340,1,Solve_Succeeded,-0.536912209,0.161271381,1.110223024625e-16
12.010000,0.920824080,-0.049141773,0.694815753,-0.051455845,-0.643381684,2.830516,1,Solve_Succeeded,-0.543796877,0.152964081,0.000000000000e+00
12.020000,0.927708397,-0.049638411,0.689389328,-0.049932686,-0.643381684,2.830516,1,Solve_Succeeded,-0.543796877,0.152964081,0.000000000000e+00
12.030000,0.934538405,-0.050121146,0.683959005,-0.048522304,-0.651662423,2.554979,1,Solve_Succeeded,-0.550307459,0.145173151,6.938893903907e-18
12.040000,0.941313381,-0.050589362,0.678466845,-0.047076750,-0.651662423,2.554979,1,Solve_Succeeded,-0.550307459,0.145173151,6.938893903907e-18
12.050000,0.948033392,-0.051044373,0.672970983,-0.045737463,-0.659484600,3.100619,1,Solve_Succeeded,-0.556460133,0.137865504,3.469446951954e-18
12.060000,0.954697757,-0.051485598,0.667416693,-0.044364686,-0.659484600,3.100619,1,Solve_Succeeded,-0.556460133,0.137865504,3.469446951954e-18
12.070000,0.961306538,-0.051914272,0.661858892,-0.043092001,-0.666868293,2.924366,1,Solve_Succeeded,-0.562270077,0.131010146,1.110223024625e-16
12.080000,0.967859093,-0.052329844,0.656245927,-0.041787484,-0.666868293,2.924366,1,Solve_Succeeded,-0.562270077,0.131010146,1.110223024625e-16
12.090000,0.974355478,-0.052733481,0.650629635,-0.040577198,-0.673832335,2.999139,1,Solve_Succeeded,-0.567751528,0.124578044,0.000000000000e+00
12.100000,0.980795088,-0.053124659,0.644961304,-0.039336713,-0.673832335,2.999139,1,Solve_Succeeded,-0.567751528,0.124578044,0.000000000000e+00
12.110000,0.987177978,-0.053504475,0.639289823,-0.038184893,-0.680394398,2.679335,1,Solve_Succeeded,-0.572917849,0.118542000,6.938893903907e-18
12.120000,0.993503576,-0.053872437,0.633569300,-0.037004484,-0.680394398,2.679335,1,Solve_Succeeded,-0.572917849,0.118542000,6.938893903907e-18
12.130000,0.999771933,-0.054229575,0.627845800,-0.035907451,-0.686571068,2.624082,1,Solve_Succeeded,-0.577781581,0.112876543,6.938893903907e-18
12.140000,1.005982513,-0.054575426,0.622076132,-0.034783415,-0.686571068,2.624082,1,Solve_Succeeded,-0.577781581,0.112876543,6.938893903907e-18
12.150000,1.012135363,-0.054910958,0.616303655,-0.033737727,-0.692377914,2.516407,1,Solve_Succeeded,-0.582354504,0.107557816,1.110223024625e-16
12.160000,1.018229977,-0.055235734,0.610487770,-0.032666602,-0.692377914,2.516407,1,Solve_Succeeded,-0.582354504,0.107557816,1.110223024625e-16
12.170000,1.024266401,-0.055550664,0.604669240,-0.031669039,-0.697829558,2.586055,1,Solve_Succeeded,-0.586647679,0.102563475,0.000000000000e+00
12.180000,1.030244161,-0.055855337,0.598809955,-0.030647583,-0.697829558,2.586055,1,Solve_Succeeded,-0.586647679,0.102563475,0.000000000000e+00
12.190000,1.036163299,-0.056150607,0.592948183,-0.029695134,-0.702939734,2.551603,1,Solve_Succeeded,-0.590671503,0.097872596,0.000000000000e+00
12.200000,1.042023369,-0.056436090,0.587048209,-0.028720317,-0.702939734,2.551603,1,Solve_Succeeded,-0.590671503,0.097872596,0.000000000000e+00
12.210000,1.047824412,-0.056712586,0.581145903,-0.027810164,-0.707721346,2.889390,1,Solve_Succeeded,-0.594435746,0.093465585,1.110223024625e-16
12.220000,1.053566012,-0.056979734,0.575207853,-0.026879150,-0.707721346,2.889390,1,Solve_Succeeded,-0.594435746,0.093465585,1.110223024625e-16
12.230000,1.059248205,-0.057238285,0.569267621,-0.026008659,-0.712186527,3.496105,1,Solve_Succeeded,-0.597949598,0.089324095,6.938893903907e-18
12.240000,1.064870604,-0.057487902,0.563294014,-0.025118797,-0.712186527,3.496105,1,Solve_Succeeded,-0.597949598,0.089324095,6.938893903907e-18
12.250000,1.070433242,-0.057729287,0.557318371,-0.024285504,-0.716346683,2.459319,1,Solve_Succeeded,-0.601221702,0.085430947,0.000000000000e+00
12.260000,1.075935758,-0.057962128,0.551311640,-0.023434313,-0.716346683,2.459319,1,Solve_Succeeded,-0.601221702,0.085430947,0.000000000000e+00
12.270000,1.081378185,-0.058187078,0.545303016,-0.022635916,-0.720212546,2.570663,1,Solve_Succeeded,-0.604260195,0.081770056,0.000000000000e+00
12.280000,1.086760186,-0.058403851,0.539265510,-0.021821076,-0.720212546,2.570663,1,Solve_Succeeded,-0.604260195,0.081770056,0.000000000000e+00
12.290000,1.092081791,-0.058613054,0.533226252,-0.021055421,-0.723794219,2.505534,1,Solve_Succeeded,-0.607072740,0.078326364,0.000000000000e+00
12.300000,1.097342689,-0.058814424,0.527160244,-0.020274764,-0.723794219,2.505534,1,Solve_Succeeded,-0.607072740,0.078326364,0.000000000000e+00
12.310000,1.102542907,-0.059008525,0.521092620,-0.019539837,-0.727101212,2.569794,1,Solve_Succeeded,-0.609666557,0.075085772,0.000000000000e+00
12.320000,1.107682159,-0.059195118,0.515000310,-0.018791334,-0.727101212,2.569794,1,Solve_Succeeded,-0.609666557,0.075085772,0.000000000000e+00
12.330000,1.112760471,-0.059374724,0.508906517,-0.018085254,-0.730142488,2.552244,1,Solve_Succeeded,-0.612048451,0.072035085,1.110223024625e-16
12.340000,1.117777577,-0.059547127,0.502790036,-0.017367008,-0.730142488,2.552244,1,Solve_Succeeded,-0.612048451,0.072035085,1.110223024625e-16
12.350000,1.122733503,-0.059712809,0.496672202,-0.016688017,-0.732926494,2.678644,1,Solve_Succeeded,-0.614224844,0.069161948,1.110223024625e-16
12.360000,1.127628006,-0.059871574,0.490533615,-0.015998256,-0.732926494,2.678644,1,Solve_Succeeded,-0.614224844,0.069161948,1.110223024625e-16
12.370000,1.132461109,-0.060023868,0.484393804,-0.015344710,-0.735461200,2.530491,1,Solve_Succeeded,-0.616201796,0.066454799,1.110223024625e-16
12.380000,1.137232592,-0.060169516,0.478235116,-0.014681775,-0.735461200,2.530491,1,Solve_Succeeded,-0.616201796,0.066454799,1.110223024625e-16
12.390000,1.141942475,-0.060308926,0.472075330,-0.014052138,-0.737754127,2.644690,1,Solve_Succeeded,-0.617985033,0.063902816,6.938893903907e-18
12.400000,1.146590560,-0.060441946,0.465898488,-0.013414482,-0.737754127,2.644690,1,Solve_Succeeded,-0.617985033,0.063902816,6.938893903907e-18
12.410000,1.151176865,-0.060568948,0.459720671,-0.012807320,-0.739812378,2.942736,1,Solve_Succeeded,-0.619579967,0.061495871,0.000000000000e+00
12.420000,1.155701211,-0.060689799,0.453527567,-0.012193493,-0.739812378,2.942736,1,Solve_Succeeded,-0.619579967,0.061495871,0.000000000000e+00
12.430000,1.160163617,-0.060804840,0.447333609,-0.011607465,-0.741642669,2.704049,1,Solve_Succeeded,-0.620991719,0.059224485,1.110223024625e-16
12.440000,1.164563923,-0.060913957,0.441126084,-0.011016115,-0.741642669,2.704049,1,Solve_Succeeded,-0.620991719,0.059224485,1.110223024625e-16
12.450000,1.168902146,-0.061017458,0.434917823,-0.010449969,-0.743251350,2.910856,1,Solve_Succeeded,-0.622225136,0.057079788,6.938893903907e-18
12.460000,1.173178146,-0.061115250,0.428697669,-0.009879831,-0.743251350,2.910856,1,Solve_Succeeded,-0.622225136,0.057079788,6.938893903907e-18
12.470000,1.177391937,-0.061207608,0.422476895,-0.009332398,-0.744644433,2.511621,1,Solve_Succeeded,-0.623284814,0.055053482,0.000000000000e+00
12.480000,1.181543399,-0.061294460,0.416245856,-0.008782291,-0.744644433,2.511621,1,Solve_Succeeded,-0.623284814,0.055053482,0.000000000000e+00
12.490000,1.185632546,-0.061376050,0.410014312,-0.008252478,-0.745827616,2.546012,1,Solve_Succeeded,-0.624175109,0.053137800,1.110223024625e-16
12.500000,1.189659274,-0.061452326,0.403774090,-0.007721298,-0.745827616,2.546012,1,Solve_Succeeded,-0.624175109,0.053137800,1.110223024625e-16
12.510000,1.193623596,-0.061523501,0.397533475,-0.007208087,-0.746806300,2.600882,1,Solve_Succeeded,-0.624900161,0.051325479,0.000000000000e+00
12.520000,1.197525428,-0.061589543,0.391285730,-0.006694801,-0.746806300,2.600882,1,Solve_Succeeded,-0.624900161,0.051325479,0.000000000000e+00
12.530000,1.201364779,-0.061650637,0.385037701,-0.006197241,-0.747585612,3.469280,1,Solve_Succeeded,-0.625463902,0.049609722,0.000000000000e+00
12.540000,1.205141584,-0.061706770,0.378784053,-0.005700887,-0.747585612,3.469280,1,Solve_Succeeded,-0.625463902,0.049609722,0.000000000000e+00
12.550000,1.208855850,-0.061758099,0.372530229,-0.005218089,-0.748170425,2.934606,1,Solve_Succeeded,-0.625870073,0.047984171,1.110223024625e-16
12.560000,1.212507529,-0.061804629,0.366272258,-0.004737766,-0.748170425,2.934606,1,Solve_Succeeded,-0.625870073,0.047984171,1.110223024625e-16
12.570000,1.216096628,-0.061846491,0.360014219,-0.004268901,-0.748565371,3.731496,1,Solve_Succeeded,-0.626122236,0.046442880,1.110223024625e-16
12.580000,1.219623114,-0.061883708,0.353753473,-0.003803769,-0.748565371,3.731496,1,Solve_Succeeded,-0.626122236,0.046442880,1.110223024625e-16
12.590000,1.223086993,-0.061916384,0.347492763,-0.003348065,-0.748774863,2.828869,1,Solve_Succeeded,-0.626223792,0.044980287,1.110223024625e-16
12.600000,1.226488250,-0.061944562,0.341230753,-0.002897338,-0.748774863,2.828869,1,Solve_Succeeded,-0.626223792,0.044980287,1.110223024625e-16
12.610000,1.229826889,-0.061968321,0.334968884,-0.002454073,-0.748803104,3.144780,1,Solve_Succeeded,-0.626177982,0.043591192,1.110223024625e-16
12.620000,1.233102910,-0.061987720,0.328707089,-0.002017020,-0.748803104,3.144780,1,Solve_Succeeded,-0.626177982,0.043591192,1.110223024625e-16
12.630000,1.236316315,-0.062002813,0.322445536,-0.001585521,-0.748654108,2.501999,1,Solve_Succeeded,-0.625987906,0.042270732,1.110223024625e-16
12.640000,1.239467122,-0.062013680,0.316185405,-0.001161457,-0.748654108,2.501999,1,Solve_Succeeded,-0.625987906,0.042270732,1.110223024625e-16
12.650000,1.242555331,-0.062020349,0.309925616,-0.000741097,-0.748331707,2.693128,1,Solve_Succeeded,-0.625656533,0.041014358,6.938893903907e-18
12.660000,1.245580975,-0.062022916,0.303668565,-0.000329382,-0.748331707,2.693128,1,Solve_Succeeded,-0.625656533,0.041014358,6.938893903907e-18
12.670000,1.248544054,-0.062021389,0.297411956,0.000080424,-0.747839569,2.524409,1,Solve_Succeeded,-0.625186704,0.039817820,0.000000000000e+00
12.680000,1.251444613,-0.062015879,0.291159377,0.000480385,-0.747839569,2.524409,1,Solve_Succeeded,-0.625186704,0.039817820,0.000000000000e+00
12.690000,1.254282654,-0.062006372,0.284907336,0.000880182,-0.747181205,2.601917,1,Solve_Succeeded,-0.624581147,0.038677144,1.110223024625e-16
12.700000,1.257058236,-0.061992996,0.278660588,0.001268946,-0.747181205,2.601917,1,Solve_Succeeded,-0.624581147,0.038677144,1.110223024625e-16
12.710000,1.259771358,-0.061975715,0.272414476,0.001659242,-0.746359982,2.587663,1,Solve_Succeeded,-0.623842483,0.037588614,0.000000000000e+00
12.720000,1.262422096,-0.061954674,0.266174896,0.002037329,-0.746359982,2.587663,1,Solve_Succeeded,-0.623842483,0.037588614,0.000000000000e+00
12.730000,1.265010447,-0.061929816,0.259936047,0.002418597,-0.745379135,2.921758,1,Solve_Succeeded,-0.622973232,0.036548761,6.938893903907e-18
12.740000,1.267536500,-0.061901301,0.253704945,0.002786491,-0.745379135,2.921758,1,Solve_Succeeded,-0.622973232,0.036548761,6.938893903907e-18
12.750000,1.270000252,-0.061869052,0.247474667,0.003159173,-0.744241771,2.639464,1,Solve_Succeeded,-0.621975822,0.035554338,6.938893903907e-18
12.760000,1.272401807,-0.061833247,0.241253329,0.003517326,-0.744241771,2.639464,1,Solve_Succeeded,-0.621975822,0.035554338,6.938893903907e-18
12.770000,1.274741159,-0.061793785,0.235032907,0.003881831,-0.742950884,2.934300,1,Solve_Succeeded,-0.620852597,0.034602316,1.110223024625e-16
12.780000,1.277018425,-0.061750863,0.228822595,0.004230666,-0.742950884,2.934300,1,Solve_Succeeded,-0.620852597,0.034602316,1.110223024625e-16
12.790000,1.279233600,-0.061704360,0.222613289,0.004587377,-0.741509360,2.725308,1,Solve_Succeeded,-0.619605819,0.033689862,6.938893903907e-18
12.800000,1.281386815,-0.061654487,0.216415242,0.004927287,-0.741509360,2.725308,1,Solve_Succeeded,-0.619605819,0.033689862,6.938893903907e-18
12.810000,1.283478062,-0.061601105,0.210218291,0.005276559,-0.739919984,2.604185,1,Solve_Succeeded,-0.618237677,0.032814332,1.110223024625e-16
12.820000,1.285507486,-0.061544441,0.204033726,0.005607911,-0.739919984,2.604185,1,Solve_Succeeded,-0.618237677,0.032814332,1.110223024625e-16
12.830000,1.287475077,-0.061484337,0.197850346,0.005950076,-0.738185450,2.593733,1,Solve_Succeeded,-0.616750292,0.031973256,2.220446049250e-16
12.840000,1.289380994,-0.061421034,0.191680460,0.006273213,-0.738185450,2.593733,1,Solve_Succeeded,-0.616750292,0.031973256,2.220446049250e-16
12.850000,1.291225226,-0.061354357,0.185511845,0.006608578,-0.736308364,2.873015,1,Solve_Succeeded,-0.615145722,0.031164326,1.110223024625e-16
12.860000,1.293007944,-0.061284562,0.179357812,0.006923820,-0.736308364,2.873015,1,Solve_Succeeded,-0.615145722,0.031164326,1.110223024625e-16
12.870000,1.294729138,-0.061211455,0.173205137,0.007252671,-0.734291255,2.523288,1,Solve_Succeeded,-0.613425964,0.030385390,1.110223024625e-16
12.880000,1.296388989,-0.061135309,0.167068114,0.007560315,-0.734291255,2.523288,1,Solve_Succeeded,-0.613425964,0.030385390,1.110223024625e-16
12.890000,1.297987487,-0.061055910,0.160932532,0.007882919,-0.732136574,2.913258,1,Solve_Succeeded,-0.611592963,0.029634437,0.000000000000e+00
12.900000,1.299524826,-0.060973548,0.154813653,0.008183242,-0.732136574,2.913258,1,Solve_Succeeded,-0.611592963,0.029634437,0.000000000000e+00
12.910000,1.301000993,-0.060887991,0.148696300,0.008499846,-0.729846708,3.399057,1,Solve_Succeeded,-0.609648611,0.028909590,6.938893903907e-18
12.920000,1.302416196,-0.060799542,0.142596682,0.008793109,-0.729846708,3.399057,1,Solve_Succeeded,-0.609648611,0.028909590,6.938893903907e-18
12.930000,1.303770422,-0.060707954,0.136498673,0.009103942,-0.727423977,2.842822,1,Solve_Succeeded,-0.607594756,0.028209101,0.000000000000e+00
12.940000,1.305063888,-0.060613545,0.130419414,0.009390385,-0.727423977,2.842822,1,Solve_Succeeded,-0.607594756,0.028209101,0.000000000000e+00
12.950000,1.306296581,-0.060516050,0.124341846,0.009695661,-0.724870643,2.807521,1,Solve_Succeeded,-0.605433201,0.027531335,1.110223024625e-16
12.960000,1.307468731,-0.060415801,0.118284027,0.009975509,-0.724870643,2.807521,1,Solve_Succeeded,-0.605433201,0.027531335,1.110223024625e-16
12.970000,1.308580324,-0.060312517,0.112227978,0.010275427,-0.722188914,2.873081,1,Solve_Succeeded,-0.603165709,0.026874770,2.220446049250e-16
12.980000,1.309631600,-0.060206546,0.106192660,0.010548890,-0.722188914,2.873081,1,Solve_Succeeded,-0.603165709,0.026874770,2.220446049250e-16
12.990000,1.310622544,-0.060097589,0.100159192,0.010843633,-0.719380947,2.508782,1,Solve_Succeeded,-0.600794007,0.026237985,0.000000000000e+00
13.000000,1.311553410,-0.059986008,0.094147421,0.011110907,-0.719380947,2.508782,1,Solve_Succeeded,-0.600794007,0.026237985,0.000000000000e+00
13.010000,1.312424180,-0.059871491,0.088137578,0.011400644,-0.716448853,2.563914,1,Solve_Succeeded,-0.598319787,0.025619656,6.938893903907e-18
13.020000,1.313235118,-0.059754411,0.082150381,0.011661912,-0.716448853,2.563914,1,Solve_Succeeded,-0.598319787,0.025619656,6.938893903907e-18
13.030000,1.313986208,-0.059634440,0.076165190,0.011946803,-0.713394698,2.466499,1,Solve_Succeeded,-0.595744711,0.025018550,0.000000000000e+00
13.040000,1.314677723,-0.059511967,0.070203579,0.012202234,-0.713394698,2.466499,1,Solve_Succeeded,-0.595744711,0.025018550,0.000000000000e+00
13.050000,1.315309647,-0.059386648,0.064244049,0.012482425,-0.710220509,2.533470,1,Solve_Succeeded,-0.593070409,0.024433517,1.110223024625e-16
13.060000,1.315882263,-0.059258885,0.058309020,0.012732179,-0.710220509,2.533470,1,Solve_Succeeded,-0.593070409,0.024433517,1.110223024625e-16
13.070000,1.316395555,-0.059128321,0.052376146,0.013007804,-0.706928276,2.438881,1,Solve_Succeeded,-0.590298486,0.023863486,6.938893903907e-18
13.080000,1.316849817,-0.058995370,0.046468676,0.013252028,-0.706928276,2.438881,1,Solve_Succeeded,-0.590298486,0.023863486,6.938893903907e-18
13.090000,1.317245030,-0.058859659,0.040563435,0.013523215,-0.703519956,2.797786,1,Solve_Succeeded,-0.587430523,0.023307461,0.000000000000e+00
13.100000,1.317581500,-0.058721617,0.034684488,0.013762047,-0.703519956,2.797786,1,Solve_Succeeded,-0.587430523,0.023307461,0.000000000000e+00
13.110000,1.317859208,-0.058580857,0.028807843,0.014028911,-0.699997471,2.572156,1,Solve_Succeeded,-0.584468075,0.022764512,6.938893903907e-18
13.120000,1.318078469,-0.058437820,0.022958366,0.014262479,-0.699997471,2.572156,1,Solve_Succeeded,-0.584468075,0.022764512,6.938893903907e-18
13.130000,1.318239263,-0.058292105,0.017111263,0.014525128,-0.696362718,2.737128,1,Solve_Succeeded,-0.581412680,0.022233778,1.110223024625e-16
13.140000,1.318341916,-0.058144167,0.011292188,0.014753553,-0.696362718,2.737128,1,Solve_Succeeded,-0.581412680,0.022233778,1.110223024625e-16
13.150000,1.318386407,-0.057993590,0.005475558,0.015012087,-0.692617562,2.908663,1,Solve_Succeeded,-0.578265853,0.021714453,1.110223024625e-16
13.160000,1.318373072,-0.057840841,-0.000312198,0.015235480,-0.692617562,2.908663,1,Solve_Succeeded,-0.578265853,0.021714453,1.110223024625e-16
13.170000,1.318301888,-0.057685491,-0.006097439,0.015489990,-0.688763848,3.955969,1,Solve_Succeeded,-0.575029091,0.021205792,1.110223024625e-16
13.180000,1.318173201,-0.057528021,-0.011852974,0.015708457,-0.688763848,3.955969,1,Solve_Succeeded,-0.575029091,0.021205792,1.110223024625e-16
13.190000,1.317986990,-0.057367989,-0.017605927,0.015959028,-0.684803395,3.850249,1,Solve_Succeeded,-0.571703878,0.020707101,6.938893903907e-18
13.200000,1.317743608,-0.057205885,-0.023328354,0.016172665,-0.684803395,3.850249,1,Solve_Succeeded,-0.571703878,0.020707101,6.938893903907e-18
13.210000,1.317443033,-0.057041256,-0.029048131,0.016419377,-0.680738001,3.757971,1,Solve_Succeeded,-0.568291678,0.020217733,1.110223024625e-16
13.220000,1.317085629,-0.056874605,-0.034736578,0.016628275,-0.680738001,3.757971,1,Solve_Succeeded,-0.568291678,0.020217733,1.110223024625e-16
13.230000,1.316671372,-0.056705464,-0.040422308,0.016871199,-0.676569444,3.703033,1,Solve_Succeeded,-0.564793945,0.019737092,1.110223024625e-16
13.240000,1.316200636,-0.056534349,-0.046075918,0.017075443,-0.676569444,3.703033,1,Solve_Succeeded,-0.564793945,0.019737092,1.110223024625e-16
13.250000,1.315673396,-0.056360781,-0.051726745,0.017314646,-0.672299485,2.611942,1,Solve_Succeeded,-0.561212116,0.019264620,1.110223024625e-16
13.260000,1.315090036,-0.056185285,-0.057344673,0.017514317,-0.672299485,2.611942,1,Solve_Succeeded,-0.561212116,0.019264620,1.110223024625e-16
13.270000,1.314450529,-0.056007371,-0.062959755,0.017749860,-0.667929866,2.549859,1,Solve_Succeeded,-0.557547620,0.018799803,1.110223024625e-16
13.280000,1.313755268,-0.055827576,-0.068541173,0.017945031,-0.667929866,2.549859,1,Solve_Succeeded,-0.557547620,0.018799803,1.110223024625e-16
13.290000,1.313004227,-0.055645397,-0.074119681,0.018176972,-0.663462316,3.108364,1,Solve_Succeeded,-0.553801871,0.018342162,0.000000000000e+00
13.300000,1.312197805,-0.055461383,-0.079663775,0.018367713,-0.663462316,3.108364,1,Solve_Succeeded,-0.553801871,0.018342162,0.000000000000e+00
13.310000,1.311335978,-0.055275019,-0.085204895,0.018596104,-0.658898548,2.760808,1,Solve_Succeeded,-0.549976275,0.017891254,6.938893903907e-18
13.320000,1.310419153,-0.055086866,-0.090710863,0.018782479,-0.658898548,2.760808,1,Solve_Succeeded,-0.549976275,0.017891254,6.938893903907e-18
13.330000,1.309447304,-0.054896395,-0.096213796,0.019007368,-0.654240261,2.851656,1,Solve_Succeeded,-0.546072228,0.017446671,1.110223024625e-16
13.340000,1.308420847,-0.054704179,-0.101680851,0.019189439,-0.654240261,2.851656,1,Solve_Succeeded,-0.546072228,0.017446671,1.110223024625e-16
13.350000,1.307339757,-0.054509680,-0.107144812,0.019410870,-0.649489143,2.755499,1,Solve_Succeeded,-0.542091117,0.017008031,6.938893903907e-18
13.360000,1.306204458,-0.054313479,-0.112572182,0.019588694,-0.649489143,2.755499,1,Solve_Succeeded,-0.542091117,0.017008031,6.938893903907e-18
13.370000,1.305014921,-0.054115027,-0.117996397,0.019806708,-0.644646869,2.597524,1,Solve_Succeeded,-0.538034321,0.016574985,1.110223024625e-16
13.380000,1.303771582,-0.053914917,-0.123383323,0.019980339,-0.644646869,2.597524,1,Solve_Succeeded,-0.538034321,0.016574985,1.110223024625e-16
13.390000,1.302474411,-0.053712589,-0.128767035,0.020194974,-0.639715104,4.119342,1,Solve_Succeeded,-0.533903211,0.016147208,1.110223024625e-16
13.400000,1.301123849,-0.053508645,-0.134112771,0.020364461,-0.639715104,4.119342,1,Solve_Succeeded,-0.533903211,0.016147208,1.110223024625e-16
13.410000,1.299719869,-0.053302515,-0.139455236,0.020575750,-0.634695504,2.525765,1,Solve_Succeeded,-0.529699151,0.015724401,0.000000000000e+00
13.420000,1.298262919,-0.053094812,-0.144759050,0.020741142,-0.634695504,2.525765,1,Solve_Succeeded,-0.529699151,0.015724401,0.000000000000e+00
13.430000,1.296752970,-0.052884953,-0.150059537,0.020949118,-0.629589713,2.626107,1,Solve_Succeeded,-0.525423498,0.015306289,3.469446951954e-18
13.440000,1.295190478,-0.052673564,-0.155320711,0.021110459,-0.629589713,2.626107,1,Solve_Succeeded,-0.525423498,0.015306289,3.469446951954e-18
13.450000,1.293575415,-0.052460051,-0.160578503,0.021315150,-0.624399369,3.329269,1,Solve_Succeeded,-0.521077605,0.014892616,3.469446951954e-18
13.460000,1.291908244,-0.052245049,-0.165796333,0.021472482,-0.624399369,3.329269,1,Solve_Succeeded,-0.521077605,0.014892616,3.469446951954e-18
13.470000,1.290188934,-0.052027954,-0.171010726,0.021673915,-0.619126100,2.554880,1,Solve_Succeeded,-0.516662815,0.014483148,0.000000000000e+00
13.480000,1.288417959,-0.051809411,-0.176184521,0.021827279,-0.619126100,2.554880,1,Solve_Succeeded,-0.516662815,0.014483148,0.000000000000e+00
13.490000,1.286595287,-0.051588806,-0.181354825,0.022025478,-0.613771527,2.613758,1,Solve_Succeeded,-0.512180470,0.014077671,1.110223024625e-16
13.500000,1.284721396,-0.051366794,-0.186483906,0.022174910,-0.613771527,2.613758,1,Solve_Succeeded,-0.512180470,0.014077671,1.110223024625e-16
13.510000,1.282796257,-0.051142750,-0.191609445,0.022369899,-0.608337264,2.553127,1,Solve_Succeeded,-0.507631904,0.013675987,6.938893903907e-18
13.520000,1.280820354,-0.050917339,-0.196693148,0.022515434,-0.608337264,2.553127,1,Solve_Succeeded,-0.507631904,0.013675987,6.938893903907e-18
13.530000,1.278793657,-0.050689928,-0.201773258,0.022707233,-0.602824917,2.469237,1,Solve_Succeeded,-0.503018447,0.013277915,1.110223024625e-16
13.540000,1.276716657,-0.050461189,-0.206810933,0.022848906,-0.602824917,2.469237,1,Solve_Succeeded,-0.503018447,0.013277915,1.110223024625e-16
13.550000,1.274589324,-0.050230481,-0.211844963,0.023037533,-0.597236088,2.449160,1,Solve_Succeeded,-0.498341424,0.012883288,0.000000000000e+00
13.560000,1.272412157,-0.049998484,-0.216835971,0.023175377,-0.597236088,2.449160,1,Solve_Succeeded,-0.498341424,0.012883288,0.000000000000e+00
13.570000,1.270185123,-0.049764548,-0.221823286,0.023360850,-0.591572369,2.781447,1,Solve_Succeeded,-0.493602156,0.012491954,1.110223024625e-16
13.580000,1.267908728,-0.049529363,-0.226767003,0.023494894,-0.591572369,2.781447,1,Solve_Succeeded,-0.493602156,0.012491954,1.110223024625e-16
13.590000,1.265582941,-0.049292269,-0.231706978,0.023677229,-0.585835350,3.194059,1,Solve_Succeeded,-0.488801959,0.012103776,1.110223024625e-16
13.600000,1.263208274,-0.049053964,-0.236602792,0.023807503,-0.585835350,3.194059,1,Solve_Succeeded,-0.488801959,0.012103776,1.110223024625e-16
13.610000,1.260784692,-0.048813780,-0.241494817,0.023986715,-0.580026612,3.630723,1,Solve_Succeeded,-0.483942147,0.011718626,3.469446951954e-18
13.620000,1.258312717,-0.048572425,-0.246342131,0.024113247,-0.580026612,3.630723,1,Solve_Succeeded,-0.483942147,0.011718626,3.469446951954e-18
13.630000,1.255792314,-0.048329220,-0.251185608,0.024289349,-0.574147733,2.669119,1,Solve_Succeeded,-0.479024027,0.011336390,1.110223024625e-16
13.640000,1.253224008,-0.048084882,-0.255983836,0.024412165,-0.574147733,2.669119,1,Solve_Succeeded,-0.479024027,0.011336390,1.110223024625e-16
13.650000,1.250607765,-0.047838725,-0.260778182,0.024585171,-0.568200285,3.169057,1,Solve_Succeeded,-0.474048904,0.010956964,6.938893903907e-18
13.660000,1.247944118,-0.047591472,-0.265526751,0.024704297,-0.568200285,3.169057,1,Solve_Succeeded,-0.474048904,0.010956964,6.938893903907e-18
13.670000,1.245233031,-0.047342430,-0.270271395,0.024874217,-0.562185835,3.028122,1,Solve_Succeeded,-0.469018080,0.010580253,6.938893903907e-18
13.680000,1.242475042,-0.047092329,-0.274969747,0.024989679,-0.562185835,3.028122,1,Solve_Succeeded,-0.469018080,0.010580253,6.938893903907e-18
13.690000,1.239670117,-0.046840470,-0.279664130,0.025156524,-0.556105944,2.530695,1,Solve_Succeeded,-0.463932850,0.010206172,3.469446951954e-18
13.700000,1.236818798,-0.046587589,-0.284311718,0.025268344,-0.556105944,2.530695,1,Solve_Succeeded,-0.463932850,0.010206172,3.469446951954e-18
13.710000,1.233921051,-0.046332979,-0.288955295,0.025432124,-0.549962169,2.523023,1,Solve_Succeeded,-0.458794510,0.009834644,3.469446951954e-18
13.720000,1.230977424,-0.046077384,-0.293551587,0.025540328,-0.549962169,2.523023,1,Solve_Succeeded,-0.458794510,0.009834644,3.469446951954e-18
13.730000,1.227987881,-0.045820090,-0.298143826,0.025701052,-0.543756062,3.093494,1,Solve_Succeeded,-0.453604348,0.009465602,0.000000000000e+00
13.740000,1.224952979,-0.045561849,-0.302688300,0.025805660,-0.543756062,3.093494,1,Solve_Succeeded,-0.453604348,0.009465602,0.000000000000e+00
13.750000,1.221872680,-0.045301937,-0.307228681,0.025963337,-0.537489171,3.484361,1,Solve_Succeeded,-0.448363651,0.009098982,0.000000000000e+00
13.760000,1.218747544,-0.045041115,-0.311720831,0.026064372,-0.537489171,3.484361,1,Solve_Succeeded,-0.448363651,0.009098982,0.000000000000e+00
13.770000,1.215577535,-0.044778652,-0.316208849,0.026219010,-0.531163039,3.102623,1,Solve_Succeeded,-0.443073703,0.008734731,3.469446951954e-18
13.780000,1.212363219,-0.044515315,-0.320648179,0.026316493,-0.531163039,3.102623,1,Solve_Succeeded,-0.443073703,0.008734731,3.469446951954e-18
13.790000,1.209104559,-0.044250367,-0.325083340,0.026468100,-0.524779202,2.494744,1,Solve_Succeeded,-0.437735782,0.008372801,3.469446951954e-18
13.800000,1.205802126,-0.043984581,-0.329469369,0.026562052,-0.524779202,2.494744,1,Solve_Succeeded,-0.437735782,0.008372801,3.469446951954e-18
13.810000,1.202455881,-0.043717212,-0.333851191,0.026710635,-0.518339196,3.143676,1,Solve_Succeeded,-0.432351164,0.008013149,3.469446951954e-18
13.820000,1.199066401,-0.043449042,-0.338183451,0.026801076,-0.518339196,3.143676,1,Solve_Succeeded,-0.432351164,0.008013149,3.469446951954e-18
13.830000,1.195633649,-0.043179318,-0.342511466,0.026946642,-0.511844549,2.631584,1,Solve_Succeeded,-0.426921121,0.007655738,1.110223024625e-16
13.840000,1.192158205,-0.042908829,-0.346789499,0.027033593,-0.511844549,2.631584,1,Solve_Succeeded,-0.426921121,0.007655738,1.110223024625e-16
13.850000,1.188640030,-0.042636816,-0.351063253,0.027176148,-0.505296784,3.521339,1,Solve_Succeeded,-0.421446922,0.007300536,0.000000000000e+00
13.860000,1.185079711,-0.042364072,-0.355286617,0.027259628,-0.505296784,3.521339,1,Solve_Succeeded,-0.421446922,0.007300536,0.000000000000e+00
13.870000,1.181477209,-0.042089834,-0.359505666,0.027399179,-0.498697422,2.690898,1,Solve_Succeeded,-0.415929832,0.006947515,0.000000000000e+00
13.880000,1.177833114,-0.041814901,-0.363673928,0.027479207,-0.498697422,2.690898,1,Solve_Succeeded,-0.415929832,0.006947515,0.000000000000e+00
13.890000,1.174147387,-0.041538502,-0.367837843,0.027615760,-0.492047977,2.463287,1,Solve_Succeeded,-0.410371113,0.006596653,5.551115123126e-17
13.900000,1.170420624,-0.041261444,-0.371950587,0.027692357,-0.492047977,2.463287,1,Solve_Succeeded,-0.410371113,0.006596653,5.551115123126e-17
13.910000,1.166652784,-0.040982949,-0.376058950,0.027825917,-0.485349960,2.471912,1,Solve_Succeeded,-0.404772021,0.006247929,5.551115123126e-17
13.920000,1.162844467,-0.040703829,-0.380115768,0.027899101,-0.485349960,2.471912,1,Solve_Succeeded,-0.404772021,0.006247929,5.551115123126e-17
13.930000,1.158995634,-0.040423301,-0.384168175,0.028029675,-0.478604876,2.475268,1,Solve_Succeeded,-0.399133810,0.005901329,5.551115123126e-17
13.940000,1.155106888,-0.040142184,-0.388168675,0.028099464,-0.478604876,2.475268,1,Solve_Succeeded,-0.399133810,0.005901329,5.551115123126e-17
13.950000,1.151178189,-0.039859688,-0.392164733,0.028227057,-0.471814226,2.658369,1,Solve_Succeeded,-0.393457730,0.005556840,5.551115123126e-17
13.960000,1.147210144,-0.039576636,-0.396108534,0.028293471,-0.471814226,2.658369,1,Solve_Succeeded,-0.393457730,0.005556840,5.551115123126e-17
13.970000,1.143202713,-0.039292235,-0.400047863,0.028418089,-0.464979504,2.566420,1,Solve_Succeeded,-0.387745028,0.005214453,5.551115123126e-17
13.980000,1.139156508,-0.039007312,-0.403934597,0.028481147,-0.464979504,2.566420,1,Solve_Succeeded,-0.387745028,0.005214453,5.551115123126e-17
13.990000,1.135071489,-0.038721070,-0.407816830,0.028602796,-0.458102203,2.881366,1,Solve_Succeeded,-0.381996945,0.004874161,0.000000000000e+00
14.000000,1.130948270,-0.038434339,-0.411646141,0.028662515,-0.458102203,2.881366,1,Solve_Succeeded,-0.381996945,0.004874161,0.000000000000e+00
14.010000,1.126786811,-0.038146318,-0.415470924,0.028781200,-0.451183807,2.425047,1,Solve_Succeeded,-0.376214718,0.004535961,0.000000000000e+00
14.020000,1.122587731,-0.037857842,-0.419242468,0.028837600,-0.451183807,2.425047,1,Solve_Succeeded,-0.376214718,0.004535961,0.000000000000e+00
14.030000,1.118350989,-0.037568105,-0.423009458,0.028953326,-0.444225797,3.193961,1,Solve_Succeeded,-0.370399583,0.004199850,1.110223024625e-16
14.040000,1.114077206,-0.037277947,-0.426722905,0.029006426,-0.444225797,3.193961,1,Solve_Succeeded,-0.370399583,0.004199850,1.110223024625e-16
14.050000,1.109766344,-0.036986556,-0.430431771,0.029119200,-0.437229649,2.504375,1,Solve_Succeeded,-0.364552768,0.003865830,5.551115123126e-17
14.060000,1.105419026,-0.036694778,-0.434086801,0.029169017,-0.437229649,2.504375,1,Solve_Succeeded,-0.364552768,0.003865830,5.551115123126e-17
14.070000,1.101035211,-0.036401796,-0.437737227,0.029278844,-0.430196832,2.556727,1,Solve_Succeeded,-0.358675498,0.003533903,0.000000000000e+00
14.080000,1.096615530,-0.036108459,-0.441333534,0.029325398,-0.430196832,2.556727,1,Solve_Succeeded,-0.358675498,0.003533903,0.000000000000e+00
14.090000,1.092159939,-0.035813948,-0.444925213,0.029432283,-0.423128812,2.668319,1,Solve_Succeeded,-0.352768995,0.003204073,0.000000000000e+00
14.100000,1.087669072,-0.035519116,-0.448462503,0.029475593,-0.423128812,2.668319,1,Solve_Succeeded,-0.352768995,0.003204073,0.000000000000e+00
14.110000,1.083142887,-0.035223137,-0.451995141,0.029579543,-0.416027046,2.950265,1,Solve_Succeeded,-0.346834474,0.002876347,5.551115123126e-17
14.120000,1.078582018,-0.034926870,-0.455473132,0.029619626,-0.416027046,2.950265,1,Solve_Succeeded,-0.346834474,0.002876347,5.551115123126e-17
14.130000,1.073986424,-0.034629485,-0.458946449,0.029720647,-0.408892990,2.517922,1,Solve_Succeeded,-0.340873147,0.002550731,0.000000000000e+00
14.140000,1.069356742,-0.034331845,-0.462364870,0.029757524,-0.408892990,2.517922,1,Solve_Succeeded,-0.340873147,0.002550731,0.000000000000e+00
14.150000,1.064692932,-0.034033115,-0.465778597,0.029855622,-0.401728090,2.531366,1,Solve_Succeeded,-0.334886222,0.002227235,5.551115123126e-17
14.160000,1.059995633,-0.033734163,-0.469137191,0.029889310,-0.401728090,2.531366,1,Solve_Succeeded,-0.334886222,0.002227235,5.551115123126e-17
14.170000,1.055264804,-0.033434150,-0.472491071,0.029984491,-0.394533788,3.256967,1,Solve_Succeeded,-0.328874900,0.001905869,5.551115123126e-17
14.180000,1.050501087,-0.033133946,-0.475789591,0.030015010,-0.394533788,3.256967,1,Solve_Succeeded,-0.328874900,0.001905869,5.551115123126e-17
14.190000,1.045704441,-0.032832710,-0.479083378,0.030107281,-0.387311522,2.735281,1,Solve_Succeeded,-0.322840379,0.001586643,0.000000000000e+00
14.200000,1.040875511,-0.032531315,-0.482321591,0.030134650,-0.387311522,2.735281,1,Solve_Succeeded,-0.322840379,0.001586643,0.000000000000e+00
14.210000,1.036014254,-0.032228918,-0.485555053,0.030224018,-0.380062721,2.630891,1,Solve_Succeeded,-0.316783851,0.001269571,0.000000000000e+00
14.220000,1.031121319,-0.031926392,-0.488732737,0.030248256,-0.380062721,2.630891,1,Solve_Succeeded,-0.316783851,0.001269571,0.000000000000e+00
14.230000,1.026196663,-0.031622892,-0.491905652,0.030334727,-0.372788809,2.490736,1,Solve_Succeeded,-0.310706505,0.000954664,5.551115123126e-17
14.240000,1.021240937,-0.031319297,-0.495022597,0.030355854,-0.372788809,2.490736,1,Solve_Succeeded,-0.310706505,0.000954664,5.551115123126e-17
14.250000,1.016254097,-0.031014755,-0.498134757,0.030439436,-0.365491203,2.437712,1,Solve_Succeeded,-0.304609521,0.000641937,5.551115123126e-17
14.260000,1.011236796,-0.030710148,-0.501190763,0.030457471,-0.365491203,2.437712,1,Solve_Succeeded,-0.304609521,0.000641937,5.551115123126e-17
14.270000,1.006188992,-0.030404624,-0.504241970,0.030538170,-0.358171316,3.013157,1,Solve_Succeeded,-0.298494077,0.000331403,5.551115123126e-17
14.280000,1.001111339,-0.030099066,-0.507236853,0.030553134,-0.358171316,3.013157,1,Solve_Succeeded,-0.298494077,0.000331403,5.551115123126e-17
14.290000,0.996003793,-0.029792619,-0.510226921,0.030630958,-0.350830553,2.531736,1,Solve_Succeeded,-0.292361345,0.000023079,0.000000000000e+00
14.300000,0.990867011,-0.029486170,-0.513160504,0.030642869,-0.350830553,2.531736,1,Solve_Succeeded,-0.292361345,0.000023079,0.000000000000e+00
14.310000,0.985700950,-0.029178859,-0.516089260,0.030717826,-0.343470311,2.512071,1,Solve_Succeeded,-0.286212490,-0.000283021,5.551115123126e-17
14.320000,0.980506268,-0.028871576,-0.518961382,0.030726706,-0.343470311,2.512071,1,Solve_Succeeded,-0.286212490,-0.000283021,5.551115123126e-17
14.330000,0.975282921,-0.028563461,-0.521828663,0.030798803,-0.336091982,2.439535,1,Solve_Succeeded,-0.280048674,-0.000586881,0.000000000000e+00
14.340000,0.970031570,-0.028255404,-0.524639171,0.030804671,-0.336091982,2.439535,1,Solve_Succeeded,-0.280048674,-0.000586881,0.000000000000e+00
14.350000,0.964752170,-0.027946543,-0.527444827,0.030873917,-0.328696953,2.504330,1,Solve_Succeeded,-0.273871052,-0.000888483,3.469446951954e-18
14.360000,0.959445384,-0.027637770,-0.530193581,0.030876793,-0.328696953,2.504330,1,Solve_Succeeded,-0.273871052,-0.000888483,3.469446951954e-18
14.370000,0.954111167,-0.027328221,-0.532937472,0.030943196,-0.321286600,2.820780,1,Solve_Succeeded,-0.267680773,-0.001187812,0.000000000000e+00
14.380000,0.948750182,-0.027018790,-0.535624344,0.030943102,-0.321286600,2.820780,1,Solve_Succeeded,-0.267680773,-0.001187812,0.000000000000e+00
14.390000,0.943362385,-0.026708611,-0.538306344,0.031006671,-0.313862295,2.486068,1,Solve_Succeeded,-0.261478980,-0.001484850,3.469446951954e-18
14.400000,0.937948441,-0.026398580,-0.540931217,0.031003627,-0.313862295,2.486068,1,Solve_Succeeded,-0.261478980,-0.001484850,3.469446951954e-18
14.410000,0.932508306,-0.026087829,-0.543551209,0.031064371,-0.306425401,2.584472,1,Solve_Succeeded,-0.255266811,-0.001779580,5.551115123126e-17
14.420000,0.927042643,-0.025777256,-0.546113978,0.031058398,-0.306425401,2.584472,1,Solve_Succeeded,-0.255266811,-0.001779580,5.551115123126e-17
14.430000,0.921551411,-0.025465990,-0.548671857,0.031116324,-0.298977277,2.446505,1,Solve_Succeeded,-0.249045398,-0.002071985,5.551115123126e-17
14.440000,0.916035274,-0.025154931,-0.551172427,0.031107444,-0.298977277,2.446505,1,Solve_Succeeded,-0.249045398,-0.002071985,5.551115123126e-17
14.450000,0.910494189,-0.024843208,-0.553668100,0.031162564,-0.291519270,3.741651,1,Solve_Succeeded,-0.242815866,-0.002362047,0.000000000000e+00
14.460000,0.904928822,-0.024531721,-0.556106387,0.031150796,-0.291519270,3.741651,1,Solve_Succeeded,-0.242815866,-0.002362047,0.000000000000e+00
14.470000,0.899339130,-0.024219598,-0.558539772,0.031203119,-0.284052724,2.579712,1,Solve_Succeeded,-0.236579334,-0.002649747,5.551115123126e-17
14.480000,0.893725780,-0.023907739,-0.560915706,0.031188486,-0.284052724,2.579712,1,Solve_Succeeded,-0.236579334,-0.002649747,5.551115123126e-17
14.490000,0.888088729,-0.023595271,-0.563286732,0.031238021,-0.276578972,2.900547,1,Solve_Succeeded,-0.230336915,-0.002935070,1.734723475977e-18
14.500000,0.882428643,-0.023283096,-0.565600251,0.031220545,-0.276578972,2.900547,1,Solve_Succeeded,-0.230336915,-0.002935070,1.734723475977e-18
14.510000,0.876745481,-0.022970341,-0.567908858,0.031267302,-0.269099342,2.609205,1,Solve_Succeeded,-0.224089717,-0.003217995,5.551115123126e-17
14.520000,0.871039909,-0.022657907,-0.570159914,0.031247005,-0.269099342,2.609205,1,Solve_Succeeded,-0.224089717,-0.003217995,5.551115123126e-17
14.530000,0.865311885,-0.022344919,-0.572406053,0.031290995,-0.261615152,3.242410,1,Solve_Succeeded,-0.217838839,-0.003498507,1.734723475977e-18
14.540000,0.859562077,-0.022032281,-0.574594606,0.031267899,-0.261615152,3.242410,1,Solve_Succeeded,-0.217838839,-0.003498507,1.734723475977e-18
14.550000,0.853790441,-0.021719117,-0.576778240,0.031309132,-0.254127714,3.080799,1,Solve_Succeeded,-0.211585375,-0.003776586,0.000000000000e+00
14.560000,0.847997646,-0.021406330,-0.578904262,0.031283258,-0.254127714,3.080799,1,Solve_Succeeded,-0.211585375,-0.003776586,0.000000000000e+00
14.570000,0.842183650,-0.021093045,-0.581025364,0.031321747,-0.246638331,2.644304,1,Solve_Succeeded,-0.205330412,-0.004052216,1.734723475977e-18
14.580000,0.836349120,-0.020780164,-0.583088839,0.031293118,-0.246638331,2.644304,1,Solve_Succeeded,-0.205330412,-0.004052216,1.734723475977e-18
14.590000,0.830494013,-0.020466812,-0.585147393,0.031328872,-0.239148298,3.529311,1,Solve_Succeeded,-0.199075029,-0.004325377,0.000000000000e+00
14.600000,0.824618999,-0.020153892,-0.587148315,0.031297511,-0.239148298,3.529311,1,Solve_Succeeded,-0.199075029,-0.004325377,0.000000000000e+00
14.610000,0.818724033,-0.019840529,-0.589144316,0.031330541,-0.231658903,2.580740,1,Solve_Succeeded,-0.192820302,-0.004596054,1.734723475977e-18
14.620000,0.812809786,-0.019527624,-0.591082690,0.031296471,-0.231658903,2.580740,1,Solve_Succeeded,-0.192820302,-0.004596054,1.734723475977e-18
14.630000,0.806876212,-0.019214303,-0.593016143,0.031326791,-0.224171423,3.201331,1,Solve_Succeeded,-0.186567296,-0.004864227,0.000000000000e+00
14.640000,0.800923982,-0.018901467,-0.594891984,0.031290034,-0.224171423,3.201331,1,Solve_Succeeded,-0.186567296,-0.004864227,0.000000000000e+00
14.650000,0.794953052,-0.018588242,-0.596762906,0.031317654,-0.216687130,2.565515,1,Solve_Succeeded,-0.180317070,-0.005129880,0.000000000000e+00
14.660000,0.788964089,-0.018275529,-0.598576241,0.031278235,-0.216687130,2.565515,1,Solve_Succeeded,-0.180317070,-0.005129880,0.000000000000e+00
14.670000,0.782957051,-0.017962453,-0.600384658,0.031303167,-0.209207285,2.411021,1,Solve_Succeeded,-0.174070678,-0.005392996,0.000000000000e+00
14.680000,0.776932606,-0.017649916,-0.602135523,0.031261108,-0.209207285,2.411021,1,Solve_Succeeded,-0.174070678,-0.005392996,0.000000000000e+00
14.690000,0.770890710,-0.017337044,-0.603881473,0.031283366,-0.201733141,2.428806,1,Solve_Succeeded,-0.167829164,-0.005653556,0.000000000000e+00
14.700000,0.764832032,-0.017024735,-0.605569915,0.031238691,-0.201733141,2.428806,1,Solve_Succeeded,-0.167829164,-0.005653556,0.000000000000e+00
14.710000,0.758756526,-0.016712118,-0.607253447,0.031258286,-0.194265944,2.772182,1,Solve_Succeeded,-0.161593567,-0.005911545,2.775557561563e-17
14.720000,0.752664862,-0.016400091,-0.608879523,0.031211019,-0.194265944,2.772182,1,Solve_Succeeded,-0.161593567,-0.005911545,2.775557561563e-17
14.730000,0.746556994,-0.016087782,-0.610500694,0.031227965,-0.186806928,2.663533,1,Solve_Succeeded,-0.155364917,-0.006166945,1.734723475977e-18
14.740000,0.740433589,-0.015776088,-0.612064473,0.031178130,-0.186806928,2.663533,1,Solve_Succeeded,-0.155364917,-0.006166945,1.734723475977e-18
14.750000,0.734294605,-0.015464139,-0.613623351,0.031192440,-0.179357321,2.930328,1,Solve_Succeeded,-0.149144238,-0.006419739,2.775557561563e-17
14.760000,0.728140706,-0.015152831,-0.615124911,0.031140060,-0.179357321,2.930328,1,Solve_Succeeded,-0.149144238,-0.006419739,2.775557561563e-17
14.770000,0.721971849,-0.014841292,-0.616621576,0.031151748,-0.171918342,2.807992,1,Solve_Succeeded,-0.142932546,-0.006669912,2.775557561563e-17
14.780000,0.715788699,-0.014530421,-0.618061004,0.031096848,-0.171918342,2.807992,1,Solve_Succeeded,-0.142932546,-0.006669912,2.775557561563e-17
14.790000,0.709591212,-0.014219346,-0.619495545,0.031105927,-0.164491198,2.561038,1,Solve_Succeeded,-0.136730849,-0.006917446,1.734723475977e-18
14.800000,0.703380052,-0.013908961,-0.620872940,0.031048532,-0.164491198,2.561038,1,Solve_Succeeded,-0.136730849,-0.006917446,1.734723475977e-18
14.810000,0.697155175,-0.013598400,-0.622245456,0.031055016,-0.157077090,2.570972,1,Solve_Succeeded,-0.130540148,-0.007162325,0.000000000000e+00
14.820000,0.690917244,-0.013288554,-0.623560926,0.030995150,-0.157077090,2.570972,1,Solve_Succeeded,-0.130540148,-0.007162325,0.000000000000e+00
14.830000,0.684666216,-0.012978557,-0.624871526,0.030999053,-0.149677209,2.697752,1,Solve_Succeeded,-0.124361435,-0.007404534,2.775557561563e-17
14.840000,0.678402752,-0.012669299,-0.626125189,0.030936742,-0.149677209,2.697752,1,Solve_Succeeded,-0.124361435,-0.007404534,2.775557561563e-17
14.850000,0.672126808,-0.012359916,-0.627373992,0.030938079,-0.142292735,2.595108,1,Solve_Succeeded,-0.118195697,-0.007644057,2.775557561563e-17
14.860000,0.665839045,-0.012051297,-0.628565978,0.030873347,-0.142292735,2.595108,1,Solve_Succeeded,-0.118195697,-0.007644057,2.775557561563e-17
14.870000,0.659539419,-0.011742578,-0.629753112,0.030872132,-0.134924840,2.503121,1,Solve_Succeeded,-0.112043910,-0.007880878,8.673617379884e-19
14.880000,0.653228589,-0.011434646,-0.630883557,0.030805005,-0.134924840,2.503121,1,Solve_Succeeded,-0.112043910,-0.007880878,8.673617379884e-19
14.890000,0.646906511,-0.011126640,-0.632009162,0.030801254,-0.127574687,2.932877,1,Solve_Succeeded,-0.105907043,-0.008114982,2.775557561563e-17
14.900000,0.640573842,-0.010819445,-0.633078215,0.030731756,-0.127574687,2.932877,1,Solve_Succeeded,-0.105907043,-0.008114982,2.775557561563e-17
14.910000,0.634230539,-0.010512201,-0.634142439,0.030725484,-0.120243428,2.556549,1,Solve_Succeeded,-0.099786059,-0.008346354,8.673617379884e-19
14.920000,0.627877258,-0.010205792,-0.635150256,0.030653641,-0.120243428,2.556549,1,Solve_Succeeded,-0.099786059,-0.008346354,8.673617379884e-19
14.930000,0.621513956,-0.009899359,-0.636153257,0.030644863,-0.112932207,2.645697,1,Solve_Succeeded,-0.093681909,-0.008574979,1.387778780781e-17
14.940000,0.615141285,-0.009593782,-0.637100005,0.030570701,-0.112932207,2.645697,1,Solve_Succeeded,-0.093681909,-0.008574979,1.387778780781e-17
14.950000,0.608759203,-0.009288208,-0.638041950,0.030559434,-0.105642156,2.592062,1,Solve_Succeeded,-0.087595540,-0.008800843,0.000000000000e+00
14.960000,0.602368362,-0.008983513,-0.638927806,0.030482978,-0.105642156,2.592062,1,Solve_Succeeded,-0.087595540,-0.008800843,0.000000000000e+00
14.970000,0.595968718,-0.008678845,-0.639808873,0.030469237,-0.098374398,2.490826,1,Solve_Succeeded,-0.081527889,-0.009023930,0.000000000000e+00
14.980000,0.589560922,-0.008375079,-0.640634022,0.030390514,-0.098374398,2.490826,1,Solve_Succeeded,-0.081527889,-0.009023930,0.000000000000e+00
14.990000,0.583144930,-0.008071364,-0.641454397,0.030374316,-0.091130048,2.769537,1,Solve_Succeeded,-0.075479883,-0.009244228,8.673617379884e-19
15.000000,0.576721391,-0.007768574,-0.642219034,0.030293352,-0.091130048,2.769537,1,Solve_Succeeded,-0.075479883,-0.009244228,8.673617379884e-19
15.010000,0.570290261,-0.007465859,-0.642978912,0.030274712,-0.083910208,2.497841,1,Solve_Succeeded,-0.069452442,-0.009461721,0.000000000000e+00
15.020000,0.563852185,-0.007164091,-0.643683242,0.030191533,-0.083910208,2.497841,1,Solve_Succeeded,-0.069452442,-0.009461721,0.000000000000e+00
15.030000,0.557407122,-0.006862423,-0.644382829,0.030170469,-0.076715971,2.524230,1,Solve_Succeeded,-0.063446479,-0.009676396,0.000000000000e+00
15.040000,0.550955715,-0.006561723,-0.645027064,0.030085102,-0.076715971,2.524230,1,Solve_Succeeded,-0.063446479,-0.009676396,0.000000000000e+00
15.050000,0.544497921,-0.006261148,-0.645666573,0.030061630,-0.069548420,2.510819,1,Solve_Succeeded,-0.057462897,-0.009888239,1.387778780781e-17
15.060000,0.538034380,-0.005961562,-0.646250936,0.029974101,-0.069548420,2.510819,1,Solve_Succeeded,-0.057462897,-0.009888239,1.387778780781e-17
15.070000,0.531565051,-0.005662125,-0.646830591,0.029948240,-0.062408628,2.732868,1,Solve_Succeeded,-0.051502590,-0.010097238,0.000000000000e+00
15.080000,0.525090572,-0.005363697,-0.647355313,0.029858575,-0.062408628,2.732868,1,Solve_Succeeded,-0.051502590,-0.010097238,0.000000000000e+00
15.090000,0.518610901,-0.005065444,-0.647875345,0.029830341,-0.055297657,2.569064,1,Solve_Succeeded,-0.045566443,-0.010303379,6.938893903907e-18
15.100000,0.512126673,-0.004768220,-0.648340667,0.029738569,-0.055297657,2.569064,1,Solve_Succeeded,-0.045566443,-0.010303379,6.938893903907e-18
15.110000,0.505637847,-0.004471194,-0.648801317,0.029707980,-0.048216558,2.674892,1,Solve_Succeeded,-0.039655335,-0.010506650,6.938893903907e-18
15.120000,0.499145055,-0.004175218,-0.649207487,0.029614126,-0.048216558,2.674892,1,Solve_Succeeded,-0.039655335,-0.010506650,6.938893903907e-18
15.130000,0.492648257,-0.003879465,-0.649609006,0.029581200,-0.041166372,3.043131,1,Solve_Succeeded,-0.033770132,-0.010707039,6.938893903907e-18
15.140000,0.486148081,-0.003584781,-0.649956282,0.029485293,-0.041166372,3.043131,1,Solve_Succeeded,-0.033770132,-0.010707039,6.938893903907e-18
15.150000,0.479644487,-0.003290343,-0.650298927,0.029450048,-0.034148131,2.947065,1,Solve_Succeeded,-0.027911695,-0.010904532,0.000000000000e+00
15.160000,0.473138102,-0.002996994,-0.650587575,0.029352114,-0.034148131,2.947065,1,Solve_Succeeded,-0.027911695,-0.010904532,0.000000000000e+00
15.170000,0.466628885,-0.002703915,-0.650871613,0.029314568,-0.027162853,3.322624,1,Solve_Succeeded,-0.022080873,-0.011099117,3.469446951954e-18
15.180000,0.460117459,-0.002411945,-0.651101908,0.029214635,-0.027162853,3.322624,1,Solve_Succeeded,-0.022080873,-0.011099117,3.469446951954e-18
15.190000,0.453603785,-0.002120267,-0.651327615,0.029174808,-0.020211548,2.491677,1,Solve_Succeeded,-0.016278509,-0.011290784,3.469446951954e-18
15.200000,0.447088482,-0.001829718,-0.651499840,0.029072904,-0.020211548,2.491677,1,Solve_Succeeded,-0.016278509,-0.011290784,3.469446951954e-18
15.210000,0.440571511,-0.001539484,-0.651667500,0.029030813,-0.013295214,3.321387,1,Solve_Succeeded,-0.010505435,-0.011479520,0.000000000000e+00
15.220000,0.434053490,-0.001250398,-0.651781947,0.028926965,-0.013295214,3.321387,1,Solve_Succeeded,-0.010505435,-0.011479520,0.000000000000e+00
15.230000,0.427534378,-0.000961650,-0.651891851,0.028882631,-0.006414838,2.534613,1,Solve_Succeeded,-0.004762473,-0.011665314,8.673617379884e-19
15.240000,0.421014789,-0.000674068,-0.651948820,0.028776867,-0.006414838,2.534613,1,Solve_Succeeded,-0.004762473,-0.011665314,8.673617379884e-19
15.250000,0.414494684,-0.000386847,-0.652001269,0.028730308,0.000428605,2.685584,1,Solve_Succeeded,0.000949563,-0.011848155,1.084202172486e-19
15.260000,0.407974673,-0.000100810,-0.652001067,0.028622656,0.000428605,2.685584,1,Solve_Succeeded,0.000949563,-0.011848155,1.084202172486e-19
15.270000,0.401454718,0.000184843,-0.651996370,0.028573892,0.007234150,2.505772,1,Solve_Succeeded,0.006629867,-0.012028033,8.673617379884e-19
15.280000,0.394935425,0.000469293,-0.651939314,0.028464381,0.007234150,2.505772,1,Solve_Succeeded,0.006629867,-0.012028033,8.673617379884e-19
15.290000,0.388416756,0.000753338,-0.651877787,0.028413432,0.014000842,2.436367,1,Solve_Succeeded,0.012277645,-0.012204936,5.421010862428e-20
15.300000,0.381899315,0.001036162,-0.651764200,0.028302089,0.014000842,2.436367,1,Solve_Succeeded,0.012277645,-0.012204936,5.421010862428e-20
15.310000,0.375383061,0.001318558,-0.651646169,0.028248974,0.020727740,2.453858,1,Solve_Succeeded,0.017892111,-0.012378855,3.469446951954e-18
15.320000,0.368868597,0.001599717,-0.651476383,0.028135828,0.020727740,2.453858,1,Solve_Succeeded,0.017892111,-0.012378855,3.469446951954e-18
15.330000,0.362355883,0.001880425,-0.651302179,0.028080569,0.027413912,3.089954,1,Solve_Succeeded,0.023472489,-0.012549779,3.469446951954e-18
15.340000,0.355845515,0.002159879,-0.651076534,0.027965648,0.027413912,3.089954,1,Solve_Succeeded,0.023472489,-0.012549779,3.469446951954e-18
15.350000,0.349337456,0.002438860,-0.650846498,0.027908264,0.034058440,2.519127,1,Solve_Succeeded,0.029018011,-0.012717699,0.000000000000e+00
15.360000,0.342832299,0.002716570,-0.650565341,0.027791597,0.034058440,2.519127,1,Solve_Succeeded,0.029018011,-0.012717699,0.000000000000e+00
15.370000,0.336330005,0.002993786,-0.650279820,0.027732109,0.040660415,2.949952,1,Solve_Succeeded,0.034527921,-0.012882605,4.336808689942e-19
15.380000,0.329831163,0.003269715,-0.649943506,0.027613725,0.040660415,2.949952,1,Solve_Succeeded,0.034527921,-0.012882605,4.336808689942e-19
15.390000,0.323335736,0.003545127,-0.649602857,0.027552153,0.047218940,2.910270,1,Solve_Succeeded,0.040001472,-0.013044488,6.938893903907e-18
15.400000,0.316844309,0.003819236,-0.649211748,0.027432081,0.047218940,2.910270,1,Solve_Succeeded,0.040001472,-0.013044488,6.938893903907e-18
15.410000,0.310356843,0.004092809,-0.648816333,0.027368447,0.053733131,2.584086,1,Solve_Succeeded,0.045437924,-0.013203340,6.938893903907e-18
15.420000,0.303873921,0.004365061,-0.648370800,0.027246715,0.053733131,2.584086,1,Solve_Succeeded,0.045437924,-0.013203340,6.938893903907e-18
15.430000,0.297395505,0.004636755,-0.647920988,0.027181041,0.060202116,2.715500,1,Solve_Succeeded,0.050836552,-0.013359151,6.938893903907e-18
15.440000,0.290922173,0.004907114,-0.647421408,0.027057678,0.060202116,2.715500,1,Solve_Succeeded,0.050836552,-0.013359151,6.938893903907e-18
15.450000,0.284453886,0.005176895,-0.646917579,0.026989985,0.066625032,2.412777,1,Solve_Succeeded,0.056196635,-0.013511913,1.387778780781e-17
15.460000,0.277991219,0.005445325,-0.646364335,0.026865021,0.066625032,2.412777,1,Solve_Succeeded,0.056196635,-0.013511913,1.387778780781e-17
15.470000,0.271534134,0.005713155,-0.645806872,0.026795330,0.073001031,2.892855,1,Solve_Succeeded,0.061517468,-0.013661619,1.387778780781e-17
15.480000,0.265083201,0.005979619,-0.645200356,0.026668793,0.073001031,2.892855,1,Solve_Succeeded,0.061517468,-0.013661619,1.387778780781e-17
15.490000,0.258638382,0.006245464,-0.644589652,0.026597127,0.079329275,2.664421,1,Solve_Succeeded,0.066798350,-0.013808260,0.000000000000e+00
15.500000,0.252200243,0.006509929,-0.643930262,0.026469048,0.079329275,2.664421,1,Solve_Succeeded,0.066798350,-0.013808260,0.000000000000e+00
15.510000,0.245768747,0.006773753,-0.643266716,0.026395427,0.085608940,2.543639,1,Solve_Succeeded,0.072038595,-0.013951829,1.387778780781e-17
15.520000,0.239344454,0.007036183,-0.642554858,0.026265835,0.085608940,2.543639,1,Solve_Succeeded,0.072038595,-0.013951829,1.387778780781e-17
15.530000,0.232927329,0.007297952,-0.641838876,0.026190283,0.091839211,2.430885,1,Solve_Succeeded,0.077237523,-0.014092318,8.673617379884e-19
15.540000,0.226517928,0.007558313,-0.641074961,0.026059207,0.091839211,2.430885,1,Solve_Succeeded,0.077237523,-0.014092318,8.673617379884e-19
15.550000,0.220116213,0.007817994,-0.640306954,0.025981746,0.098019289,2.426980,1,Solve_Succeeded,0.082394469,-0.014229722,0.000000000000e+00
15.560000,0.213722739,0.008076252,-0.639491402,0.025849216,0.098019289,2.426980,1,Solve_Succeeded,0.082394469,-0.014229722,0.000000000000e+00
15.570000,0.207337467,0.008333811,-0.638671791,0.025769869,0.104148383,2.857408,1,Solve_Succeeded,0.087508773,-0.014364032,1.387778780781e-17
15.580000,0.200960946,0.008589933,-0.637805027,0.025635914,0.104148383,2.857408,1,Solve_Succeeded,0.087508773,-0.014364032,1.387778780781e-17
15.590000,0.194593141,0.008845337,-0.636934236,0.025554704,0.110225719,2.706928,1,Solve_Succeeded,0.092579788,-0.014495244,1.387778780781e-17
15.600000,0.188234593,0.009099292,-0.636016692,0.025419354,0.110225719,2.706928,1,Solve_Succeeded,0.092579788,-0.014495244,1.387778780781e-17
15.610000,0.181885268,0.009352508,-0.635095155,0.025336304,0.116250530,2.926560,1,Solve_Succeeded,0.097606878,-0.014623350,8.673617379884e-19
15.620000,0.175545703,0.009604263,-0.634127268,0.025199589,0.116250530,2.926560,1,Solve_Succeeded,0.097606878,-0.014623350,8.673617379884e-19
15.630000,0.169215864,0.009855260,-0.633155423,0.025114722,0.122222068,2.786327,1,Solve_Succeeded,0.102589415,-0.014748346,1.387778780781e-17
15.640000,0.162896284,0.010104784,-0.632137639,0.024976672,0.122222068,2.786327,1,Solve_Succeeded,0.102589415,-0.014748346,1.387778780781e-17
15.650000,0.156586927,0.010353531,-0.631115931,0.024890012,0.128139591,2.707078,1,Solve_Succeeded,0.107526785,-0.014870227,0.000000000000e+00
15.660000,0.150288324,0.010600791,-0.630048700,0.024750656,0.128139591,2.707078,1,Solve_Succeeded,0.107526785,-0.014870227,0.000000000000e+00
15.670000,0.144000438,0.010847258,-0.628977581,0.024662226,0.134002374,2.722144,1,Solve_Succeeded,0.112418380,-0.014988987,0.000000000000e+00
15.680000,0.137723794,0.011092225,-0.627861359,0.024521596,0.134002374,2.722144,1,Solve_Succeeded,0.112418380,-0.014988987,0.000000000000e+00
15.690000,0.131458358,0.011336380,-0.626741285,0.024431420,0.139809703,2.841424,1,Solve_Succeeded,0.117263607,-0.015104622,2.775557561563e-17
15.700000,0.125204648,0.011579026,-0.625576536,0.024289545,0.139809703,2.841424,1,Solve_Succeeded,0.117263607,-0.015104622,2.775557561563e-17
15.710000,0.118962630,0.011820840,-0.624407971,0.024197647,0.145560877,2.628303,1,Solve_Succeeded,0.122061880,-0.015217127,2.775557561563e-17
15.720000,0.112732819,0.012061133,-0.623195163,0.024054558,0.145560877,2.628303,1,Solve_Succeeded,0.122061880,-0.015217127,2.775557561563e-17
15.730000,0.106515180,0.012300577,-0.621978576,0.023960962,0.151255207,2.473491,1,Solve_Succeeded,0.126812626,-0.015326499,1.734723475977e-18
15.740000,0.100310223,0.012538490,-0.620718183,0.023816688,0.151255207,2.473491,1,Solve_Succeeded,0.126812626,-0.015326499,1.734723475977e-18
15.750000,0.094117913,0.012775536,-0.619454049,0.023721418,0.156892017,2.825699,1,Solve_Succeeded,0.131515281,-0.015432733,8.673617379884e-19
15.760000,0.087938755,0.013011039,-0.618146551,0.023575990,0.156892017,2.825699,1,Solve_Succeeded,0.131515281,-0.015432733,8.673617379884e-19
15.770000,0.081772715,0.013245659,-0.616835350,0.023479071,0.162470645,2.436017,1,Solve_Succeeded,0.136169293,-0.015535828,8.673617379884e-19
15.780000,0.075620293,0.013478725,-0.615481233,0.023332520,0.162470645,2.436017,1,Solve_Succeeded,0.136169293,-0.015535828,8.673617379884e-19
15.790000,0.069481454,0.013710891,-0.614123451,0.023233977,0.167990441,2.535496,1,Solve_Succeeded,0.140774120,-0.015635779,2.775557561563e-17
15.800000,0.063356693,0.013941494,-0.612723206,0.023086332,0.167990441,2.535496,1,Solve_Succeeded,0.140774120,-0.015635779,2.775557561563e-17
15.810000,0.057245977,0.014171179,-0.611319334,0.022986189,0.173450769,2.487283,1,Solve_Succeeded,0.145329232,-0.015732585,5.551115123126e-17
15.820000,0.051149794,0.014399291,-0.609873457,0.022837482,0.173450769,2.487283,1,Solve_Succeeded,0.145329232,-0.015732585,5.551115123126e-17
15.830000,0.045068112,0.014626470,-0.608423993,0.022735764,0.178851003,2.723382,1,Solve_Succeeded,0.149834108,-0.015826243,0.000000000000e+00
15.840000,0.039001413,0.014852066,-0.606932985,0.022586024,0.178851003,2.723382,1,Solve_Succeeded,0.149834108,-0.015826243,0.000000000000e+00
15.850000,0.032949667,0.015076711,-0.605438430,0.022482758,0.184190535,3.182121,1,Solve_Succeeded,0.154288241,-0.015916752,1.734723475977e-18
15.860000,0.026913348,0.015299765,-0.603902799,0.022332016,0.184190535,3.182121,1,Solve_Succeeded,0.154288241,-0.015916752,1.734723475977e-18
15.870000,0.020892428,0.015521852,-0.602363660,0.022227225,0.189468766,3.483894,1,Solve_Succeeded,0.158691131,-0.016004110,2.775557561563e-17
15.880000,0.014887377,0.015742340,-0.600783916,0.022075512,0.189468766,3.483894,1,Solve_Succeeded,0.158691131,-0.016004110,2.775557561563e-17
15.890000,0.008898163,0.015961844,-0.599200705,0.021969223,0.194685111,3.315683,1,Solve_Succeeded,0.163042291,-0.016088317,5.551115123126e-17
15.900000,0.002925255,0.016179741,-0.597577366,0.021816569,0.194685111,3.315683,1,Solve_Succeeded,0.163042291,-0.016088317,5.551115123126e-17
15.910000,-0.003031381,0.016396639,-0.595950600,0.021708807,0.199839001,2.760330,1,Solve_Succeeded,0.167341247,-0.016169372,0.000000000000e+00
15.920000,-0.008971282,0.016611920,-0.594284187,0.021555243,0.199839001,2.760330,1,Solve_Succeeded,0.167341247,-0.016169372,0.000000000000e+00
15.930000,-0.014894479,0.016826188,-0.592614387,0.021446033,0.204929876,2.779229,1,Solve_Succeeded,0.171587532,-0.016247275,5.551115123126e-17
15.940000,-0.020800517,0.017038831,-0.590905425,0.021291590,0.204929876,2.779229,1,Solve_Succeeded,0.171587532,-0.016247275,5.551115123126e-17
15.950000,-0.026689427,0.017250445,-0.589193119,0.021180959,0.209957193,2.499365,1,Solve_Succeeded,0.175780694,-0.016322025,1.734723475977e-18
15.960000,-0.032560758,0.017460428,-0.587442139,0.021025667,0.209957193,2.499365,1,Solve_Succeeded,0.175780694,-0.016322025,1.734723475977e-18
15.970000,-0.038414541,0.017669367,-0.585687856,0.020913640,0.214920420,3.403041,1,Solve_Succeeded,0.179920290,-0.016393625,2.775557561563e-17
15.980000,-0.044250332,0.017876667,-0.583895393,0.020757531,0.214920420,3.403041,1,Solve_Succeeded,0.179920290,-0.016393625,2.775557561563e-17
15.990000,-0.050068160,0.018082908,-0.582099670,0.020644134,0.219819039,2.606842,1,Solve_Succeeded,0.184005887,-0.016462075,2.775557561563e-17
16.000000,-0.055867587,0.018287503,-0.580266263,0.020487237,0.219819039,2.606842,1,Solve_Succeeded,0.184005887,-0.016462075,2.775557561563e-17
16.010000,-0.061648642,0.018491026,-0.578429638,0.020372498,0.224652548,3.554677,1,Solve_Succeeded,0.188037068,-0.016527377,2.775557561563e-17
16.020000,-0.067410894,0.018692896,-0.576555831,0.020214845,0.224652548,3.554677,1,Solve_Succeeded,0.188037068,-0.016527377,2.775557561563e-17
16.030000,-0.073154370,0.018893679,-0.574678849,0.020098788,0.229420453,2.559611,1,Solve_Succeeded,0.192013421,-0.016589532,2.775557561563e-17
16.040000,-0.078878645,0.019092804,-0.572765189,0.019940409,0.229420453,2.559611,1,Solve_Succeeded,0.192013421,-0.016589532,2.775557561563e-17
16.050000,-0.084583746,0.019290827,-0.570848397,0.019823063,0.234122279,3.192101,1,Solve_Succeeded,0.195934551,-0.016648544,2.775557561563e-17
16.060000,-0.090269254,0.019487186,-0.568895437,0.019663988,0.234122279,3.192101,1,Solve_Succeeded,0.195934551,-0.016648544,2.775557561563e-17
16.070000,-0.095935196,0.019682431,-0.566939387,0.019545378,0.238757562,3.115909,1,Solve_Succeeded,0.199800070,-0.016704415,1.734723475977e-18
16.080000,-0.101581158,0.019876005,-0.564947681,0.019385639,0.238757562,3.115909,1,Solve_Succeeded,0.199800070,-0.016704415,1.734723475977e-18
16.090000,-0.107207167,0.020068452,-0.562952930,0.019265792,0.243325851,2.717402,1,Solve_Succeeded,0.203609604,-0.016757148,2.775557561563e-17
16.100000,-0.112812816,0.020259223,-0.560923037,0.019105419,0.243325851,2.717402,1,Solve_Succeeded,0.203609604,-0.016757148,2.775557561563e-17
16.110000,-0.118398129,0.020448853,-0.558890144,0.018984362,0.247826711,2.499020,1,Solve_Succeeded,0.207362789,-0.016806748,2.775557561563e-17
16.120000,-0.123962707,0.020636803,-0.556822628,0.018823386,0.247826711,2.499020,1,Solve_Succeeded,0.207362789,-0.016806748,2.775557561563e-17
16.130000,-0.129506575,0.020823598,-0.554752155,0.018701145,0.252259717,2.689998,1,Solve_Succeeded,0.211059273,-0.016853218,0.000000000000e+00
16.140000,-0.135029337,0.021008709,-0.552647582,0.018539597,0.252259717,2.689998,1,Solve_Succeeded,0.211059273,-0.016853218,0.000000000000e+00
16.150000,-0.140531019,0.021192654,-0.550540097,0.018416200,0.256624462,2.453955,1,Solve_Succeeded,0.214698716,-0.016896564,5.551115123126e-17
16.160000,-0.146011231,0.021374909,-0.548399037,0.018254110,0.256624462,2.453955,1,Solve_Succeeded,0.214698716,-0.016896564,5.551115123126e-17
16.170000,-0.151469998,0.021555985,-0.546255109,0.018129584,0.260920550,2.650859,1,Solve_Succeeded,0.218280788,-0.016936790,0.000000000000e+00
16.180000,-0.156906938,0.021735368,-0.544078135,0.017966982,0.260920550,2.650859,1,Solve_Succeeded,0.218280788,-0.016936790,0.000000000000e+00
16.190000,-0.162322075,0.021913559,-0.541898339,0.017841355,0.265147598,2.671620,1,Solve_Succeeded,0.221805172,-0.016973903,1.734723475977e-18
16.200000,-0.167715031,0.022090054,-0.539686027,0.017678272,0.265147598,2.671620,1,Solve_Succeeded,0.221805172,-0.016973903,1.734723475977e-18
16.210000,-0.173085831,0.022265346,-0.537470938,0.017551570,0.269305240,2.679640,1,Solve_Succeeded,0.225271561,-0.017007908,1.734723475977e-18
16.220000,-0.178434105,0.022438938,-0.535223869,0.017388037,0.269305240,2.679640,1,Solve_Succeeded,0.225271561,-0.017007908,1.734723475977e-18
16.230000,-0.183759875,0.022611316,-0.532974067,0.017260288,0.273393120,2.525346,1,Solve_Succeeded,0.228679660,-0.017038813,3.469446951954e-18
16.240000,-0.189062778,0.022781990,-0.530692822,0.017096336,0.273393120,2.525346,1,Solve_Succeeded,0.228679660,-0.017038813,3.469446951954e-18
16.250000,-0.194342836,0.022951438,-0.528408891,0.016967566,0.277410899,2.483191,1,Solve_Succeeded,0.232029186,-0.017066623,5.551115123126e-17
16.260000,-0.199599692,0.023119180,-0.526094055,0.016803224,0.277410899,2.483191,1,Solve_Succeeded,0.232029186,-0.017066623,5.551115123126e-17
16.270000,-0.204833368,0.023285686,-0.523776579,0.016673463,0.281358249,2.593528,1,Solve_Succeeded,0.235319867,-0.017091348,1.734723475977e-18
16.280000,-0.210043512,0.023450483,-0.521428741,0.016508762,0.281358249,2.593528,1,Solve_Succeeded,0.235319867,-0.017091348,1.734723475977e-18
16.290000,-0.215230147,0.023614033,-0.519078309,0.016378036,0.285234858,2.506161,1,Solve_Succeeded,0.238551443,-0.017112995,5.551115123126e-17
16.300000,-0.220392927,0.023775871,-0.516698059,0.016213006,0.285234858,2.506161,1,Solve_Succeeded,0.238551443,-0.017112995,5.551115123126e-17
16.310000,-0.225531875,0.023936453,-0.514315262,0.016081343,0.289040427,2.877776,1,Solve_Succeeded,0.241723665,-0.017131573,1.734723475977e-18
16.320000,-0.230646650,0.024095321,-0.511903193,0.015916015,0.289040427,2.877776,1,Solve_Succeeded,0.241723665,-0.017131573,1.734723475977e-18
16.330000,-0.235737276,0.024252921,-0.509488624,0.015783442,0.292774670,2.998675,1,Solve_Succeeded,0.244836296,-0.017147091,1.734723475977e-18
16.340000,-0.240803417,0.024408808,-0.507045332,0.015617846,0.292774670,2.998675,1,Solve_Succeeded,0.244836296,-0.017147091,1.734723475977e-18
16.350000,-0.245845097,0.024563416,-0.504599586,0.015484392,0.296437316,2.665102,1,Solve_Succeeded,0.247889110,-0.017159558,5.551115123126e-17
16.360000,-0.250861988,0.024716309,-0.502125669,0.015318557,0.296437316,2.665102,1,Solve_Succeeded,0.247889110,-0.017159558,5.551115123126e-17
16.370000,-0.255854111,0.024867914,-0.499649345,0.015184249,0.300028107,2.552353,1,Solve_Succeeded,0.250881893,-0.017168986,5.551115123126e-17
16.380000,-0.260821147,0.025017804,-0.497145402,0.015018206,0.300028107,2.552353,1,Solve_Succeeded,0.250881893,-0.017168986,5.551115123126e-17
16.390000,-0.265763115,0.025166396,-0.494639100,0.014883072,0.303546799,2.567820,1,Solve_Succeeded,0.253814442,-0.017175383,5.551115123126e-17
16.400000,-0.270679702,0.025313271,-0.492105734,0.014716850,0.303546799,2.567820,1,Solve_Succeeded,0.253814442,-0.017175383,5.551115123126e-17
16.410000,-0.275570927,0.025458840,-0.489570056,0.014580918,0.306993162,2.530967,1,Solve_Succeeded,0.256686566,-0.017178763,5.551115123126e-17
16.420000,-0.280436485,0.025602692,-0.487007870,0.014414548,0.306993162,2.530967,1,Solve_Succeeded,0.256686566,-0.017178763,5.551115123126e-17
16.430000,-0.285276393,0.025745229,-0.484443420,0.014277846,0.310366981,2.721296,1,Solve_Succeeded,0.259498085,-0.017179136,0.000000000000e+00
16.440000,-0.290090352,0.025886049,-0.481853021,0.014111357,0.310366981,2.721296,1,Solve_Succeeded,0.259498085,-0.017179136,0.000000000000e+00
16.450000,-0.294878381,0.026025546,-0.479260405,0.013973912,0.313668051,2.510732,1,Solve_Succeeded,0.262248831,-0.017176514,5.551115123126e-17
16.460000,-0.299640185,0.026163325,-0.476642399,0.013807334,0.313668051,2.510732,1,Solve_Succeeded,0.262248831,-0.017176514,5.551115123126e-17
16.470000,-0.304375783,0.026299773,-0.474022225,0.013669175,0.316896185,3.459189,1,Solve_Succeeded,0.264938649,-0.017170911,5.551115123126e-17
16.480000,-0.309084888,0.026434504,-0.471377222,0.013502537,0.316896185,3.459189,1,Solve_Succeeded,0.264938649,-0.017170911,5.551115123126e-17
16.490000,-0.313767518,0.026567896,-0.468730098,0.013363691,0.320051208,2.469725,1,Solve_Succeeded,0.267567391,-0.017162340,5.551115123126e-17
16.500000,-0.318423390,0.026699572,-0.466058709,0.013197024,0.320051208,2.469725,1,Solve_Succeeded,0.267567391,-0.017162340,5.551115123126e-17
16.510000,-0.323052525,0.026829901,-0.463385246,0.013057519,0.323132957,3.127106,1,Solve_Succeeded,0.270134925,-0.017150814,0.000000000000e+00
16.520000,-0.327654646,0.026958516,-0.460688082,0.012890851,0.323132957,3.127106,1,Solve_Succeeded,0.270134925,-0.017150814,0.000000000000e+00
16.530000,-0.332229772,0.027085776,-0.457988893,0.012750715,0.326141287,2.563874,1,Solve_Succeeded,0.272641129,-0.017136347,5.551115123126e-17
16.540000,-0.336777633,0.027211322,-0.455266567,0.012584075,0.326141287,2.563874,1,Solve_Succeeded,0.272641129,-0.017136347,5.551115123126e-17
16.550000,-0.341298248,0.027335507,-0.452542264,0.012443337,0.329076062,2.639244,1,Solve_Succeeded,0.275085891,-0.017118956,5.551115123126e-17
16.560000,-0.345791355,0.027457981,-0.449795391,0.012276754,0.329076062,2.639244,1,Solve_Succeeded,0.275085891,-0.017118956,5.551115123126e-17
16.570000,-0.350256970,0.027579086,-0.447046589,0.012135442,0.331937163,2.493276,1,Solve_Succeeded,0.277469113,-0.017098653,5.551115123126e-17
16.580000,-0.354694838,0.027698481,-0.444275783,0.011968945,0.331937163,2.493276,1,Solve_Succeeded,0.277469113,-0.017098653,5.551115123126e-17
16.590000,-0.359104976,0.027816502,-0.441503097,0.011827086,0.334724482,2.701343,1,Solve_Succeeded,0.279790705,-0.017075457,0.000000000000e+00
16.600000,-0.363487135,0.027932815,-0.438708975,0.011660704,0.334724482,2.701343,1,Solve_Succeeded,0.279790705,-0.017075457,0.000000000000e+00
16.610000,-0.367841331,0.028047747,-0.435913022,0.011518326,0.337437927,2.793501,1,Solve_Succeeded,0.282050593,-0.017049383,5.551115123126e-17
16.620000,-0.372167322,0.028160975,-0.433096201,0.011352088,0.337437927,2.793501,1,Solve_Succeeded,0.282050593,-0.017049383,5.551115123126e-17
16.630000,-0.376465124,0.028272815,-0.430277597,0.011209218,0.340077419,2.786733,1,Solve_Succeeded,0.284248709,-0.017020447,3.469446951954e-18
16.640000,-0.380734501,0.028382953,-0.427438694,0.011043153,0.340077419,2.786733,1,Solve_Succeeded,0.284248709,-0.017020447,3.469446951954e-18
16.650000,-0.384975469,0.028491699,-0.424598057,0.010899820,0.342642891,3.381629,1,Solve_Succeeded,0.286385000,-0.016988668,0.000000000000e+00
16.660000,-0.389187798,0.028598746,-0.421737691,0.010733955,0.342642891,3.381629,1,Solve_Succeeded,0.286385000,-0.016988668,0.000000000000e+00
16.670000,-0.393371504,0.028704394,-0.418875640,0.010590186,0.345134291,2.459297,1,Solve_Succeeded,0.288459424,-0.016954063,0.000000000000e+00
16.680000,-0.397526364,0.028808347,-0.415994429,0.010424550,0.345134291,2.459297,1,Solve_Succeeded,0.288459424,-0.016954063,0.000000000000e+00
16.690000,-0.401652392,0.028910896,-0.413111581,0.010280374,0.347551580,2.456791,1,Solve_Succeeded,0.290471948,-0.016916650,5.551115123126e-17
16.700000,-0.405749374,0.029011754,-0.410210144,0.010114995,0.347551580,2.456791,1,Solve_Succeeded,0.290471948,-0.016916650,5.551115123126e-17
16.710000,-0.409817322,0.029111204,-0.407307119,0.009970439,0.349894732,2.522278,1,Solve_Succeeded,0.292422553,-0.016876450,5.551115123126e-17
16.720000,-0.413856028,0.029208966,-0.404386076,0.009805344,0.349894732,2.522278,1,Solve_Succeeded,0.292422553,-0.016876450,5.551115123126e-17
16.730000,-0.417865505,0.029305314,-0.401463493,0.009660435,0.352163735,2.649862,1,Solve_Succeeded,0.294311229,-0.016833480,5.551115123126e-17
16.740000,-0.421845551,0.029399980,-0.398523462,0.009495653,0.352163735,2.649862,1,Solve_Succeeded,0.294311229,-0.016833480,5.551115123126e-17
16.750000,-0.425796180,0.029493228,-0.395581940,0.009350420,0.354358590,2.408081,1,Solve_Succeeded,0.296137977,-0.016787760,5.551115123126e-17
16.760000,-0.429717195,0.029584798,-0.392623541,0.009185977,0.354358590,2.408081,1,Solve_Succeeded,0.296137977,-0.016787760,5.551115123126e-17
16.770000,-0.433608608,0.029674945,-0.389663700,0.009040447,0.356479311,2.529757,1,Solve_Succeeded,0.297902811,-0.016739313,0.000000000000e+00
16.780000,-0.437470232,0.029763419,-0.386687552,0.008876372,0.356479311,2.529757,1,Solve_Succeeded,0.297902811,-0.016739313,0.000000000000e+00
16.790000,-0.441302078,0.029850468,-0.383710011,0.008730571,0.358525926,2.541294,1,Solve_Succeeded,0.299605755,-0.016688157,0.000000000000e+00
16.800000,-0.445103963,0.029935848,-0.380716732,0.008566890,0.358525926,2.541294,1,Solve_Succeeded,0.299605755,-0.016688157,0.000000000000e+00
16.810000,-0.448875899,0.030019799,-0.377722110,0.008420848,0.360498475,2.678642,1,Solve_Succeeded,0.301246843,-0.016634315,5.551115123126e-17
16.820000,-0.452617711,0.030102086,-0.374712320,0.008257588,0.360498475,2.678642,1,Solve_Succeeded,0.301246843,-0.016634315,5.551115123126e-17
16.830000,-0.456329410,0.030182942,-0.371701235,0.008111330,0.362397011,2.625766,1,Solve_Succeeded,0.302826121,-0.016577808,0.000000000000e+00
16.840000,-0.460010826,0.030262139,-0.368675552,0.007948518,0.362397011,2.625766,1,Solve_Succeeded,0.302826121,-0.016577808,0.000000000000e+00
16.850000,-0.463661970,0.030339902,-0.365648622,0.007802073,0.364221601,2.951528,1,Solve_Succeeded,0.304343646,-0.016518660,0.000000000000e+00
16.860000,-0.467282680,0.030416013,-0.362607663,0.007639736,0.364221601,2.951528,1,Solve_Succeeded,0.304343646,-0.016518660,0.000000000000e+00
16.870000,-0.470872967,0.030490685,-0.359565506,0.007493129,0.365972325,2.724064,1,Solve_Succeeded,0.305799485,-0.016456892,3.469446951954e-18
16.880000,-0.474432674,0.030563713,-0.356509889,0.007331293,0.365972325,2.724064,1,Solve_Succeeded,0.305799485,-0.016456892,3.469446951954e-18
16.890000,-0.477961811,0.030635299,-0.353453122,0.007184553,0.367649275,2.621183,1,Solve_Succeeded,0.307193717,-0.016392528,5.551115123126e-17
16.900000,-0.481460228,0.030705247,-0.350383462,0.007023244,0.367649275,2.621183,1,Solve_Succeeded,0.307193717,-0.016392528,5.551115123126e-17
16.910000,-0.484927936,0.030773752,-0.347312701,0.006876397,0.369252556,2.522628,1,Solve_Succeeded,0.308526429,-0.016325591,5.551115123126e-17
16.920000,-0.488364792,0.030840624,-0.344229614,0.006715640,0.369252556,2.522628,1,Solve_Succeeded,0.308526429,-0.016325591,5.551115123126e-17
16.930000,-0.491770804,0.030906052,-0.341145474,0.006568714,0.370782285,2.619633,1,Solve_Succeeded,0.309797722,-0.016256107,5.551115123126e-17
16.940000,-0.495145836,0.030969855,-0.338049575,0.006408536,0.370782285,2.619633,1,Solve_Succeeded,0.309797722,-0.016256107,5.551115123126e-17
16.950000,-0.498489898,0.031032211,-0.334952670,0.006261556,0.372238594,2.526928,1,Solve_Succeeded,0.311007704,-0.016184100,3.469446951954e-18
16.960000,-0.501802858,0.031092949,-0.331844571,0.006101982,0.372238594,2.526928,1,Solve_Succeeded,0.311007704,-0.016184100,3.469446951954e-18
16.970000,-0.505084727,0.031152240,-0.328735515,0.005954975,0.373621625,2.493165,1,Solve_Succeeded,0.312156498,-0.016109594,0.000000000000e+00
16.980000,-0.508335380,0.031209920,-0.325615829,0.005796031,0.373621625,2.493165,1,Solve_Succeeded,0.312156498,-0.016109594,0.000000000000e+00
16.990000,-0.511554825,0.031266150,-0.322495234,0.005649024,0.374931533,2.511640,1,Solve_Succeeded,0.313244233,-0.016032616,5.551115123126e-17
17.000000,-0.514742946,0.031320778,-0.319364571,0.005490733,0.374931533,2.511640,1,Solve_Succeeded,0.313244233,-0.016032616,5.551115123126e-17
17.010000,-0.517899751,0.031373957,-0.316233047,0.005343753,0.376168486,2.949043,1,Solve_Succeeded,0.314271050,-0.015953191,0.000000000000e+00
17.020000,-0.521025128,0.031425540,-0.313092017,0.005186141,0.376168486,2.949043,1,Solve_Succeeded,0.314271050,-0.015953191,0.000000000000e+00
17.030000,-0.524119085,0.031475673,-0.309950174,0.005039213,0.377332664,2.694616,1,Solve_Succeeded,0.315237101,-0.015871346,5.551115123126e-17
17.040000,-0.527181519,0.031524219,-0.306799385,0.004882305,0.377332664,2.694616,1,Solve_Succeeded,0.315237101,-0.015871346,5.551115123126e-17
17.050000,-0.530212436,0.031571314,-0.303647831,0.004735455,0.378424259,2.594195,1,Solve_Succeeded,0.316142547,-0.015787107,1.110223024625e-16
17.060000,-0.533211738,0.031616831,-0.300487888,0.004579275,0.378424259,2.594195,1,Solve_Succeeded,0.316142547,-0.015787107,1.110223024625e-16
17.070000,-0.536179433,0.031660898,-0.297327229,0.004432528,0.379443476,2.825539,1,Solve_Succeeded,0.316987560,-0.015700503,5.551115123126e-17
17.080000,-0.539115429,0.031703394,-0.294158737,0.004277100,0.379443476,2.825539,1,Solve_Succeeded,0.316987560,-0.015700503,5.551115123126e-17
17.090000,-0.542019732,0.031744440,-0.290989577,0.004130484,0.380390531,2.545788,1,Solve_Succeeded,0.317772321,-0.015611560,0.000000000000e+00
17.100000,-0.544892258,0.031783926,-0.287813141,0.003975831,0.380390531,2.545788,1,Solve_Succeeded,0.317772321,-0.015611560,0.000000000000e+00
17.110000,-0.547733012,0.031821961,-0.284636082,0.003829371,0.381265652,2.969132,1,Solve_Succeeded,0.318497022,-0.015520306,0.000000000000e+00
17.120000,-0.550541917,0.031858445,-0.281452301,0.003675517,0.381265652,2.969132,1,Solve_Succeeded,0.318497022,-0.015520306,0.000000000000e+00
17.130000,-0.553318977,0.031893479,-0.278267945,0.003529238,0.382069078,2.569958,1,Solve_Succeeded,0.319161865,-0.015426771,0.000000000000e+00
17.140000,-0.556064120,0.031926971,-0.275077418,0.003376206,0.382069078,2.569958,1,Solve_Succeeded,0.319161865,-0.015426771,0.000000000000e+00
17.150000,-0.558777353,0.031959015,-0.271886364,0.003230133,0.382801062,2.562746,1,Solve_Succeeded,0.319767060,-0.015330982,0.000000000000e+00
17.160000,-0.561458608,0.031989525,-0.268689687,0.003077946,0.382801062,2.562746,1,Solve_Succeeded,0.319767060,-0.015330982,0.000000000000e+00
17.170000,-0.564107892,0.032018589,-0.265492531,0.002932104,0.383461867,3.855365,1,Solve_Succeeded,0.320312828,-0.015232970,1.110223024625e-16
17.180000,-0.566725144,0.032046130,-0.262290301,0.002780786,0.383461867,3.855365,1,Solve_Succeeded,0.320312828,-0.015232970,1.110223024625e-16
17.190000,-0.569310368,0.032072225,-0.259087637,0.002635200,0.384051767,2.615887,1,Solve_Succeeded,0.320799399,-0.015132763,5.551115123126e-17
17.200000,-0.571863513,0.032096807,-0.255880445,0.002484772,0.384051767,2.615887,1,Solve_Succeeded,0.320799399,-0.015132763,5.551115123126e-17
17.210000,-0.574384581,0.032119946,-0.252672865,0.002339467,0.384571048,2.959321,1,Solve_Succeeded,0.321227014,-0.015030391,5.551115123126e-17
17.220000,-0.576873527,0.032141581,-0.249461301,0.002189951,0.384571048,2.959321,1,Solve_Succeeded,0.321227014,-0.015030391,5.551115123126e-17
17.230000,-0.579330353,0.032161775,-0.246249396,0.002044952,0.385020007,2.677503,1,Solve_Succeeded,0.321595921,-0.014925885,3.469446951954e-18
17.240000,-0.581755019,0.032180476,-0.243034047,0.001896370,0.385020007,2.677503,1,Solve_Succeeded,0.321595921,-0.014925885,3.469446951954e-18
17.250000,-0.584147528,0.032197738,-0.239818404,0.001751702,0.385398954,2.457012,1,Solve_Succeeded,0.321906379,-0.014819275,5.551115123126e-17
17.260000,-0.586507847,0.032213518,-0.236599856,0.001604075,0.385398954,2.457012,1,Solve_Succeeded,0.321906379,-0.014819275,5.551115123126e-17
17.270000,-0.588835977,0.032227861,-0.233381059,0.001459761,0.385708206,2.497545,1,Solve_Succeeded,0.322158656,-0.014710592,5.551115123126e-17
17.280000,-0.591131892,0.032240734,-0.230159893,0.001313111,0.385708206,2.497545,1,Solve_Succeeded,0.322158656,-0.014710592,5.551115123126e-17
17.290000,-0.593395592,0.032252171,-0.226938525,0.001169175,0.385948095,2.656690,1,Solve_Succeeded,0.322353028,-0.014599867,1.110223024625e-16
17.300000,-0.595627058,0.032262149,-0.223715321,0.001023523,0.385948095,2.656690,1,Solve_Succeeded,0.322353028,-0.014599867,1.110223024625e-16
17.310000,-0.597826289,0.032270696,-0.220491960,0.000879989,0.386118961,4.771045,1,Solve_Succeeded,0.322489781,-0.014487131,5.551115123126e-17
17.320000,-0.599993271,0.032277794,-0.217267295,0.000735355,0.386118961,4.771045,1,Solve_Succeeded,0.322489781,-0.014487131,5.551115123126e-17
17.330000,-0.602128006,0.032283464,-0.214042519,0.000592247,0.386221156,2.931178,1,Solve_Succeeded,0.322569210,-0.014372417,0.000000000000e+00
17.340000,-0.604230483,0.032287697,-0.210816966,0.000448652,0.386221156,2.931178,1,Solve_Succeeded,0.322569210,-0.014372417,0.000000000000e+00
17.350000,-0.606300704,0.032290506,-0.207591347,0.000305992,0.386255042,2.611925,1,Solve_Succeeded,0.322591618,-0.014255757,5.551115123126e-17
17.360000,-0.608338667,0.032291889,-0.204365478,0.000163457,0.386255042,2.611925,1,Solve_Succeeded,0.322591618,-0.014255757,5.551115123126e-17
17.370000,-0.610344370,0.032291850,-0.201139587,0.000021269,0.386220992,2.687307,1,Solve_Succeeded,0.322557317,-0.014137182,5.551115123126e-17
17.380000,-0.612317817,0.032290399,-0.197913969,-0.000120188,0.386220992,2.687307,1,Solve_Succeeded,0.322557317,-0.014137182,5.551115123126e-17
17.390000,-0.614259009,0.032287530,-0.194688373,-0.000261880,0.386119388,2.874302,1,Solve_Succeeded,0.322466628,-0.014016725,1.110223024625e-16
17.400000,-0.616167953,0.032283260,-0.191463570,-0.000402239,0.386119388,2.874302,1,Solve_Succeeded,0.322466628,-0.014016725,1.110223024625e-16
17.410000,-0.618044651,0.032277577,-0.188238834,-0.000543414,0.385950624,2.538199,1,Solve_Succeeded,0.322319880,-0.013894419,5.551115123126e-17
17.420000,-0.619889117,0.032270504,-0.185015407,-0.000682656,0.385950624,2.538199,1,Solve_Succeeded,0.322319880,-0.013894419,5.551115123126e-17
17.430000,-0.621701349,0.032262023,-0.181792092,-0.000823291,0.385715103,2.687893,1,Solve_Succeeded,0.322117410,-0.013770297,3.469446951954e-18
17.440000,-0.623481371,0.032252166,-0.178570599,-0.000961396,0.385715103,2.687893,1,Solve_Succeeded,0.322117410,-0.013770297,3.469446951954e-18
17.450000,-0.625229178,0.032240904,-0.175349262,-0.001101468,0.385413236,2.739780,1,Solve_Succeeded,0.321859564,-0.013644393,0.000000000000e+00
17.460000,-0.626944800,0.032228278,-0.172130257,-0.001238419,0.385413236,2.739780,1,Solve_Succeeded,0.321859564,-0.013644393,0.000000000000e+00
17.470000,-0.628628235,0.032214253,-0.168911452,-0.001377907,0.385045447,2.505353,1,Solve_Succeeded,0.321546695,-0.013516739,5.551115123126e-17
17.480000,-0.630279514,0.032198876,-0.165695486,-0.001513686,0.385045447,2.505353,1,Solve_Succeeded,0.321546695,-0.013516739,5.551115123126e-17
17.490000,-0.631898637,0.032182105,-0.162479764,-0.001652567,0.384612168,2.505051,1,Solve_Succeeded,0.321179166,-0.013387370,5.551115123126e-17
17.500000,-0.633485642,0.032163996,-0.159267385,-0.001787155,0.384612168,2.505051,1,Solve_Succeeded,0.321179166,-0.013387370,5.551115123126e-17
17.510000,-0.635040527,0.032144498,-0.156055291,-0.001925409,0.384113840,2.567000,1,Solve_Succeeded,0.320757346,-0.013256319,5.551115123126e-17
17.520000,-0.636563335,0.032123675,-0.152847042,-0.002058788,0.384113840,2.567000,1,Solve_Succeeded,0.320757346,-0.013256319,5.551115123126e-17
17.530000,-0.638054066,0.032101468,-0.149639122,-0.002196393,0.383550914,2.528895,1,Solve_Succeeded,0.320281612,-0.013123620,5.551115123126e-17
17.540000,-0.639512768,0.032077950,-0.146435542,-0.002328548,0.383550914,2.528895,1,Solve_Succeeded,0.320281612,-0.013123620,5.551115123126e-17
17.550000,-0.640939438,0.032053053,-0.143232334,-0.002465482,0.382923850,2.430451,1,Solve_Succeeded,0.319752350,-0.012989307,0.000000000000e+00
17.560000,-0.642334134,0.032026858,-0.140033960,-0.002596394,0.382923850,2.430451,1,Solve_Succeeded,0.319752350,-0.012989307,0.000000000000e+00
17.570000,-0.643696850,0.031999291,-0.136835999,-0.002732638,0.382233118,2.543052,1,Solve_Succeeded,0.319169952,-0.012853416,1.110223024625e-16
17.580000,-0.645027650,0.031970440,-0.133643362,-0.002862292,0.382233118,2.543052,1,Solve_Succeeded,0.319169952,-0.012853416,1.110223024625e-16
17.590000,-0.646326528,0.031940222,-0.130451181,-0.002997824,0.381479195,2.826341,1,Solve_Succeeded,0.318534818,-0.012715980,5.551115123126e-17
17.600000,-0.647593553,0.031908734,-0.127264810,-0.003126202,0.381479195,2.826341,1,Solve_Succeeded,0.318534818,-0.012715980,5.551115123126e-17
17.610000,-0.648828721,0.031875886,-0.124078936,-0.003261002,0.380662567,2.945290,1,Solve_Succeeded,0.317847355,-0.012577034,0.000000000000e+00
17.620000,-0.650032103,0.031841781,-0.120899354,-0.003388090,0.380662567,2.945290,1,Solve_Succeeded,0.317847355,-0.012577034,0.000000000000e+00
17.630000,-0.651203696,0.031806323,-0.117720311,-0.003522139,0.379783731,2.586794,1,Solve_Succeeded,0.317107978,-0.012436612,0.000000000000e+00
17.640000,-0.652343578,0.031769621,-0.114548039,-0.003647920,0.379783731,2.586794,1,Solve_Succeeded,0.317107978,-0.012436612,0.000000000000e+00
17.650000,-0.653451745,0.031731574,-0.111376346,-0.003781197,0.378843189,2.565723,1,Solve_Succeeded,0.316317108,-0.012294751,5.551115123126e-17
17.660000,-0.654528279,0.031692298,-0.108211898,-0.003905657,0.378843189,2.565723,1,Solve_Succeeded,0.316317108,-0.012294751,5.551115123126e-17
17.670000,-0.655573177,0.031651683,-0.105048071,-0.004038142,0.377841454,2.563436,1,Solve_Succeeded,0.315475174,-0.012151484,3.469446951954e-18
17.680000,-0.656586527,0.031609853,-0.101891960,-0.004161266,0.377841454,2.563436,1,Solve_Succeeded,0.315475174,-0.012151484,3.469446951954e-18
17.690000,-0.657568324,0.031566691,-0.098736508,-0.004292941,0.376779046,3.819574,1,Solve_Succeeded,0.314582610,-0.012006846,5.551115123126e-17
17.700000,-0.658518662,0.031522329,-0.095589241,-0.004414714,0.376779046,3.819574,1,Solve_Succeeded,0.314582610,-0.012006846,5.551115123126e-17
17.710000,-0.659437536,0.031476643,-0.092442673,-0.004545560,0.375656492,2.629712,1,Solve_Succeeded,0.313639859,-0.011860874,5.551115123126e-17
17.720000,-0.660325046,0.031429771,-0.089304751,-0.004665967,0.375656492,2.629712,1,Solve_Succeeded,0.313639859,-0.011860874,5.551115123126e-17
17.730000,-0.661181185,0.031381581,-0.086167568,-0.004795965,0.374474330,3.323416,1,Solve_Succeeded,0.312647369,-0.011713601,0.000000000000e+00
17.740000,-0.662006060,0.031332221,-0.083039490,-0.004914993,0.374474330,3.323416,1,Solve_Succeeded,0.312647369,-0.011713601,0.000000000000e+00
17.750000,-0.662799663,0.031281552,-0.079912191,-0.005044124,0.373233102,2.553800,1,Solve_Succeeded,0.311605595,-0.011565064,5.551115123126e-17
17.760000,-0.663562106,0.031229727,-0.076794450,-0.005161760,0.373233102,2.553800,1,Solve_Succeeded,0.311605595,-0.011565064,5.551115123126e-17
17.770000,-0.664293381,0.031176601,-0.073677527,-0.005290007,0.371933360,3.560015,1,Solve_Succeeded,0.310514998,-0.011415298,0.000000000000e+00
17.780000,-0.664993604,0.031122333,-0.070570613,-0.005406237,0.371933360,3.560015,1,Solve_Succeeded,0.310514998,-0.011415298,0.000000000000e+00
17.790000,-0.665662768,0.031066773,-0.067464555,-0.005533581,0.370575663,2.544364,1,Solve_Succeeded,0.309376045,-0.011264338,0.000000000000e+00
17.800000,-0.666300995,0.031010086,-0.064368952,-0.005648392,0.370575663,2.544364,1,Solve_Succeeded,0.309376045,-0.011264338,0.000000000000e+00
17.810000,-0.666908276,0.030952115,-0.061274243,-0.005774816,0.369160576,2.531273,1,Solve_Succeeded,0.308189209,-0.011112219,5.551115123126e-17
17.820000,-0.667484738,0.030893033,-0.058190431,-0.005888197,0.369160576,2.531273,1,Solve_Succeeded,0.308189209,-0.011112219,5.551115123126e-17
17.830000,-0.668030374,0.030832675,-0.055107550,-0.006013683,0.367688672,2.683806,1,Solve_Succeeded,0.306954970,-0.010958977,3.469446951954e-18
17.840000,-0.668545313,0.030771221,-0.052036002,-0.006125620,0.367688672,2.683806,1,Solve_Succeeded,0.306954970,-0.010958977,3.469446951954e-18
17.850000,-0.669029549,0.030708500,-0.048965424,-0.006250152,0.366160530,3.505398,1,Solve_Succeeded,0.305673813,-0.010804647,5.551115123126e-17
17.860000,-0.669483217,0.030644698,-0.045906612,-0.006360634,0.366160530,3.505398,1,Solve_Succeeded,0.305673813,-0.010804647,5.551115123126e-17
17.870000,-0.669906309,0.030579638,-0.042848806,-0.006484194,0.364576739,2.495793,1,Solve_Succeeded,0.304346228,-0.010649265,5.551115123126e-17
17.880000,-0.670298966,0.030513514,-0.039803194,-0.006593211,0.364576739,2.495793,1,Solve_Succeeded,0.304346228,-0.010649265,5.551115123126e-17
17.890000,-0.670661180,0.030446140,-0.036758625,-0.006715783,0.362937890,3.024298,1,Solve_Succeeded,0.302972711,-0.010492866,5.551115123126e-17
17.900000,-0.670993096,0.030377717,-0.033726674,-0.006823322,0.362937890,3.024298,1,Solve_Succeeded,0.302972711,-0.010492866,5.551115123126e-17
17.910000,-0.671294705,0.030308053,-0.030695801,-0.006944890,0.361244584,2.899309,1,Solve_Succeeded,0.301553763,-0.010335485,0.000000000000e+00
17.920000,-0.671566159,0.030237357,-0.027677965,-0.007050940,0.361244584,2.899309,1,Solve_Succeeded,0.301553763,-0.010335485,0.000000000000e+00
17.930000,-0.671807448,0.030165429,-0.024661244,-0.007171488,0.359497426,2.826663,1,Solve_Succeeded,0.300089892,-0.010177158,5.551115123126e-17
17.940000,-0.672018728,0.030092484,-0.021657974,-0.007276040,0.359497426,2.826663,1,Solve_Succeeded,0.300089892,-0.010177158,5.551115123126e-17
17.950000,-0.672199989,0.030018318,-0.018655853,-0.007395553,0.357697029,2.440431,1,Solve_Succeeded,0.298581610,-0.010017920,5.551115123126e-17
17.960000,-0.672351391,0.029943150,-0.015667594,-0.007498596,0.357697029,2.440431,1,Solve_Succeeded,0.298581610,-0.010017920,5.551115123126e-17
17.970000,-0.672472925,0.029866770,-0.012680519,-0.007617058,0.355844010,2.525266,1,Solve_Succeeded,0.297029432,-0.009857806,5.551115123126e-17
17.980000,-0.672564756,0.029789405,-0.009707710,-0.007718582,0.355844010,2.525266,1,Solve_Succeeded,0.297029432,-0.009857806,5.551115123126e-17
17.990000,-0.672626873,0.029710838,-0.006736120,-0.007835978,0.353938994,2.701659,1,Solve_Succeeded,0.295433882,-0.009696852,0.000000000000e+00
18.000000,-0.672659447,0.029631302,-0.003779195,-0.007935974,0.353938994,2.701659,1,Solve_Succeeded,0.295433882,-0.009696852,0.000000000000e+00
18.010000,-0.672662467,0.029550574,-0.000823525,-0.008052290,0.351982611,2.471237,1,Solve_Succeeded,0.293795485,-0.009535092,1.110223024625e-16
18.020000,-0.672636106,0.029468893,0.002117086,-0.008150749,0.351982611,2.471237,1,Solve_Succeeded,0.293795485,-0.009535092,1.110223024625e-16
18.030000,-0.672580355,0.029386030,0.005056408,-0.008265970,0.349975495,3.043691,1,Solve_Succeeded,0.292114772,-0.009372562,3.469446951954e-18
18.040000,-0.672495393,0.029302230,0.007980280,-0.008362883,0.349975495,3.043691,1,Solve_Succeeded,0.292114772,-0.009372562,3.469446951954e-18
18.050000,-0.672381207,0.029217259,0.010902832,-0.008476994,0.347918287,2.649477,1,Solve_Succeeded,0.290392279,-0.009209297,0.000000000000e+00
18.060000,-0.672237982,0.029131367,0.013809546,-0.008572354,0.347918287,2.649477,1,Solve_Succeeded,0.290392279,-0.009209297,0.000000000000e+00
18.070000,-0.672065706,0.029044314,0.016714908,-0.008685342,0.345811633,2.731649,1,Solve_Succeeded,0.288628546,-0.009045330,5.551115123126e-17
18.080000,-0.671864567,0.028956357,0.019604053,-0.008779139,0.345811633,2.731649,1,Solve_Succeeded,0.288628546,-0.009045330,5.551115123126e-17
18.090000,-0.671634553,0.028867250,0.022491811,-0.008890991,0.343656183,2.603859,1,Solve_Succeeded,0.286824117,-0.008880698,0.000000000000e+00
18.100000,-0.671375856,0.028777255,0.025362978,-0.008983218,0.343656183,2.603859,1,Solve_Succeeded,0.286824117,-0.008880698,0.000000000000e+00
18.110000,-0.671088465,0.028686120,0.028232727,-0.009093920,0.341452594,3.421216,1,Solve_Succeeded,0.284979540,-0.008715434,3.469446951954e-18
18.120000,-0.670772575,0.028594115,0.031085513,-0.009184570,0.341452594,3.421216,1,Solve_Succeeded,0.284979540,-0.008715434,3.469446951954e-18
18.130000,-0.670428175,0.028500980,0.033936849,-0.009294109,0.339201526,2.556822,1,Solve_Succeeded,0.283095366,-0.008549574,3.469446951954e-18
18.140000,-0.670055465,0.028406991,0.036770858,-0.009383175,0.339201526,2.556822,1,Solve_Succeeded,0.283095366,-0.008549574,3.469446951954e-18
18.150000,-0.669654433,0.028311885,0.039603386,-0.009491538,0.336903643,2.616220,1,Solve_Succeeded,0.281172153,-0.008383151,5.551115123126e-17
18.160000,-0.669225283,0.028215940,0.042418227,-0.009579013,0.336903643,2.616220,1,Solve_Succeeded,0.281172153,-0.008383151,5.551115123126e-17
18.170000,-0.668768003,0.028118889,0.045231555,-0.009686189,0.334559616,2.486706,1,Solve_Succeeded,0.279210460,-0.008216199,0.000000000000e+00
18.180000,-0.668282802,0.028021017,0.048026842,-0.009772067,0.334559616,2.486706,1,Solve_Succeeded,0.279210460,-0.008216199,0.000000000000e+00
18.190000,-0.667769666,0.027922050,0.050820586,-0.009878042,0.332170118,2.698699,1,Solve_Succeeded,0.277210849,-0.008048754,5.551115123126e-17
18.200000,-0.667228808,0.027822278,0.053595937,-0.009962316,0.332170118,2.698699,1,Solve_Succeeded,0.277210849,-0.008048754,5.551115123126e-17
18.210000,-0.666660216,0.027721422,0.056369717,-0.010067080,0.329735827,2.843536,1,Solve_Succeeded,0.275173887,-0.007880848,0.000000000000e+00
18.220000,-0.666064107,0.027619779,0.059124760,-0.010149746,0.329735827,2.843536,1,Solve_Succeeded,0.275173887,-0.007880848,0.000000000000e+00
18.230000,-0.665440466,0.027517063,0.061878202,-0.010253286,0.327257425,2.466899,1,Solve_Succeeded,0.273100145,-0.007712515,0.000000000000e+00
18.240000,-0.664789515,0.027413577,0.064612567,-0.010334338,0.327257425,2.466899,1,Solve_Succeeded,0.273100145,-0.007712515,0.000000000000e+00
18.250000,-0.664111239,0.027309030,0.067345302,-0.010436643,0.324735597,3.205731,1,Solve_Succeeded,0.270990195,-0.007543789,3.469446951954e-18
18.260000,-0.663405865,0.027203729,0.070058627,-0.010516075,0.324735597,3.205731,1,Solve_Succeeded,0.270990195,-0.007543789,3.469446951954e-18
18.270000,-0.662673377,0.027097379,0.072770293,-0.010617136,0.322171033,2.715520,1,Solve_Succeeded,0.268844613,-0.007374704,5.551115123126e-17
18.280000,-0.661914004,0.026990292,0.075462220,-0.010694944,0.322171033,2.715520,1,Solve_Succeeded,0.268844613,-0.007374704,5.551115123126e-17
18.290000,-0.661127732,0.026882169,0.078152460,-0.010794749,0.319564426,3.040012,1,Solve_Succeeded,0.266663979,-0.007205292,0.000000000000e+00
18.300000,-0.660314793,0.026773325,0.080822638,-0.010870928,0.319564426,3.040012,1,Solve_Succeeded,0.266663979,-0.007205292,0.000000000000e+00
18.310000,-0.659475173,0.026663456,0.083491102,-0.010969467,0.316916472,2.606261,1,Solve_Succeeded,0.264448875,-0.007035587,3.469446951954e-18
18.320000,-0.658609108,0.026552885,0.086139184,-0.011044014,0.316916472,2.606261,1,Solve_Succeeded,0.264448875,-0.007035587,3.469446951954e-18
18.330000,-0.657716583,0.026441300,0.088785526,-0.011141276,0.314227870,2.635580,1,Solve_Succeeded,0.262199884,-0.006865621,5.551115123126e-17
18.340000,-0.656797838,0.026329030,0.091411174,-0.011214188,0.314227870,2.635580,1,Solve_Succeeded,0.262199884,-0.006865621,5.551115123126e-17
18.350000,-0.655852857,0.026215759,0.094035054,-0.011310164,0.311499324,2.695674,1,Solve_Succeeded,0.259917594,-0.006695427,1.110223024625e-16
18.360000,-0.654881884,0.026101819,0.096637933,-0.011381435,0.311499324,2.695674,1,Solve_Succeeded,0.259917594,-0.006695427,1.110223024625e-16
18.370000,-0.653884904,0.025986890,0.099239018,-0.011476116,0.308731538,2.668772,1,Solve_Succeeded,0.257602594,-0.006525038,1.734723475977e-18
18.380000,-0.652862163,0.025871310,0.101818801,-0.011545745,0.308731538,2.668772,1,Solve_Succeeded,0.257602594,-0.006525038,1.734723475977e-18
18.390000,-0.651813647,0.025754754,0.104396763,-0.011639122,0.305925220,3.028017,1,Solve_Succeeded,0.255255477,-0.006354485,5.551115123126e-17
18.400000,-0.650739604,0.025637563,0.106953127,-0.011707105,0.305925220,3.028017,1,Solve_Succeeded,0.255255477,-0.006354485,5.551115123126e-17
18.410000,-0.649640020,0.025519409,0.109507645,-0.011799168,0.303081082,2.632849,1,Solve_Succeeded,0.252876835,-0.006183801,0.000000000000e+00
18.420000,-0.648515148,0.025400637,0.112040274,-0.011865504,0.303081082,2.632849,1,Solve_Succeeded,0.252876835,-0.006183801,0.000000000000e+00
18.430000,-0.647364971,0.025280914,0.114571032,-0.011956246,0.300199837,2.610291,1,Solve_Succeeded,0.250467266,-0.006013017,0.000000000000e+00
18.440000,-0.646189748,0.025160591,0.117079616,-0.012020932,0.300199837,2.610291,1,Solve_Succeeded,0.250467266,-0.006013017,0.000000000000e+00
18.450000,-0.644989461,0.025039329,0.119586304,-0.012110343,0.297282200,2.893839,1,Solve_Succeeded,0.248027367,-0.005842165,1.734723475977e-18
18.460000,-0.643764372,0.024917484,0.122070538,-0.012173377,0.297282200,2.893839,1,Solve_Succeeded,0.248027367,-0.005842165,1.734723475977e-18
18.470000,-0.642514463,0.024794715,0.124552853,-0.012261450,0.294328889,2.693256,1,Solve_Succeeded,0.245557737,-0.005671276,5.551115123126e-17
18.480000,-0.641239998,0.024671378,0.127012439,-0.012322831,0.294328889,2.693256,1,Solve_Succeeded,0.245557737,-0.005671276,5.551115123126e-17
18.490000,-0.639940960,0.024547129,0.129470083,-0.012409558,0.291340624,2.382225,1,Solve_Succeeded,0.243058978,-0.005500382,1.734723475977e-18
18.500000,-0.638617617,0.024422331,0.131904729,-0.012469285,0.291340624,2.382225,1,Solve_Succeeded,0.243058978,-0.005500382,1.734723475977e-18
18.510000,-0.637269950,0.024296634,0.134337410,-0.012554659,0.288318126,4.529207,1,Solve_Succeeded,0.240531694,-0.005329513,5.551115123126e-17
18.520000,-0.635898229,0.024170404,0.136746829,-0.012612731,0.288318126,4.529207,1,Solve_Succeeded,0.240531694,-0.005329513,5.551115123126e-17
18.530000,-0.634502438,0.024043288,0.139154261,-0.012696745,0.285262120,2.650056,1,Solve_Succeeded,0.237976488,-0.005158699,3.469446951954e-18
18.540000,-0.633082850,0.023915657,0.141538174,-0.012753160,0.285262120,2.650056,1,Solve_Succeeded,0.237976488,-0.005158699,3.469446951954e-18
18.550000,-0.631639446,0.023787153,0.143920078,-0.012835807,0.282173331,2.491197,1,Solve_Succeeded,0.235393966,-0.004987971,1.734723475977e-18
18.560000,-0.630172502,0.023658151,0.146278210,-0.012890566,0.282173331,2.491197,1,Solve_Succeeded,0.235393966,-0.004987971,1.734723475977e-18
18.570000,-0.628682001,0.023528289,0.148634311,-0.012971840,0.279052484,3.439305,1,Solve_Succeeded,0.232784736,-0.004817360,1.734723475977e-18
18.580000,-0.627168222,0.023397946,0.150966394,-0.013024943,0.279052484,3.439305,1,Solve_Succeeded,0.232784736,-0.004817360,1.734723475977e-18
18.590000,-0.625631146,0.023266757,0.153296426,-0.013104837,0.275900307,2.564896,1,Solve_Succeeded,0.230149404,-0.004646894,1.734723475977e-18
18.600000,-0.624071055,0.023135103,0.155602198,-0.013156284,0.275900307,2.564896,1,Solve_Succeeded,0.230149404,-0.004646894,1.734723475977e-18
18.610000,-0.622487930,0.023002616,0.157905898,-0.013234793,0.272717531,2.865675,1,Solve_Succeeded,0.227488581,-0.004476603,0.000000000000e+00
18.620000,-0.620882057,0.022869683,0.160185104,-0.013284584,0.272717531,2.865675,1,Solve_Succeeded,0.227488581,-0.004476603,0.000000000000e+00
18.630000,-0.619253417,0.022735930,0.162462217,-0.013361701,0.269504884,2.737262,1,Solve_Succeeded,0.224802876,-0.004306517,1.734723475977e-18
18.640000,-0.617602296,0.022601746,0.164714607,-0.013409839,0.269504884,2.737262,1,Solve_Succeeded,0.224802876,-0.004306517,1.734723475977e-18
18.650000,-0.615928676,0.022466757,0.166964884,-0.013485559,0.266263098,2.802638,1,Solve_Succeeded,0.222092900,-0.004136665,1.734723475977e-18
18.660000,-0.614232847,0.022331355,0.169190213,-0.013532043,0.266263098,2.802638,1,Solve_Succeeded,0.222092900,-0.004136665,1.734723475977e-18
18.670000,-0.612514789,0.022195160,0.171413411,-0.013606362,0.262992904,2.730210,1,Solve_Succeeded,0.219359264,-0.003967075,0.000000000000e+00
18.680000,-0.610774796,0.022058569,0.173611442,-0.013651194,0.262992904,2.730210,1,Solve_Succeeded,0.219359264,-0.003967075,0.000000000000e+00
18.690000,-0.609012848,0.021921199,0.175807324,-0.013724106,0.259695036,2.534314,1,Solve_Succeeded,0.216602580,-0.003797776,1.734723475977e-18
18.700000,-0.607229239,0.021783450,0.177977826,-0.013767289,0.259695036,2.534314,1,Solve_Succeeded,0.216602580,-0.003797776,1.734723475977e-18
18.710000,-0.605423951,0.021644936,0.180146160,-0.013838790,0.256370226,3.115366,1,Solve_Succeeded,0.213823460,-0.003628796,1.734723475977e-18
18.720000,-0.603597281,0.021506059,0.182288907,-0.013880324,0.256370226,3.115366,1,Solve_Succeeded,0.213823460,-0.003628796,1.734723475977e-18
18.730000,-0.601749208,0.021366432,0.184429469,-0.013950409,0.253019207,2.445546,1,Solve_Succeeded,0.211022516,-0.003460162,5.551115123126e-17
18.740000,-0.599880034,0.021226458,0.186544242,-0.013990298,0.253019207,2.445546,1,Solve_Succeeded,0.211022516,-0.003460162,5.551115123126e-17
18.750000,-0.597989738,0.021085747,0.188656813,-0.014058964,0.249642713,2.636429,1,Solve_Succeeded,0.208200361,-0.003291903,1.734723475977e-18
18.760000,-0.596078622,0.020944708,0.190743400,-0.014097210,0.249642713,2.636429,1,Solve_Succeeded,0.208200361,-0.003291903,1.734723475977e-18
18.770000,-0.594146666,0.020802945,0.192827767,-0.014164453,0.246241478,2.658829,1,Solve_Succeeded,0.205357609,-0.003124046,5.551115123126e-17
18.780000,-0.592194174,0.020660869,0.194885959,-0.014201058,0.246241478,2.658829,1,Solve_Succeeded,0.205357609,-0.003124046,5.551115123126e-17
18.790000,-0.590221127,0.020518085,0.196941916,-0.014266875,0.242816235,2.561783,1,Solve_Succeeded,0.202494871,-0.002956617,0.000000000000e+00
18.800000,-0.588227830,0.020375004,0.198971514,-0.014301843,0.242816235,2.561783,1,Solve_Succeeded,0.202494871,-0.002956617,0.000000000000e+00
18.810000,-0.586214264,0.020231229,0.200998860,-0.014366230,0.239367718,2.951006,1,Solve_Succeeded,0.199612761,-0.002789645,0.000000000000e+00
18.820000,-0.584180736,0.020087174,0.202999669,-0.014399564,0.239367718,2.951006,1,Solve_Succeeded,0.199612761,-0.002789645,0.000000000000e+00
18.830000,-0.582127227,0.019942438,0.204998210,-0.014462518,0.235896660,2.786004,1,Solve_Succeeded,0.196711890,-0.002623154,0.000000000000e+00
18.840000,-0.580054047,0.019797440,0.206970040,-0.014494223,0.235896660,2.786004,1,Solve_Succeeded,0.196711890,-0.002623154,0.000000000000e+00
18.850000,-0.577961175,0.019651774,0.208939589,-0.014555742,0.232403793,3.176888,1,Solve_Succeeded,0.193792871,-0.002457171,0.000000000000e+00
18.860000,-0.575848925,0.019505862,0.210882259,-0.014585820,0.232403793,3.176888,1,Solve_Succeeded,0.193792871,-0.002457171,0.000000000000e+00
18.870000,-0.573717274,0.019359297,0.212822632,-0.014645901,0.228889851,2.774541,1,Solve_Succeeded,0.190856315,-0.002291722,2.775557561563e-17
18.880000,-0.571566538,0.019212504,0.214735965,-0.014674358,0.228889851,2.774541,1,Solve_Succeeded,0.190856315,-0.002291722,2.775557561563e-17
18.890000,-0.569396696,0.019065070,0.216646988,-0.014732999,0.225355565,2.474525,1,Solve_Succeeded,0.187902834,-0.002126833,0.000000000000e+00
18.900000,-0.567208063,0.018917424,0.218530813,-0.014759838,0.225355565,2.474525,1,Solve_Succeeded,0.187902834,-0.002126833,0.000000000000e+00
18.910000,-0.565000620,0.018769153,0.220412316,-0.014817038,0.221801666,2.494104,1,Solve_Succeeded,0.184933037,-0.001962528,2.775557561563e-17
18.920000,-0.562774683,0.018620686,0.222266470,-0.014842264,0.221801666,2.494104,1,Solve_Succeeded,0.184933037,-0.001962528,2.775557561563e-17
18.930000,-0.560530232,0.018471607,0.224118288,-0.014898021,0.218228884,2.998936,1,Solve_Succeeded,0.181947535,-0.001798833,1.734723475977e-18
18.940000,-0.558267587,0.018322349,0.225942613,-0.014921639,0.218228884,2.998936,1,Solve_Succeeded,0.181947535,-0.001798833,1.734723475977e-18
18.950000,-0.555986726,0.018172494,0.227764589,-0.014975951,0.214637948,2.407261,1,Solve_Succeeded,0.178946935,-0.001635773,2.775557561563e-17
18.960000,-0.553687970,0.018022475,0.229558933,-0.014997966,0.214637948,2.407261,1,Solve_Succeeded,0.178946935,-0.001635773,2.775557561563e-17
18.970000,-0.551371298,0.017871874,0.231350916,-0.015050833,0.211029585,2.387664,1,Solve_Succeeded,0.175931847,-0.001473372,1.734723475977e-18
18.980000,-0.549037034,0.017721125,0.233115132,-0.015071251,0.211029585,2.387664,1,Solve_Succeeded,0.175931847,-0.001473372,1.734723475977e-18
18.990000,-0.546685155,0.017569808,0.234876977,-0.015122671,0.207404524,2.409045,1,Solve_Succeeded,0.172902877,-0.001311653,1.734723475977e-18
19.000000,-0.544315986,0.017418359,0.236610926,-0.015141498,0.207404524,2.409045,1,Solve_Succeeded,0.172902877,-0.001311653,1.734723475977e-18
19.010000,-0.541929505,0.017266357,0.238342492,-0.015191471,0.203763488,2.837016,1,Solve_Succeeded,0.169860629,-0.001150641,0.000000000000e+00
19.020000,-0.539526038,0.017114239,0.240046040,-0.015208712,0.203763488,2.837016,1,Solve_Succeeded,0.169860629,-0.001150641,0.000000000000e+00
19.030000,-0.537105564,0.016961581,0.241747196,-0.015257238,0.200107201,2.881737,1,Solve_Succeeded,0.166805710,-0.000990359,2.775557561563e-17
19.040000,-0.534668410,0.016808824,0.243420216,-0.015272899,0.200107201,2.881737,1,Solve_Succeeded,0.166805710,-0.000990359,2.775557561563e-17
19.050000,-0.532214553,0.016655542,0.245090832,-0.015319978,0.196436387,2.526137,1,Solve_Succeeded,0.163738721,-0.000830831,0.000000000000e+00
19.060000,-0.529744323,0.016502176,0.246733202,-0.015334066,0.196436387,2.526137,1,Solve_Succeeded,0.163738721,-0.000830831,0.000000000000e+00
19.070000,-0.527257697,0.016348299,0.248373159,-0.015379697,0.192751765,2.602558,1,Solve_Succeeded,0.160660264,-0.000672078,0.000000000000e+00
19.080000,-0.524755006,0.016194354,0.249984763,-0.015392219,0.192751765,2.602558,1,Solve_Succeeded,0.160660264,-0.000672078,0.000000000000e+00
19.090000,-0.522236226,0.016039912,0.251593945,-0.015436403,0.189054055,2.529682,1,Solve_Succeeded,0.157570940,-0.000514124,5.551115123126e-17
19.100000,-0.519701690,0.015885419,0.253174673,-0.015447366,0.189054055,2.529682,1,Solve_Succeeded,0.157570940,-0.000514124,5.551115123126e-17
19.110000,-0.517151375,0.015730443,0.254752972,-0.015490104,0.185343972,2.500253,1,Solve_Succeeded,0.154471346,-0.000356992,2.775557561563e-17
19.120000,-0.514585613,0.015575431,0.256302721,-0.015499514,0.185343972,2.500253,1,Solve_Succeeded,0.154471346,-0.000356992,2.775557561563e-17
19.130000,-0.512004382,0.015419950,0.257850032,-0.015540807,0.181622232,2.498237,1,Solve_Succeeded,0.151362080,-0.000200701,1.734723475977e-18
19.140000,-0.509408015,0.015264450,0.259368704,-0.015548671,0.181622232,2.498237,1,Solve_Succeeded,0.151362080,-0.000200701,1.734723475977e-18
19.150000,-0.506796490,0.015108494,0.260884931,-0.015588520,0.177889548,2.475537,1,Solve_Succeeded,0.148243737,-0.000045276,1.734723475977e-18
19.160000,-0.504170141,0.014952534,0.262372434,-0.015594847,0.177889548,2.475537,1,Solve_Succeeded,0.148243737,-0.000045276,1.734723475977e-18
19.170000,-0.501528945,0.014796134,0.263857485,-0.015633253,0.174146629,3.108972,1,Solve_Succeeded,0.145116909,0.000109264,2.775557561563e-17
19.180000,-0.498873238,0.014639745,0.265313734,-0.015638050,0.174146629,3.108972,1,Solve_Succeeded,0.145116909,0.000109264,2.775557561563e-17
19.190000,-0.496202997,0.014482930,0.266767524,-0.015675015,0.170394184,2.524772,1,Solve_Succeeded,0.141982188,0.000262897,0.000000000000e+00
19.200000,-0.493518558,0.014326141,0.268192439,-0.015678290,0.170394184,2.524772,1,Solve_Succeeded,0.141982188,0.000262897,0.000000000000e+00
19.210000,-0.490819899,0.014168940,0.269614888,-0.015713816,0.166632919,2.584991,1,Solve_Succeeded,0.138840163,0.000415603,1.734723475977e-18
19.220000,-0.488107356,0.014011781,0.271008395,-0.015715577,0.166632919,2.584991,1,Solve_Succeeded,0.138840163,0.000415603,1.734723475977e-18
19.230000,-0.485380907,0.013854224,0.272399430,-0.015749666,0.162863536,2.543163,1,Solve_Succeeded,0.135691420,0.000567361,2.775557561563e-17
19.240000,-0.482640889,0.013696725,0.273761460,-0.015749921,0.162863536,2.543163,1,Solve_Succeeded,0.135691420,0.000567361,2.775557561563e-17
19.250000,-0.479887280,0.013538841,0.275121014,-0.015782575,0.159086736,2.435200,1,Solve_Succeeded,0.132536544,0.000718150,0.000000000000e+00
19.260000,-0.477120417,0.013381030,0.276451506,-0.015781333,0.159086736,2.435200,1,Solve_Succeeded,0.132536544,0.000718150,0.000000000000e+00
19.270000,-0.474340278,0.013222850,0.277779515,-0.015812555,0.155303216,2.451126,1,Solve_Succeeded,0.129376118,0.000867952,0.000000000000e+00
19.280000,-0.471547202,0.013064756,0.279078412,-0.015809826,0.155303216,2.451126,1,Solve_Succeeded,0.129376118,0.000867952,0.000000000000e+00
19.290000,-0.468741166,0.012906307,0.280374822,-0.015839618,0.151513672,2.618896,1,Solve_Succeeded,0.126210722,0.001016747,0.000000000000e+00
19.300000,-0.465922509,0.012747961,0.281642073,-0.015835409,0.151513672,2.618896,1,Solve_Succeeded,0.126210722,0.001016747,0.000000000000e+00
19.310000,-0.463091208,0.012589273,0.282906833,-0.015863775,0.147718794,2.757971,1,Solve_Succeeded,0.123040933,0.001164515,0.000000000000e+00
19.320000,-0.460247604,0.012430702,0.284142393,-0.015858096,0.147718794,2.757971,1,Solve_Succeeded,0.123040933,0.001164515,0.000000000000e+00
19.330000,-0.457391673,0.012271804,0.285375460,-0.015885039,0.143919272,2.491092,1,Solve_Succeeded,0.119867325,0.001311237,1.734723475977e-18
19.340000,-0.454523756,0.012113038,0.286579290,-0.015877899,0.143919272,2.491092,1,Solve_Succeeded,0.119867325,0.001311237,1.734723475977e-18
19.350000,-0.451643830,0.011953958,0.287780624,-0.015903422,0.140115792,2.606633,1,Solve_Succeeded,0.116690471,0.001456895,0.000000000000e+00
19.360000,-0.448752235,0.011795025,0.288952691,-0.015894831,0.140115792,2.606633,1,Solve_Succeeded,0.116690471,0.001456895,0.000000000000e+00
19.370000,-0.445848948,0.011635793,0.290122259,-0.015918938,0.136309034,3.383132,1,Solve_Succeeded,0.113510941,0.001601472,2.775557561563e-17
19.380000,-0.442934311,0.011476722,0.291262535,-0.015908906,0.136309034,3.383132,1,Solve_Succeeded,0.113510941,0.001601472,2.775557561563e-17
19.390000,-0.440008300,0.011317366,0.292400310,-0.015931600,0.132499680,2.546233,1,Solve_Succeeded,0.110329302,0.001744947,0.000000000000e+00
19.400000,-0.437071256,0.011158185,0.293508773,-0.015920136,0.132499680,2.546233,1,Solve_Succeeded,0.110329302,0.001744947,0.000000000000e+00
19.410000,-0.434123157,0.010998733,0.294614734,-0.015941423,0.128688403,2.490400,1,Solve_Succeeded,0.107146116,0.001887305,0.000000000000e+00
19.420000,-0.431164343,0.010839470,0.295691368,-0.015928538,0.128688403,2.490400,1,Solve_Succeeded,0.107146116,0.001887305,0.000000000000e+00
19.430000,-0.428194793,0.010679951,0.296765497,-0.015948420,0.124875876,2.450664,1,Solve_Succeeded,0.103961945,0.002028527,1.387778780781e-17
19.440000,-0.425214846,0.010520635,0.297810291,-0.015934124,0.124875876,2.450664,1,Solve_Succeeded,0.103961945,0.002028527,1.387778780781e-17
19.450000,-0.422224481,0.010361076,0.298852581,-0.015952607,0.121062768,2.443423,1,Solve_Succeeded,0.100777348,0.002168597,1.387778780781e-17
19.460000,-0.419224038,0.010201735,0.299865529,-0.015936911,0.121062768,2.443423,1,Solve_Succeeded,0.100777348,0.002168597,1.387778780781e-17
19.470000,-0.416213495,0.010042165,0.300875973,-0.015953999,0.117249743,2.468912,1,Solve_Succeeded,0.097592878,0.002307498,1.387778780781e-17
19.480000,-0.413193193,0.009882826,0.301857077,-0.015936913,0.117249743,2.468912,1,Solve_Succeeded,0.097592878,0.002307498,1.387778780781e-17
19.490000,-0.410163109,0.009723272,0.302835676,-0.015952611,0.113437462,2.450848,1,Solve_Succeeded,0.094409087,0.002445212,0.000000000000e+00
19.500000,-0.407123585,0.009563963,0.303784941,-0.015934146,0.113437462,2.450848,1,Solve_Succeeded,0.094409087,0.002445212,0.000000000000e+00
19.510000,-0.404074597,0.009404453,0.304731701,-0.015948459,0.109626582,2.486902,1,Solve_Succeeded,0.091226524,0.002581725,1.387778780781e-17
19.520000,-0.401016487,0.009245202,0.305649139,-0.015928626,0.109626582,2.486902,1,Solve_Succeeded,0.091226524,0.002581725,1.387778780781e-17
19.530000,-0.397949231,0.009085764,0.306564072,-0.015941560,0.105817757,3.463411,1,Solve_Succeeded,0.088045734,0.002717020,1.387778780781e-17
19.540000,-0.394873171,0.008926597,0.307449699,-0.015920370,0.105817757,3.463411,1,Solve_Succeeded,0.088045734,0.002717020,1.387778780781e-17
19.550000,-0.391788285,0.008767258,0.308332824,-0.015931930,0.102011634,2.707428,1,Solve_Succeeded,0.084867258,0.002851081,1.387778780781e-17
19.560000,-0.388694911,0.008608204,0.309186662,-0.015909395,0.102011634,2.707428,1,Solve_Succeeded,0.084867258,0.002851081,1.387778780781e-17
19.570000,-0.385593029,0.008448990,0.310038000,-0.015919587,0.098208860,2.584477,1,Solve_Succeeded,0.081691635,0.002983894,1.387778780781e-17
19.580000,-0.382482977,0.008290075,0.310860077,-0.015895717,0.098208860,2.584477,1,Solve_Succeeded,0.081691635,0.002983894,1.387778780781e-17
19.590000,-0.379364735,0.008131014,0.311679656,-0.015904547,0.094410075,2.581069,1,Solve_Succeeded,0.078519398,0.003115443,1.387778780781e-17
19.600000,-0.376238640,0.007972264,0.312470006,-0.015879354,0.094410075,2.581069,1,Solve_Succeeded,0.078519398,0.003115443,1.387778780781e-17
19.610000,-0.373104671,0.007813383,0.313257860,-0.015886828,0.090615914,2.444242,1,Solve_Succeeded,0.075351080,0.003245713,1.387778780781e-17
19.620000,-0.369963167,0.007654827,0.314016521,-0.015860325,0.090615914,2.444242,1,Solve_Succeeded,0.075351080,0.003245713,1.387778780781e-17
19.630000,-0.366814105,0.007496151,0.314772688,-0.015866449,0.086827011,2.370477,1,Solve_Succeeded,0.072187207,0.003374690,1.387778780781e-17
19.640000,-0.363657825,0.007337814,0.315499703,-0.015838647,0.086827011,2.370477,1,Solve_Succeeded,0.072187207,0.003374690,1.387778780781e-17
19.650000,-0.360494305,0.007179371,0.316224228,-0.015843428,0.083043993,2.526271,1,Solve_Succeeded,0.069028304,0.003502360,0.000000000000e+00
19.660000,-0.357323881,0.007021279,0.316919645,-0.015814340,0.083043993,2.526271,1,Solve_Succeeded,0.069028304,0.003502360,0.000000000000e+00
19.670000,-0.354146532,0.006863095,0.317612577,-0.015817784,0.079267482,2.569437,1,Solve_Succeeded,0.065874890,0.003628709,8.673617379884e-19
19.680000,-0.350962596,0.006705275,0.318276452,-0.015787421,0.079267482,2.569437,1,Solve_Succeeded,0.065874890,0.003628709,8.673617379884e-19
19.690000,-0.347772051,0.006547375,0.318937845,-0.015789535,0.075498098,3.788060,1,Solve_Succeeded,0.062727481,0.003753723,4.336808689942e-19
19.700000,-0.344575232,0.006389852,0.319570236,-0.015757910,0.075498098,3.788060,1,Solve_Succeeded,0.062727481,0.003753723,4.336808689942e-19
19.710000,-0.341372119,0.006232264,0.320200150,-0.015758701,0.071736453,2.635631,1,Solve_Succeeded,0.059586589,0.003877390,0.000000000000e+00
19.720000,-0.338163047,0.006075063,0.320801121,-0.015725827,0.071736453,2.635631,1,Solve_Succeeded,0.059586589,0.003877390,0.000000000000e+00
19.730000,-0.334947995,0.005917811,0.321399621,-0.015725303,0.067983158,2.712452,1,Solve_Succeeded,0.056452723,0.003999695,4.336808689942e-19
19.740000,-0.331727297,0.005760960,0.321969243,-0.015691191,0.067983158,2.712452,1,Solve_Succeeded,0.056452723,0.003999695,4.336808689942e-19
19.750000,-0.328500933,0.005604069,0.322536398,-0.015689359,0.064238815,2.449282,1,Solve_Succeeded,0.053326387,0.004120628,4.336808689942e-19
19.760000,-0.325269235,0.005447591,0.323074744,-0.015654023,0.064238815,2.449282,1,Solve_Succeeded,0.053326387,0.004120628,4.336808689942e-19
19.770000,-0.322032183,0.005291088,0.323610630,-0.015650891,0.060504025,2.446826,1,Solve_Succeeded,0.050208080,0.004240174,4.336808689942e-19
19.780000,-0.318790110,0.005135009,0.324117779,-0.015614344,0.060504025,2.446826,1,Solve_Succeeded,0.050208080,0.004240174,4.336808689942e-19
19.790000,-0.315542995,0.004978918,0.324622475,-0.015609918,0.056779382,2.517681,1,Solve_Succeeded,0.047098299,0.004358323,6.938893903907e-18
19.800000,-0.312291170,0.004823263,0.325098513,-0.015572173,0.056779382,2.517681,1,Solve_Succeeded,0.047098299,0.004358323,6.938893903907e-18
19.810000,-0.309034613,0.004667608,0.325572104,-0.015566463,0.053065474,2.764418,1,Solve_Succeeded,0.043997535,0.004475061,1.387778780781e-17
19.820000,-0.305773657,0.004512401,0.326017120,-0.015527533,0.053065474,2.764418,1,Solve_Succeeded,0.043997535,0.004475061,1.387778780781e-17
19.830000,-0.302508279,0.004357208,0.326459696,-0.015520545,0.049362887,2.696029,1,Solve_Succeeded,0.040906275,0.004590378,0.000000000000e+00
19.840000,-0.299238810,0.004202475,0.326873784,-0.015480444,0.049362887,2.696029,1,Solve_Succeeded,0.040906275,0.004590378,0.000000000000e+00
19.850000,-0.295965229,0.004047767,0.327285439,-0.015472188,0.045672199,2.561928,1,Solve_Succeeded,0.037825003,0.004704263,6.938893903907e-18
19.860000,-0.292687866,0.003893531,0.327668698,-0.015430928,0.045672199,2.561928,1,Solve_Succeeded,0.037825003,0.004704263,6.938893903907e-18
19.870000,-0.289406698,0.003739334,0.328049533,-0.015421412,0.041993983,3.718766,1,Solve_Succeeded,0.034754197,0.004816704,0.000000000000e+00
19.880000,-0.286122056,0.003585618,0.328402067,-0.015379007,0.041993983,3.718766,1,Solve_Succeeded,0.034754197,0.004816704,0.000000000000e+00
19.890000,-0.282833916,0.003431955,0.328752184,-0.015368240,0.038328809,2.495344,1,Solve_Succeeded,0.031694332,0.004927690,0.000000000000e+00
19.900000,-0.279542607,0.003278785,0.329074102,-0.015324704,0.038328809,2.495344,1,Solve_Succeeded,0.031694332,0.004927690,0.000000000000e+00
19.910000,-0.276248107,0.003125679,0.329393612,-0.015312694,0.034677240,2.497677,1,Solve_Succeeded,0.028645877,0.005037212,2.168404344971e-19
19.920000,-0.272950742,0.002973077,0.329685026,-0.015268040,0.034677240,2.497677,1,Solve_Succeeded,0.028645877,0.005037212,2.168404344971e-19
19.930000,-0.269650492,0.002820553,0.329974042,-0.015254796,0.031039832,2.464744,1,Solve_Succeeded,0.025609297,0.005145259,3.469446951954e-18
19.940000,-0.266347681,0.002668543,0.330235071,-0.015209039,0.031039832,2.464744,1,Solve_Succeeded,0.025609297,0.005145259,3.469446951954e-18
19.950000,-0.263042287,0.002516623,0.330493711,-0.015194571,0.027417138,2.602603,1,Solve_Succeeded,0.022585054,0.005251821,0.000000000000e+00
19.960000,-0.259734635,0.002365228,0.330724478,-0.015147724,0.027417138,2.602603,1,Solve_Succeeded,0.022585054,0.005251821,0.000000000000e+00
19.970000,-0.256424703,0.002213936,0.330952866,-0.015132040,0.023809705,2.500076,1,Solve_Succeeded,0.019573602,0.005356889,3.469446951954e-18
19.980000,-0.253112814,0.002063179,0.331153497,-0.015084118,0.023809705,2.500076,1,Solve_Succeeded,0.019573602,0.005356889,3.469446951954e-18
19.990000,-0.249798947,0.001912537,0.331351759,-0.015067228,0.020218074,2.462348,1,Solve_Succeeded,0.016575394,0.005460453,0.000000000000e+00
20.000000,-0.246483422,0.001762441,0.331522388,-0.015018245,0.020218074,2.462348,1,Solve_Succeeded,0.016575394,0.005460453,0.000000000000e+00
20.010000,-0.243166218,0.001612471,0.331690656,-0.015000158,0.016642779,2.465024,1,Solve_Succeeded,0.013590876,0.005562505,0.000000000000e+00
20.020000,-0.239847656,0.001463058,0.331831417,-0.014950128,0.016642779,2.465024,1,Solve_Succeeded,0.013590876,0.005562505,0.000000000000e+00
20.030000,-0.236527713,0.001313783,0.331969830,-0.014930854,0.013084351,2.469392,1,Solve_Succeeded,0.010620489,0.005663035,1.734723475977e-18
20.040000,-0.233206709,0.001165076,0.332080864,-0.014879791,0.013084351,2.469392,1,Solve_Succeeded,0.010620489,0.005663035,1.734723475977e-18
20.050000,-0.229884621,0.001016518,0.332189560,-0.014859340,0.009543314,2.867221,1,Solve_Succeeded,0.007664671,0.005762036,0.000000000000e+00
20.060000,-0.226561767,0.000868538,0.332271012,-0.014807259,0.009543314,2.867221,1,Solve_Succeeded,0.007664671,0.005762036,0.000000000000e+00
20.070000,-0.223238126,0.000720719,0.332350139,-0.014785640,0.006020185,2.937039,1,Solve_Succeeded,0.004723854,0.005859498,8.673617379884e-19
20.080000,-0.219914013,0.000573487,0.332402158,-0.014732556,0.006020185,2.937039,1,Solve_Succeeded,0.004723854,0.005859498,8.673617379884e-19
20.090000,-0.216589407,0.000426430,0.332451864,-0.014709781,0.002515476,2.822061,1,Solve_Succeeded,0.001798464,0.005955415,4.336808689942e-19
20.100000,-0.213264620,0.000279968,0.332474605,-0.014655707,0.002515476,2.822061,1,Solve_Succeeded,0.001798464,0.005955415,4.336808689942e-19
20.110000,-0.209939634,0.000133693,0.332495043,-0.014631785,-0.000970307,2.676209,1,Solve_Succeeded,-0.001111076,0.006049778,1.084202172486e-19
20.120000,-0.206614758,-0.000011978,0.332488663,-0.014576738,-0.000970307,2.676209,1,Solve_Succeeded,-0.001111076,0.006049778,1.084202172486e-19
20.130000,-0.203289974,-0.000157450,0.332479993,-0.014551679,-0.004436662,2.499488,1,Solve_Succeeded,-0.004004349,0.006142581,8.673617379884e-19
20.140000,-0.199965590,-0.000302308,0.332444654,-0.014495672,-0.004436662,2.499488,1,Solve_Succeeded,-0.004004349,0.006142581,8.673617379884e-19
20.150000,-0.196641586,-0.000446957,0.332407037,-0.014469487,-0.007883098,2.976870,1,Solve_Succeeded,-0.006880944,0.006233815,0.000000000000e+00
20.160000,-0.193318270,-0.000590982,0.332342905,-0.014412536,-0.007883098,2.976870,1,Solve_Succeeded,-0.006880944,0.006233815,0.000000000000e+00
20.170000,-0.189995622,-0.000734786,0.332276509,-0.014385236,-0.011309124,4.477144,1,Solve_Succeeded,-0.009740452,0.006323475,5.421010862428e-20
20.180000,-0.186673948,-0.000877957,0.332183754,-0.014327355,-0.011309124,4.477144,1,Solve_Succeeded,-0.009740452,0.006323475,5.421010862428e-20
20.190000,-0.183353228,-0.001020897,0.332088748,-0.014298950,-0.014714261,2.607915,1,Solve_Succeeded,-0.012582472,0.006411554,1.734723475977e-18
20.200000,-0.180033767,-0.001163194,0.331967544,-0.014240156,-0.014714261,2.607915,1,Solve_Succeeded,-0.012582472,0.006411554,1.734723475977e-18
20.210000,-0.176715543,-0.001305249,0.331844104,-0.014210657,-0.018098031,2.958198,1,Solve_Succeeded,-0.015406608,0.006498045,2.168404344971e-19
20.220000,-0.173398861,-0.001446653,0.331694629,-0.014150963,-0.018098031,2.958198,1,Solve_Succeeded,-0.015406608,0.006498045,2.168404344971e-19
20.230000,-0.170083699,-0.001587803,0.331542933,-0.014120382,-0.021459966,2.840305,1,Solve_Succeeded,-0.018212468,0.006582943,3.469446951954e-18
20.240000,-0.166770359,-0.001728294,0.331365370,-0.014059804,-0.021459966,2.840305,1,Solve_Succeeded,-0.018212468,0.006582943,3.469446951954e-18
20.250000,-0.163458820,-0.001868520,0.331185599,-0.014028151,-0.024799603,2.972482,1,Solve_Succeeded,-0.020999666,0.006666242,0.000000000000e+00
20.260000,-0.160149381,-0.002008078,0.330980135,-0.013966704,-0.024799603,2.972482,1,Solve_Succeeded,-0.020999666,0.006666242,0.000000000000e+00
20.270000,-0.156842023,-0.002147361,0.330772476,-0.013933991,-0.028116485,3.114950,1,Solve_Succeeded,-0.023767821,0.006747937,3.469446951954e-18
20.280000,-0.153537042,-0.002285968,0.330539299,-0.013871691,-0.028116485,3.114950,1,Solve_Succeeded,-0.023767821,0.006747937,3.469446951954e-18
20.290000,-0.150234418,-0.002424287,0.330303943,-0.013837929,-0.031410160,2.802587,1,Solve_Succeeded,-0.026516557,0.006828022,2.168404344971e-19
20.300000,-0.146934445,-0.002561924,0.330043247,-0.013774791,-0.031410160,2.802587,1,Solve_Succeeded,-0.026516557,0.006828022,2.168404344971e-19
20.310000,-0.143637105,-0.002699262,0.329780388,-0.013739992,-0.034680187,2.900277,1,Solve_Succeeded,-0.029245504,0.006906492,6.938893903907e-18
20.320000,-0.140342690,-0.002835910,0.329492370,-0.013676031,-0.034680187,2.900277,1,Solve_Succeeded,-0.029245504,0.006906492,6.938893903907e-18
20.330000,-0.137051180,-0.002972249,0.329202205,-0.013640206,-0.037926126,3.129208,1,Solve_Succeeded,-0.031954298,0.006983343,2.168404344971e-19
20.340000,-0.133762865,-0.003107889,0.328887066,-0.013575438,-0.037926126,3.129208,1,Solve_Succeeded,-0.031954298,0.006983343,2.168404344971e-19
20.350000,-0.130477727,-0.003243210,0.328569796,-0.013538599,-0.041147547,2.813739,1,Solve_Succeeded,-0.034642579,0.007058571,6.938893903907e-18
20.360000,-0.127196053,-0.003377824,0.328227742,-0.013473040,-0.041147547,2.813739,1,Solve_Succeeded,-0.034642579,0.007058571,6.938893903907e-18
20.370000,-0.123917825,-0.003512110,0.327883571,-0.013435199,-0.044344026,2.842034,1,Solve_Succeeded,-0.037309993,0.007132172,6.938893903907e-18
20.380000,-0.120643328,-0.003645681,0.327514809,-0.013368863,-0.044344026,2.842034,1,Solve_Succeeded,-0.037309993,0.007132172,6.938893903907e-18
20.390000,-0.117372543,-0.003778913,0.327143947,-0.013330032,-0.047515144,3.051329,1,Solve_Succeeded,-0.039956192,0.007204141,4.336808689942e-19
20.400000,-0.114105753,-0.003911424,0.326748688,-0.013262936,-0.047515144,3.051329,1,Solve_Succeeded,-0.039956192,0.007204141,4.336808689942e-19
20.410000,-0.110842941,-0.004043585,0.326351346,-0.013223127,-0.050660491,3.533388,1,Solve_Succeeded,-0.042580832,0.007274476,0.000000000000e+00
20.420000,-0.107584387,-0.004175018,0.325929806,-0.013155287,-0.050660491,3.533388,1,Solve_Succeeded,-0.042580832,0.007274476,0.000000000000e+00
20.430000,-0.104330072,-0.004306091,0.325506200,-0.013114512,-0.053779661,2.748442,1,Solve_Succeeded,-0.045183576,0.007343172,6.938893903907e-18
20.440000,-0.101080276,-0.004436430,0.325058596,-0.013045942,-0.053779661,2.748442,1,Solve_Succeeded,-0.045183576,0.007343172,6.938893903907e-18
20.450000,-0.097834980,-0.004566398,0.324608944,-0.013004214,-0.056872256,2.596880,1,Solve_Succeeded,-0.047764093,0.007410228,6.938893903907e-18
20.460000,-0.094594461,-0.004695625,0.324135500,-0.012934931,-0.056872256,2.596880,1,Solve_Succeeded,-0.047764093,0.007410228,6.938893903907e-18
20.470000,-0.091358700,-0.004824473,0.323660024,-0.012892261,-0.059937886,3.242441,1,Solve_Succeeded,-0.050322056,0.007475640,6.938893903907e-18
20.480000,-0.088127971,-0.004952572,0.323160963,-0.012822282,-0.059937886,3.242441,1,Solve_Succeeded,-0.050322056,0.007475640,6.938893903907e-18
20.490000,-0.084902256,-0.005080282,0.322659889,-0.012778683,-0.062976166,2.805199,1,Solve_Succeeded,-0.052857145,0.007539406,0.000000000000e+00
20.500000,-0.081681827,-0.005207237,0.322135440,-0.012708022,-0.062976166,2.805199,1,Solve_Succeeded,-0.052857145,0.007539406,0.000000000000e+00
20.510000,-0.078466666,-0.005333794,0.321608996,-0.012663507,-0.065986717,2.848858,1,Solve_Succeeded,-0.055369045,0.007601524,0.000000000000e+00
20.520000,-0.075257042,-0.005459590,0.321059390,-0.012592180,-0.065986717,2.848858,1,Solve_Succeeded,-0.055369045,0.007601524,0.000000000000e+00
20.530000,-0.072052938,-0.005584977,0.320507807,-0.012546761,-0.068969170,2.570633,1,Solve_Succeeded,-0.057857446,0.007661992,4.336808689942e-19
20.540000,-0.068854619,-0.005709598,0.319933280,-0.012474786,-0.068969170,2.570633,1,Solve_Succeeded,-0.057857446,0.007661992,4.336808689942e-19
20.550000,-0.065662068,-0.005833801,0.319356793,-0.012428476,-0.071923159,3.255911,1,Solve_Succeeded,-0.060322045,0.007720808,0.000000000000e+00
20.560000,-0.062475550,-0.005957232,0.318757581,-0.012355866,-0.071923159,3.255911,1,Solve_Succeeded,-0.060322045,0.007720808,0.000000000000e+00
20.570000,-0.059295046,-0.006080235,0.318156428,-0.012308678,-0.074848328,3.126036,1,Solve_Succeeded,-0.062762544,0.007777971,0.000000000000e+00
20.580000,-0.056120819,-0.006202460,0.317532772,-0.012235451,-0.074848328,3.126036,1,Solve_Succeeded,-0.062762544,0.007777971,0.000000000000e+00
20.590000,-0.052952851,-0.006324250,0.316907194,-0.012187397,-0.077744326,2.851518,1,Solve_Succeeded,-0.065178651,0.007833480,1.387778780781e-17
20.600000,-0.049791401,-0.006445255,0.316259337,-0.012113569,-0.077744326,2.851518,1,Solve_Succeeded,-0.065178651,0.007833480,1.387778780781e-17
20.610000,-0.046636452,-0.006565815,0.315609578,-0.012064663,-0.080610810,2.481916,1,Solve_Succeeded,-0.067570081,0.007887334,4.336808689942e-19
20.620000,-0.043488260,-0.006685586,0.314937766,-0.011990249,-0.080610810,2.481916,1,Solve_Succeeded,-0.067570081,0.007887334,4.336808689942e-19
20.630000,-0.040346808,-0.006804904,0.314264072,-0.011940504,-0.083447442,3.045866,1,Solve_Succeeded,-0.069936551,0.007939532,0.000000000000e+00
20.640000,-0.037212350,-0.006923427,0.313568555,-0.011865520,-0.083447442,3.045866,1,Solve_Succeeded,-0.069936551,0.007939532,0.000000000000e+00
20.650000,-0.034084869,-0.007041487,0.312871175,-0.011814949,-0.086253894,2.535537,1,Solve_Succeeded,-0.072277788,0.007990075,0.000000000000e+00
20.660000,-0.030964615,-0.007158748,0.312152205,-0.011739411,-0.086253894,2.535537,1,Solve_Succeeded,-0.072277788,0.007990075,0.000000000000e+00
20.670000,-0.027851573,-0.007275537,0.311431392,-0.011688028,-0.089029843,2.624957,1,Solve_Succeeded,-0.074593523,0.008038962,1.387778780781e-17
20.680000,-0.024745991,-0.007391523,0.310689223,-0.011611953,-0.089029843,2.624957,1,Solve_Succeeded,-0.074593523,0.008038962,1.387778780781e-17
20.690000,-0.021647852,-0.007507028,0.309945231,-0.011559769,-0.091774972,3.866929,1,Solve_Succeeded,-0.076883492,0.008086194,0.000000000000e+00
20.700000,-0.018557401,-0.007621725,0.309180120,-0.011483173,-0.091774972,3.866929,1,Solve_Succeeded,-0.076883492,0.008086194,0.000000000000e+00
20.710000,-0.015474622,-0.007735933,0.308413207,-0.011430203,-0.094488974,3.594429,1,Solve_Succeeded,-0.079147438,0.008131770,0.000000000000e+00
20.720000,-0.012399758,-0.007849328,0.307625415,-0.011353101,-0.094488974,3.594429,1,Solve_Succeeded,-0.079147438,0.008131770,0.000000000000e+00
20.730000,-0.009332793,-0.007962227,0.306835840,-0.011299358,-0.097171546,2.552372,1,Solve_Succeeded,-0.081385111,0.008175693,1.387778780781e-17
20.740000,-0.006273966,-0.008074308,0.306025628,-0.011221767,-0.097171546,2.552372,1,Solve_Succeeded,-0.081385111,0.008175693,1.387778780781e-17
20.750000,-0.003223263,-0.008185884,0.305213655,-0.011167265,-0.099822395,2.641788,1,Solve_Succeeded,-0.083596265,0.008217962,8.673617379884e-19
20.760000,-0.000180919,-0.008296638,0.304381289,-0.011089201,-0.099822395,2.641788,1,Solve_Succeeded,-0.083596265,0.008217962,8.673617379884e-19
20.770000,0.002853081,-0.008406880,0.303547181,-0.011033953,-0.102441232,2.941859,1,Solve_Succeeded,-0.085780659,0.008258579,1.387778780781e-17
20.780000,0.005878503,-0.008516296,0.302692928,-0.010955432,-0.102441232,2.941859,1,Solve_Succeeded,-0.085780659,0.008258579,1.387778780781e-17
20.790000,0.008895362,-0.008625192,0.301836954,-0.010899452,-0.105027777,3.396171,1,Solve_Succeeded,-0.087938061,0.008297546,1.387778780781e-17
20.800000,0.011903427,-0.008733257,0.300961083,-0.010820489,-0.105027777,3.396171,1,Solve_Succeeded,-0.087938061,0.008297546,1.387778780781e-17
20.810000,0.014902714,-0.008840795,0.300083512,-0.010763790,-0.107581757,2.680347,1,Solve_Succeeded,-0.090068242,0.008334864,0.000000000000e+00
20.820000,0.017892993,-0.008947499,0.299186295,-0.010684403,-0.107581757,2.680347,1,Solve_Succeeded,-0.090068242,0.008334864,0.000000000000e+00
20.830000,0.020874281,-0.009053668,0.298287400,-0.010626999,-0.110102905,2.469863,1,Solve_Succeeded,-0.092170981,0.008370537,1.387778780781e-17
20.840000,0.023846351,-0.009158999,0.297369110,-0.010547203,-0.110102905,2.469863,1,Solve_Succeeded,-0.092170981,0.008370537,1.387778780781e-17
20.850000,0.026809220,-0.009263788,0.296449165,-0.010489108,-0.112590962,3.626949,1,Solve_Succeeded,-0.094246063,0.008404565,1.387778780781e-17
20.860000,0.029762663,-0.009367735,0.295510080,-0.010408919,-0.112590962,3.626949,1,Solve_Succeeded,-0.094246063,0.008404565,1.387778780781e-17
20.870000,0.032706697,-0.009471133,0.294569360,-0.010350146,-0.115045676,3.726368,1,Solve_Succeeded,-0.096293276,0.008436952,0.000000000000e+00
20.880000,0.035641101,-0.009573687,0.293609758,-0.010269580,-0.115045676,3.726368,1,Solve_Succeeded,-0.096293276,0.008436952,0.000000000000e+00
20.890000,0.038565890,-0.009675683,0.292648543,-0.010210145,-0.117466803,2.785552,1,Solve_Succeeded,-0.098312418,0.008467701,1.387778780781e-17
20.900000,0.041480848,-0.009776833,0.291668703,-0.010129217,-0.117466803,2.785552,1,Solve_Succeeded,-0.098312418,0.008467701,1.387778780781e-17
20.910000,0.044385989,-0.009877418,0.290687273,-0.010069132,-0.119854103,2.408830,1,Solve_Succeeded,-0.100303289,0.008496814,1.387778780781e-17
20.920000,0.047281099,-0.009977153,0.289687479,-0.009987860,-0.119854103,2.408830,1,Solve_Succeeded,-0.100303289,0.008496814,1.387778780781e-17
20.930000,0.050166193,-0.010076317,0.288686117,-0.009927139,-0.122207347,3.189597,1,Solve_Succeeded,-0.102265699,0.008524295,0.000000000000e+00
20.940000,0.053041061,-0.010174629,0.287666652,-0.009845538,-0.122207347,3.189597,1,Solve_Succeeded,-0.102265699,0.008524295,0.000000000000e+00
20.950000,0.055905715,-0.010272362,0.286645642,-0.009784196,-0.124526311,2.779234,1,Solve_Succeeded,-0.104199460,0.008550148,0.000000000000e+00
20.960000,0.058759950,-0.010369241,0.285606793,-0.009702281,-0.124526311,2.779234,1,Solve_Succeeded,-0.104199460,0.008550148,0.000000000000e+00
20.970000,0.061603778,-0.010465535,0.284566421,-0.009640331,-0.126810779,4.180947,1,Solve_Succeeded,-0.106104393,0.008574376,2.775557561563e-17
20.980000,0.064436996,-0.010560971,0.283508476,-0.009558120,-0.126810779,4.180947,1,Solve_Succeeded,-0.106104393,0.008574376,2.775557561563e-17
20.990000,0.067259617,-0.010655816,0.282449031,-0.009495576,-0.129060541,3.427127,1,Solve_Succeeded,-0.107980324,0.008596985,2.775557561563e-17
21.000000,0.070071439,-0.010749801,0.281372279,-0.009413084,-0.129060541,3.427127,1,Solve_Succeeded,-0.107980324,0.008596985,2.775557561563e-17
21.010000,0.072872477,-0.010843190,0.280294050,-0.009349960,-0.131275396,2.715208,1,Solve_Succeeded,-0.109827084,0.008617977,8.673617379884e-19
21.020000,0.075662532,-0.010935716,0.279198784,-0.009267203,-0.131275396,2.715208,1,Solve_Succeeded,-0.109827084,0.008617977,8.673617379884e-19
21.030000,0.078441617,-0.011027638,0.278102062,-0.009203514,-0.133455147,2.887856,1,Solve_Succeeded,-0.111644511,0.008637358,0.000000000000e+00
21.040000,0.081209538,-0.011118697,0.276988574,-0.009120506,-0.133455147,2.887856,1,Solve_Succeeded,-0.111644511,0.008637358,0.000000000000e+00
21.050000,0.083966307,-0.011209146,0.275873654,-0.009056266,-0.135599608,3.200313,1,Solve_Succeeded,-0.113432449,0.008655134,0.000000000000e+00
21.060000,0.086711733,-0.011298730,0.274742238,-0.008973025,-0.135599608,3.200313,1,Solve_Succeeded,-0.113432449,0.008655134,0.000000000000e+00
21.070000,0.089445828,-0.011387698,0.273609414,-0.008908248,-0.137708597,3.418622,1,Solve_Succeeded,-0.115190747,0.008671308,8.673617379884e-19
21.080000,0.092168404,-0.011475798,0.272460367,-0.008824789,-0.137708597,3.418622,1,Solve_Succeeded,-0.115190747,0.008671308,8.673617379884e-19
21.090000,0.094879473,-0.011563278,0.271309935,-0.008759488,-0.139781942,3.439208,1,Solve_Succeeded,-0.116919261,0.008685886,2.775557561563e-17
21.100000,0.097578850,-0.011649889,0.270143555,-0.008675827,-0.139781942,3.439208,1,Solve_Succeeded,-0.116919261,0.008685886,2.775557561563e-17
21.110000,0.100266548,-0.011735873,0.268975813,-0.008610018,-0.141819475,3.269882,1,Solve_Succeeded,-0.118617853,0.008698874,2.775557561563e-17
21.120000,0.102942383,-0.011820986,0.267792398,-0.008526169,-0.141819475,3.269882,1,Solve_Succeeded,-0.118617853,0.008698874,2.775557561563e-17
21.130000,0.105606369,-0.011905468,0.266607645,-0.008459866,-0.143821038,4.078450,1,Solve_Succeeded,-0.120286390,0.008710278,2.775557561563e-17
21.140000,0.108258326,-0.011989078,0.265407496,-0.008375846,-0.143821038,4.078450,1,Solve_Succeeded,-0.120286390,0.008710278,2.775557561563e-17
21.150000,0.110898266,-0.012072051,0.264206032,-0.008309063,-0.145786477,2.669483,1,Solve_Succeeded,-0.121924746,0.008720105,0.000000000000e+00
21.160000,0.113526014,-0.012154151,0.262989450,-0.008224887,-0.145786477,2.669483,1,Solve_Succeeded,-0.121924746,0.008720105,0.000000000000e+00
21.170000,0.116141580,-0.012235609,0.261771578,-0.008157638,-0.147715649,2.805851,1,Solve_Succeeded,-0.123532800,0.008728359,2.775557561563e-17
21.180000,0.118744794,-0.012316194,0.260538866,-0.008073322,-0.147715649,2.805851,1,Solve_Succeeded,-0.123532800,0.008728359,2.775557561563e-17
21.190000,0.121335665,-0.012396130,0.259304888,-0.008005621,-0.149608415,3.467007,1,Solve_Succeeded,-0.125110438,0.008735049,2.775557561563e-17
21.200000,0.123914025,-0.012475193,0.258056350,-0.007921181,-0.149608415,3.467007,1,Solve_Succeeded,-0.125110438,0.008735049,2.775557561563e-17
21.210000,0.126479885,-0.012553603,0.256806570,-0.007853041,-0.151464644,2.739586,1,Solve_Succeeded,-0.126657550,0.008740181,0.000000000000e+00
21.220000,0.129033080,-0.012631139,0.255542512,-0.007768492,-0.151464644,2.739586,1,Solve_Succeeded,-0.126657550,0.008740181,0.000000000000e+00
21.230000,0.131573619,-0.012708017,0.254277234,-0.007699929,-0.153284213,2.683073,1,Solve_Succeeded,-0.128174034,0.008743762,1.734723475977e-18
21.240000,0.134101341,-0.012784021,0.252997962,-0.007615286,-0.153284213,2.683073,1,Solve_Succeeded,-0.128174034,0.008743762,1.734723475977e-18
21.250000,0.136616257,-0.012859362,0.251717494,-0.007546315,-0.155067003,2.443396,1,Solve_Succeeded,-0.129659793,0.008745799,1.734723475977e-18
21.260000,0.139118206,-0.012933829,0.250423314,-0.007461593,-0.155067003,2.443396,1,Solve_Succeeded,-0.129659793,0.008745799,1.734723475977e-18
21.270000,0.141607200,-0.013007628,0.249127963,-0.007392226,-0.156812907,2.660970,1,Solve_Succeeded,-0.131114736,0.008746300,2.775557561563e-17
21.280000,0.144083082,-0.013080553,0.247819183,-0.007307441,-0.156812907,2.660970,1,Solve_Succeeded,-0.131114736,0.008746300,2.775557561563e-17
21.290000,0.146545863,-0.013152807,0.246509256,-0.007237694,-0.158521821,2.460302,1,Solve_Succeeded,-0.132538778,0.008745273,2.775557561563e-17
21.300000,0.148995390,-0.013224186,0.245186186,-0.007152860,-0.158521821,2.460302,1,Solve_Succeeded,-0.132538778,0.008745273,2.775557561563e-17
21.310000,0.151431673,-0.013294890,0.243861993,-0.007082746,-0.160193649,2.737963,1,Solve_Succeeded,-0.133931839,0.008742726,2.775557561563e-17
21.320000,0.153854563,-0.013364719,0.242524942,-0.006997879,-0.160193649,2.737963,1,Solve_Succeeded,-0.133931839,0.008742726,2.775557561563e-17
21.330000,0.156264069,-0.013433869,0.241186793,-0.006927414,-0.161828303,3.223879,1,Solve_Succeeded,-0.135293845,0.008738668,0.000000000000e+00
21.340000,0.158660046,-0.013502144,0.239836071,-0.006842528,-0.161828303,3.223879,1,Solve_Succeeded,-0.135293845,0.008738668,0.000000000000e+00
21.350000,0.161042504,-0.013569736,0.238484275,-0.006771725,-0.163425701,2.679809,1,Solve_Succeeded,-0.136624730,0.008733105,2.775557561563e-17
21.360000,0.163411298,-0.013636455,0.237120194,-0.006686836,-0.163425701,2.679809,1,Solve_Succeeded,-0.136624730,0.008733105,2.775557561563e-17
21.370000,0.165766440,-0.013702486,0.235755064,-0.006615709,-0.164985768,3.055110,1,Solve_Succeeded,-0.137924431,0.008726049,1.734723475977e-18
21.380000,0.168107789,-0.013767645,0.234377935,-0.006530831,-0.164985768,3.055110,1,Solve_Succeeded,-0.137924431,0.008726049,1.734723475977e-18
21.390000,0.170435355,-0.013832113,0.232999781,-0.006459395,-0.166508436,2.483860,1,Solve_Succeeded,-0.139192892,0.008717506,0.000000000000e+00
21.400000,0.172749001,-0.013895709,0.231609916,-0.006374543,-0.166508436,2.483860,1,Solve_Succeeded,-0.139192892,0.008717506,0.000000000000e+00
21.410000,0.175048737,-0.013958610,0.230219052,-0.006302811,-0.167993645,2.812019,1,Solve_Succeeded,-0.140430064,0.008707487,2.775557561563e-17
21.420000,0.177334430,-0.014020640,0.228816765,-0.006218001,-0.167993645,2.812019,1,Solve_Succeeded,-0.140430064,0.008707487,2.775557561563e-17
21.430000,0.179606089,-0.014081973,0.227413503,-0.006145988,-0.169441340,2.570000,1,Solve_Succeeded,-0.141635900,0.008696002,2.775557561563e-17
21.440000,0.181863584,-0.014142436,0.225999106,-0.006061233,-0.169441340,2.570000,1,Solve_Succeeded,-0.141635900,0.008696002,2.775557561563e-17
21.450000,0.184106924,-0.014202198,0.224583759,-0.005988953,-0.170851474,2.486592,1,Solve_Succeeded,-0.142810363,0.008683058,2.775557561563e-17
21.460000,0.186335983,-0.014261091,0.223157567,-0.005904268,-0.170851474,2.486592,1,Solve_Succeeded,-0.142810363,0.008683058,2.775557561563e-17
21.470000,0.188550769,-0.014319281,0.221730449,-0.005831734,-0.172224007,3.114109,1,Solve_Succeeded,-0.143953419,0.008668667,2.775557561563e-17
21.480000,0.190751160,-0.014376603,0.220292776,-0.005747134,-0.172224007,3.114109,1,Solve_Succeeded,-0.143953419,0.008668667,2.775557561563e-17
21.490000,0.192937163,-0.014433218,0.218854201,-0.005674362,-0.173558905,2.714391,1,Solve_Succeeded,-0.145065041,0.008652839,0.000000000000e+00
21.500000,0.195108660,-0.014488967,0.217405360,-0.005589860,-0.173558905,2.714391,1,Solve_Succeeded,-0.145065041,0.008652839,0.000000000000e+00
21.510000,0.197265658,-0.014544007,0.215955643,-0.005516863,-0.174856141,2.794805,1,Solve_Succeeded,-0.146145207,0.008635583,2.775557561563e-17
21.520000,0.199408042,-0.014598183,0.214495949,-0.005432474,-0.174856141,2.794805,1,Solve_Succeeded,-0.146145207,0.008635583,2.775557561563e-17
21.530000,0.201535818,-0.014651646,0.213035403,-0.005359266,-0.176115696,2.707314,1,Solve_Succeeded,-0.147193901,0.008616910,2.775557561563e-17
21.540000,0.203648875,-0.014704248,0.211565172,-0.005275004,-0.176115696,2.707314,1,Solve_Succeeded,-0.147193901,0.008616910,2.775557561563e-17
21.550000,0.205747221,-0.014756134,0.210094113,-0.005201600,-0.177337556,2.557115,1,Solve_Succeeded,-0.148211112,0.008596831,5.551115123126e-17
21.560000,0.207830745,-0.014807160,0.208613658,-0.005117479,-0.177337556,2.557115,1,Solve_Succeeded,-0.148211112,0.008596831,5.551115123126e-17
21.570000,0.209899455,-0.014857470,0.207132400,-0.005043892,-0.178521714,2.577766,1,Solve_Succeeded,-0.149196835,0.008575356,0.000000000000e+00
21.580000,0.211953245,-0.014906921,0.205642037,-0.004959926,-0.178521714,2.577766,1,Solve_Succeeded,-0.149196835,0.008575356,0.000000000000e+00
21.590000,0.213992122,-0.014955652,0.204150896,-0.004886170,-0.179668171,2.517743,1,Solve_Succeeded,-0.150151071,0.008552498,0.000000000000e+00
21.600000,0.216015985,-0.015003528,0.202650938,-0.004802373,-0.179668171,2.517743,1,Solve_Succeeded,-0.150151071,0.008552498,0.000000000000e+00
21.610000,0.218024839,-0.015050682,0.201150229,-0.004728461,-0.180776932,2.667283,1,Solve_Succeeded,-0.151073825,0.008528266,1.734723475977e-18
21.620000,0.220018585,-0.015096983,0.199640993,-0.004644847,-0.180776932,2.667283,1,Solve_Succeeded,-0.151073825,0.008528266,1.734723475977e-18
21.630000,0.221997231,-0.015142560,0.198131029,-0.004570794,-0.181848012,2.544330,1,Solve_Succeeded,-0.151965111,0.008502673,0.000000000000e+00
21.640000,0.223960680,-0.015187287,0.196612829,-0.004487376,-0.181848012,2.544330,1,Solve_Succeeded,-0.151965111,0.008502673,0.000000000000e+00
21.650000,0.225908939,-0.015231288,0.195093926,-0.004413196,-0.182881429,2.666930,1,Solve_Succeeded,-0.152824943,0.008475730,0.000000000000e+00
21.660000,0.227841915,-0.015274441,0.193567077,-0.004329988,-0.182881429,2.666930,1,Solve_Succeeded,-0.152824943,0.008475730,0.000000000000e+00
21.670000,0.229759615,-0.015316867,0.192039549,-0.004255693,-0.183877211,2.916632,1,Solve_Succeeded,-0.153653346,0.008447448,0.000000000000e+00
21.680000,0.231661950,-0.015358447,0.190504365,-0.004172708,-0.183877211,2.916632,1,Solve_Succeeded,-0.153653346,0.008447448,0.000000000000e+00
21.690000,0.233548925,-0.015399299,0.188968527,-0.004098314,-0.184835389,2.823866,1,Solve_Succeeded,-0.154450346,0.008417841,2.775557561563e-17
21.700000,0.235420454,-0.015439309,0.187425321,-0.004015565,-0.184835389,2.823866,1,Solve_Succeeded,-0.154450346,0.008417841,2.775557561563e-17
21.710000,0.237276545,-0.015478588,0.185881487,-0.003941084,-0.185756003,2.630916,1,Solve_Succeeded,-0.155215977,0.008386920,2.775557561563e-17
21.720000,0.239117114,-0.015517029,0.184330574,-0.003858586,-0.185756003,2.630916,1,Solve_Succeeded,-0.155215977,0.008386920,2.775557561563e-17
21.730000,0.240942166,-0.015554737,0.182779057,-0.003784031,-0.186639099,2.450324,1,Solve_Succeeded,-0.155950278,0.008354697,2.775557561563e-17
21.740000,0.242751624,-0.015591610,0.181220750,-0.003701796,-0.186639099,2.450324,1,Solve_Succeeded,-0.155950278,0.008354697,2.775557561563e-17
21.750000,0.244545492,-0.015627750,0.179661863,-0.003627182,-0.187484728,2.752951,1,Solve_Succeeded,-0.156653292,0.008321186,2.775557561563e-17
21.760000,0.246323694,-0.015663058,0.178096476,-0.003545222,-0.187484728,2.752951,1,Solve_Succeeded,-0.156653292,0.008321186,2.775557561563e-17
21.770000,0.248086236,-0.015697632,0.176530533,-0.003470562,-0.188292949,2.573381,1,Solve_Succeeded,-0.157325069,0.008286398,5.551115123126e-17
21.780000,0.249833045,-0.015731377,0.174958377,-0.003388891,-0.188292949,2.573381,1,Solve_Succeeded,-0.157325069,0.008286398,5.551115123126e-17
21.790000,0.251564127,-0.015764387,0.173385690,-0.003314198,-0.189063825,2.656829,1,Solve_Succeeded,-0.157965662,0.008250347,0.000000000000e+00
21.800000,0.253279412,-0.015796571,0.171807077,-0.003232828,-0.189063825,2.656829,1,Solve_Succeeded,-0.157965662,0.008250347,0.000000000000e+00
21.810000,0.254978905,-0.015828021,0.170227958,-0.003158116,-0.189797428,3.681993,1,Solve_Succeeded,-0.158575132,0.008213045,1.734723475977e-18
21.820000,0.256662540,-0.015858648,0.168643200,-0.003077060,-0.189797428,3.681993,1,Solve_Succeeded,-0.158575132,0.008213045,1.734723475977e-18
21.830000,0.258330322,-0.015888540,0.167057960,-0.003002341,-0.190493834,3.517906,1,Solve_Succeeded,-0.159153543,0.008174507,2.775557561563e-17
21.840000,0.259982189,-0.015917614,0.165467367,-0.002921613,-0.190493834,3.517906,1,Solve_Succeeded,-0.159153543,0.008174507,2.775557561563e-17
21.850000,0.261618144,-0.015945951,0.163876317,-0.002846901,-0.191153126,2.851726,1,Solve_Succeeded,-0.159700964,0.008134745,0.000000000000e+00
21.860000,0.263238130,-0.015973474,0.162280200,-0.002766511,-0.191153126,2.851726,1,Solve_Succeeded,-0.159700964,0.008134745,0.000000000000e+00
21.870000,0.264842149,-0.016000260,0.160683649,-0.002691818,-0.191775394,2.606082,1,Solve_Succeeded,-0.160217471,0.008093773,2.775557561563e-17
21.880000,0.266430146,-0.016026237,0.159082317,-0.002611780,-0.191775394,2.606082,1,Solve_Succeeded,-0.160217471,0.008093773,2.775557561563e-17
21.890000,0.268002125,-0.016051476,0.157480575,-0.002537121,-0.192360732,2.450554,1,Solve_Succeeded,-0.160703144,0.008051605,2.775557561563e-17
21.900000,0.269558034,-0.016075910,0.155874336,-0.002457446,-0.192360732,2.450554,1,Solve_Succeeded,-0.160703144,0.008051605,2.775557561563e-17
21.910000,0.271097876,-0.016099607,0.154267712,-0.002382832,-0.192909242,2.659443,1,Solve_Succeeded,-0.161158067,0.008008255,2.775557561563e-17
21.920000,0.272621602,-0.016122502,0.152656873,-0.002303532,-0.192909242,2.659443,1,Solve_Succeeded,-0.161158067,0.008008255,2.775557561563e-17
21.930000,0.274129215,-0.016144660,0.151045674,-0.002228977,-0.193421029,2.508707,1,Solve_Succeeded,-0.161582330,0.007963736,0.000000000000e+00
21.940000,0.275620671,-0.016166022,0.149430543,-0.002150065,-0.193421029,2.508707,1,Solve_Succeeded,-0.161582330,0.007963736,0.000000000000e+00
21.950000,0.277095970,-0.016186646,0.147815076,-0.002075581,-0.193896208,2.608473,1,Solve_Succeeded,-0.161976028,0.007918062,2.775557561563e-17
21.960000,0.278555073,-0.016206478,0.146195958,-0.001997068,-0.193896208,2.608473,1,Solve_Succeeded,-0.161976028,0.007918062,2.775557561563e-17
21.970000,0.279997980,-0.016225574,0.144576528,-0.001922669,-0.194334897,3.315755,1,Solve_Succeeded,-0.162339261,0.007871249,2.775557561563e-17
21.980000,0.281424654,-0.016243882,0.142953728,-0.001844565,-0.194334897,3.315755,1,Solve_Succeeded,-0.162339261,0.007871249,2.775557561563e-17
21.990000,0.282835096,-0.016261453,0.141330640,-0.001770263,-0.194737219,2.646314,1,Solve_Succeeded,-0.162672132,0.007823310,2.775557561563e-17
22.000000,0.284229271,-0.016278242,0.139704462,-0.001692582,-0.194737219,2.646314,1,Solve_Succeeded,-0.162672132,0.007823310,2.775557561563e-17
22.010000,0.285607181,-0.016294295,0.138078020,-0.001618389,-0.195103306,2.398565,1,Solve_Succeeded,-0.162974752,0.007774260,0.000000000000e+00
22.020000,0.286968793,-0.016309570,0.136448767,-0.001541141,-0.195103306,2.398565,1,Solve_Succeeded,-0.162974752,0.007774260,0.000000000000e+00
22.030000,0.288314110,-0.016324110,0.134819274,-0.001467069,-0.195433293,2.413896,1,Solve_Succeeded,-0.163247234,0.007724114,0.000000000000e+00
22.040000,0.289643103,-0.016337877,0.133187246,-0.001390266,-0.195433293,2.413896,1,Solve_Succeeded,-0.163247234,0.007724114,0.000000000000e+00
22.050000,0.290955772,-0.016350910,0.131555003,-0.001316329,-0.195727322,2.754617,1,Solve_Succeeded,-0.163489696,0.007672886,0.000000000000e+00
22.060000,0.292252093,-0.016363175,0.129920502,-0.001239981,-0.195727322,2.754617,1,Solve_Succeeded,-0.163489696,0.007672886,0.000000000000e+00
22.070000,0.293532066,-0.016374706,0.128285809,-0.001166190,-0.195985539,3.279897,1,Solve_Succeeded,-0.163702262,0.007620592,2.775557561563e-17
22.080000,0.294795669,-0.016385476,0.126649134,-0.001090309,-0.195985539,3.279897,1,Solve_Succeeded,-0.163702262,0.007620592,2.775557561563e-17
22.090000,0.296042904,-0.016395512,0.125012289,-0.001016676,-0.196208098,3.220471,1,Solve_Succeeded,-0.163885060,0.007567247,2.775557561563e-17
22.100000,0.297273750,-0.016404792,0.123373738,-0.000941272,-0.196208098,3.220471,1,Solve_Succeeded,-0.163885060,0.007567247,2.775557561563e-17
22.110000,0.298488208,-0.016413341,0.121735041,-0.000867810,-0.196395155,2.621672,1,Solve_Succeeded,-0.164038222,0.007512865,1.734723475977e-18
22.120000,0.299686263,-0.016421137,0.120094910,-0.000792894,-0.196395155,2.621672,1,Solve_Succeeded,-0.164038222,0.007512865,1.734723475977e-18
22.130000,0.300867915,-0.016428204,0.118454656,-0.000719615,-0.196546874,2.638779,1,Solve_Succeeded,-0.164161885,0.007457462,0.000000000000e+00
22.140000,0.302033151,-0.016434525,0.116813240,-0.000645197,-0.196546874,2.638779,1,Solve_Succeeded,-0.164161885,0.007457462,0.000000000000e+00
22.150000,0.303181971,-0.016440117,0.115171725,-0.000572112,-0.196663425,2.451321,1,Solve_Succeeded,-0.164256190,0.007401054,2.775557561563e-17
22.160000,0.304314366,-0.016444969,0.113529319,-0.000498202,-0.196663425,2.451321,1,Solve_Succeeded,-0.164256190,0.007401054,2.775557561563e-17
22.170000,0.305430336,-0.016449093,0.111886836,-0.000425323,-0.196744980,2.629795,1,Solve_Succeeded,-0.164321283,0.007343655,1.734723475977e-18
22.180000,0.306529874,-0.016452483,0.110243731,-0.000351933,-0.196744980,2.629795,1,Solve_Succeeded,-0.164321283,0.007343655,1.734723475977e-18
22.190000,0.307612980,-0.016455147,0.108600573,-0.000279272,-0.196791719,2.585402,1,Solve_Succeeded,-0.164357314,0.007285282,0.000000000000e+00
22.200000,0.308679650,-0.016457083,0.106957060,-0.000206410,-0.196791719,2.585402,1,Solve_Succeeded,-0.164357314,0.007285282,0.000000000000e+00
22.210000,0.309729885,-0.016458295,0.105313517,-0.000133979,-0.196803826,2.557394,1,Solve_Succeeded,-0.164364437,0.007225951,0.000000000000e+00
22.220000,0.310763683,-0.016458784,0.103669886,-0.000061656,-0.196803826,2.557394,1,Solve_Succeeded,-0.164364437,0.007225951,0.000000000000e+00
22.230000,0.311781045,-0.016458551,0.102026248,0.000010535,-0.196781491,2.974692,1,Solve_Succeeded,-0.164342811,0.007165676,0.000000000000e+00
22.240000,0.312781973,-0.016457601,0.100382787,0.000082309,-0.196781491,2.974692,1,Solve_Succeeded,-0.164342811,0.007165676,0.000000000000e+00
22.250000,0.313766466,-0.016455932,0.098739341,0.000154248,-0.196724908,2.535122,1,Solve_Succeeded,-0.164292599,0.007104474,1.734723475977e-18
22.260000,0.314734530,-0.016453552,0.097096335,0.000225464,-0.196724908,2.535122,1,Solve_Succeeded,-0.164292599,0.007104474,1.734723475977e-18
22.270000,0.315686164,-0.016450454,0.095453367,0.000297139,-0.196634276,2.614363,1,Solve_Succeeded,-0.164213967,0.007042362,0.000000000000e+00
22.280000,0.316621377,-0.016446651,0.093811101,0.000367788,-0.196634276,2.614363,1,Solve_Succeeded,-0.164213967,0.007042362,0.000000000000e+00
22.290000,0.317540168,-0.016442133,0.092168895,0.000439188,-0.196509799,2.601519,1,Solve_Succeeded,-0.164107086,0.006979354,0.000000000000e+00
22.300000,0.318442548,-0.016436917,0.090527653,0.000509260,-0.196509799,2.601519,1,Solve_Succeeded,-0.164107086,0.006979354,0.000000000000e+00
22.310000,0.319328517,-0.016430988,0.088886492,0.000580375,-0.196351686,2.774165,1,Solve_Succeeded,-0.163972132,0.006915467,1.734723475977e-18
22.320000,0.320198088,-0.016424367,0.087246553,0.000649861,-0.196351686,2.774165,1,Solve_Succeeded,-0.163972132,0.006915467,1.734723475977e-18
22.330000,0.321051262,-0.016417035,0.085606719,0.000720679,-0.196160152,2.806325,1,Solve_Succeeded,-0.163809284,0.006850718,2.775557561563e-17
22.340000,0.321888054,-0.016409018,0.083968363,0.000789571,-0.196160152,2.806325,1,Solve_Succeeded,-0.163809284,0.006850718,2.775557561563e-17
22.350000,0.322708465,-0.016400292,0.082330133,0.000860081,-0.195935415,2.637478,1,Solve_Succeeded,-0.163618724,0.006785122,5.551115123126e-17
22.360000,0.323512513,-0.016390888,0.080693638,0.000928369,-0.195935415,2.637478,1,Solve_Succeeded,-0.163618724,0.006785122,5.551115123126e-17
22.370000,0.324300198,-0.016380779,0.079057291,0.000998561,-0.195677698,2.614637,1,Solve_Succeeded,-0.163400639,0.006718697,0.000000000000e+00
22.380000,0.325071543,-0.016369997,0.077422932,0.001066237,-0.195677698,2.614637,1,Solve_Succeeded,-0.163400639,0.006718697,0.000000000000e+00
22.390000,0.325826547,-0.016358513,0.075788742,0.001136101,-0.195387229,2.753657,1,Solve_Succeeded,-0.163155220,0.006651458,0.000000000000e+00
22.400000,0.326565235,-0.016346363,0.074156793,0.001203156,-0.195387229,2.753657,1,Solve_Succeeded,-0.163155220,0.006651458,0.000000000000e+00
22.410000,0.327287606,-0.016333513,0.072525035,0.001272680,-0.195064239,3.651176,1,Solve_Succeeded,-0.162882661,0.006583421,0.000000000000e+00
22.420000,0.327993688,-0.016320005,0.070895766,0.001339106,-0.195064239,3.651176,1,Solve_Succeeded,-0.162882661,0.006583421,0.000000000000e+00
22.430000,0.328683481,-0.016305800,0.069266711,0.001408281,-0.194708966,2.709235,1,Solve_Succeeded,-0.162583160,0.006514605,1.734723475977e-18
22.440000,0.329357015,-0.016290943,0.067640394,0.001474069,-0.194708966,2.709235,1,Solve_Succeeded,-0.162583160,0.006514605,1.734723475977e-18
22.450000,0.330014288,-0.016275393,0.066014311,0.001542885,-0.194321651,2.631277,1,Solve_Succeeded,-0.162256919,0.006445024,2.775557561563e-17
22.460000,0.330655336,-0.016259198,0.064391213,0.001608028,-0.194321651,2.631277,1,Solve_Succeeded,-0.162256919,0.006445024,2.775557561563e-17
22.470000,0.331280156,-0.016242312,0.062768370,0.001676473,-0.193902539,2.712260,1,Solve_Succeeded,-0.161904144,0.006374695,0.000000000000e+00
22.480000,0.331888785,-0.016224789,0.061148757,0.001740963,-0.193902539,2.712260,1,Solve_Succeeded,-0.161904144,0.006374695,0.000000000000e+00
22.490000,0.332481222,-0.016206578,0.059529419,0.001809029,-0.193451879,2.659890,1,Solve_Succeeded,-0.161525042,0.006303637,1.734723475977e-18
22.500000,0.333057506,-0.016187737,0.057913554,0.001872858,-0.193451879,2.659890,1,Solve_Succeeded,-0.161525042,0.006303637,1.734723475977e-18
22.510000,0.333617635,-0.016168212,0.056297986,0.001940534,-0.192969926,2.879536,1,Solve_Succeeded,-0.161119827,0.006231864,2.775557561563e-17
22.520000,0.334161651,-0.016148064,0.054686130,0.002003694,-0.192969926,2.879536,1,Solve_Succeeded,-0.161119827,0.006231864,2.775557561563e-17
22.530000,0.334689553,-0.016127236,0.053074592,0.002070971,-0.192456937,2.911834,1,Solve_Succeeded,-0.160688714,0.006159394,1.734723475977e-18
22.540000,0.335201387,-0.016105791,0.051467005,0.002133456,-0.192456937,2.911834,1,Solve_Succeeded,-0.160688714,0.006159394,1.734723475977e-18
22.550000,0.335697148,-0.016083669,0.049859756,0.002200324,-0.191913174,3.368158,1,Solve_Succeeded,-0.160231921,0.006086243,2.775557561563e-17
22.560000,0.336176886,-0.016060939,0.048256696,0.002262125,-0.191913174,3.368158,1,Solve_Succeeded,-0.160231921,0.006086243,2.775557561563e-17
22.570000,0.336640598,-0.016037536,0.046653993,0.002328575,-0.191338903,2.644300,1,Solve_Succeeded,-0.159749673,0.006012429,1.734723475977e-18
22.580000,0.337088334,-0.016013531,0.045055714,0.002389686,-0.191338903,2.644300,1,Solve_Succeeded,-0.159749673,0.006012429,1.734723475977e-18
22.590000,0.337520092,-0.015988858,0.043457812,0.002455708,-0.190734393,2.646060,1,Solve_Succeeded,-0.159242193,0.005937969,2.775557561563e-17
22.600000,0.337935927,-0.015963590,0.041864567,0.002516122,-0.190734393,2.646060,1,Solve_Succeeded,-0.159242193,0.005937969,2.775557561563e-17
22.610000,0.338335833,-0.015937657,0.040271719,0.002581708,-0.190099919,2.550966,1,Solve_Succeeded,-0.158709711,0.005862878,2.775557561563e-17
22.620000,0.338719868,-0.015911138,0.038683757,0.002641418,-0.190099919,2.550966,1,Solve_Succeeded,-0.158709711,0.005862878,2.775557561563e-17
22.630000,0.339088029,-0.015883957,0.037096213,0.002706557,-0.189435757,2.592307,1,Solve_Succeeded,-0.158152459,0.005787175,0.000000000000e+00
22.640000,0.339440374,-0.015856197,0.035513784,0.002765557,-0.189435757,2.592307,1,Solve_Succeeded,-0.158152459,0.005787175,0.000000000000e+00
22.650000,0.339776900,-0.015827781,0.033931792,0.002830241,-0.188742189,2.408222,1,Solve_Succeeded,-0.157570672,0.005710875,2.775557561563e-17
22.660000,0.340097669,-0.015798793,0.032355140,0.002888524,-0.188742189,2.408222,1,Solve_Succeeded,-0.157570672,0.005710875,2.775557561563e-17
22.670000,0.340402677,-0.015769152,0.030778945,0.002952745,-0.188019499,2.547948,1,Solve_Succeeded,-0.156964588,0.005633996,5.551115123126e-17
22.680000,0.340691989,-0.015738947,0.029208315,0.003010305,-0.188019499,2.547948,1,Solve_Succeeded,-0.156964588,0.005633996,5.551115123126e-17
22.690000,0.340965599,-0.015708094,0.027638161,0.003074053,-0.187267975,2.633438,1,Solve_Succeeded,-0.156334447,0.005556556,5.551115123126e-17
22.700000,0.341223577,-0.015676685,0.026073793,0.003130884,-0.187267975,2.633438,1,Solve_Succeeded,-0.156334447,0.005556556,5.551115123126e-17
22.710000,0.341465916,-0.015644632,0.024509919,0.003194151,-0.186487909,2.465795,1,Solve_Succeeded,-0.155680494,0.005478569,2.775557561563e-17
22.720000,0.341692687,-0.015612031,0.022952052,0.003250247,-0.186487909,2.465795,1,Solve_Succeeded,-0.155680494,0.005478569,2.775557561563e-17
22.730000,0.341903886,-0.015578790,0.021394698,0.003313025,-0.185679595,3.751311,1,Solve_Succeeded,-0.155002975,0.005400055,5.551115123126e-17
22.740000,0.342099584,-0.015545008,0.019843568,0.003368380,-0.185679595,3.751311,1,Solve_Succeeded,-0.155002975,0.005400055,5.551115123126e-17
22.750000,0.342279778,-0.015510592,0.018292970,0.003430660,-0.184843333,2.527873,1,Solve_Succeeded,-0.154302139,0.005321029,2.775557561563e-17
22.760000,0.342444541,-0.015475642,0.016748810,0.003485269,-0.184843333,2.527873,1,Solve_Succeeded,-0.154302139,0.005321029,2.775557561563e-17
22.770000,0.342593869,-0.015440063,0.015205200,0.003547043,-0.183979422,2.870735,1,Solve_Succeeded,-0.153578239,0.005241509,0.000000000000e+00
22.780000,0.342727839,-0.015403959,0.013668242,0.003600900,-0.183979422,2.870735,1,Solve_Succeeded,-0.153578239,0.005241509,0.000000000000e+00
22.790000,0.342846446,-0.015367229,0.012131852,0.003662160,-0.183088169,2.574013,1,Solve_Succeeded,-0.152831530,0.005161512,0.000000000000e+00
22.800000,0.342949770,-0.015329983,0.010602324,0.003715260,-0.183088169,2.574013,1,Solve_Succeeded,-0.152831530,0.005161512,0.000000000000e+00
22.810000,0.343037806,-0.015292116,0.009073382,0.003775998,-0.182169881,2.466534,1,Solve_Succeeded,-0.152062268,0.005081053,2.775557561563e-17
22.820000,0.343110636,-0.015253740,0.007551509,0.003828336,-0.182169881,2.466534,1,Solve_Succeeded,-0.152062268,0.005081053,2.775557561563e-17
22.830000,0.343168253,-0.015214748,0.006030241,0.003888545,-0.181224869,2.644219,1,Solve_Succeeded,-0.151270714,0.005000151,2.775557561563e-17
22.840000,0.343210744,-0.015175256,0.004516248,0.003940116,-0.181224869,2.644219,1,Solve_Succeeded,-0.151270714,0.005000151,2.775557561563e-17
22.850000,0.343238102,-0.015135153,0.003002876,0.003999788,-0.180253446,2.659494,1,Solve_Succeeded,-0.150457130,0.004918823,0.000000000000e+00
22.860000,0.343250415,-0.015094558,0.001496983,0.004050587,-0.180253446,2.659494,1,Solve_Succeeded,-0.150457130,0.004918823,0.000000000000e+00
22.870000,0.343247675,-0.015053356,-0.000008271,0.004109714,-0.179255930,2.675646,1,Solve_Succeeded,-0.149621781,0.004837084,2.775557561563e-17
22.880000,0.343229974,-0.015011670,-0.001505846,0.004159737,-0.179255930,2.675646,1,Solve_Succeeded,-0.149621781,0.004837084,2.775557561563e-17
22.890000,0.343197305,-0.014969384,-0.003002766,0.004218312,-0.178232639,2.465281,1,Solve_Succeeded,-0.148764933,0.004754952,0.000000000000e+00
22.900000,0.343149759,-0.014926621,-0.004491807,0.004267554,-0.178232639,2.465281,1,Solve_Succeeded,-0.148764933,0.004754952,0.000000000000e+00
22.910000,0.343087331,-0.014883263,-0.005980176,0.004325570,-0.177183896,2.766376,1,Solve_Succeeded,-0.147886856,0.004672443,2.775557561563e-17
22.920000,0.343010114,-0.014839438,-0.007460471,0.004374027,-0.177183896,2.766376,1,Solve_Succeeded,-0.147886856,0.004672443,2.775557561563e-17
22.930000,0.342918102,-0.014795021,-0.008940077,0.004431477,-0.176110025,2.571212,1,Solve_Succeeded,-0.146987822,0.004589576,1.734723475977e-18
22.940000,0.342811391,-0.014750146,-0.010411416,0.004479144,-0.176110025,2.571212,1,Solve_Succeeded,-0.146987822,0.004589576,1.734723475977e-18
22.950000,0.342689976,-0.014704685,-0.011882049,0.004536022,-0.175011355,2.861711,1,Solve_Succeeded,-0.146068105,0.004506365,0.000000000000e+00
22.960000,0.342553953,-0.014658774,-0.013344225,0.004582896,-0.175011355,2.861711,1,Solve_Succeeded,-0.146068105,0.004506365,0.000000000000e+00
22.970000,0.342403317,-0.014612282,-0.014805678,0.004639193,-0.173888215,3.162665,1,Solve_Succeeded,-0.145127979,0.004422828,2.775557561563e-17
22.980000,0.342238169,-0.014565348,-0.016258486,0.004685270,-0.173888215,3.162665,1,Solve_Succeeded,-0.145127979,0.004422828,2.775557561563e-17
22.990000,0.342058501,-0.014517840,-0.017710555,0.004740981,-0.172740937,2.485645,1,Solve_Succeeded,-0.144167723,0.004338982,1.734723475977e-18
23.000000,0.341864416,-0.014469898,-0.019153792,0.004786258,-0.172740937,2.485645,1,Solve_Succeeded,-0.144167723,0.004338982,1.734723475977e-18
23.010000,0.341655908,-0.014421387,-0.020596276,0.004841376,-0.171569856,2.489244,1,Solve_Succeeded,-0.143187617,0.004254843,2.775557561563e-17
23.020000,0.341433080,-0.014372450,-0.022029745,0.004885848,-0.171569856,2.489244,1,Solve_Succeeded,-0.143187617,0.004254843,2.775557561563e-17
23.030000,0.341195928,-0.014322950,-0.023462444,0.004940367,-0.170375310,2.587253,1,Solve_Succeeded,-0.142187943,0.004170427,5.551115123126e-17
23.040000,0.340944556,-0.014273032,-0.024885948,0.004984032,-0.170375310,2.587253,1,Solve_Succeeded,-0.142187943,0.004170427,5.551115123126e-17
23.050000,0.340678959,-0.014222558,-0.026308667,0.005037946,-0.169157638,2.553901,1,Solve_Succeeded,-0.141168983,0.004085752,0.000000000000e+00
23.060000,0.340399245,-0.014171674,-0.027722013,0.005080801,-0.169157638,2.553901,1,Solve_Succeeded,-0.141168983,0.004085752,0.000000000000e+00
23.070000,0.340105406,-0.014120239,-0.029134558,0.005134103,-0.167917180,3.828641,1,Solve_Succeeded,-0.140131024,0.004000833,2.775557561563e-17
23.080000,0.339797555,-0.014068404,-0.030537556,0.005176144,-0.167917180,3.828641,1,Solve_Succeeded,-0.140131024,0.004000833,2.775557561563e-17
23.090000,0.339475683,-0.014016022,-0.031939737,0.005228829,-0.166654281,2.528166,1,Solve_Succeeded,-0.139074352,0.003915688,2.775557561563e-17
23.100000,0.339139904,-0.013963249,-0.033332198,0.005270053,-0.166654281,2.528166,1,Solve_Succeeded,-0.139074352,0.003915688,2.775557561563e-17
23.110000,0.338790210,-0.013909936,-0.034723829,0.005322115,-0.165369286,2.510853,1,Solve_Succeeded,-0.137999256,0.003830331,2.775557561563e-17
23.120000,0.338426716,-0.013856239,-0.036105569,0.005362521,-0.165369286,2.510853,1,Solve_Succeeded,-0.137999256,0.003830331,2.775557561563e-17
23.130000,0.338049414,-0.013802009,-0.037486465,0.005413954,-0.164062543,2.417403,1,Solve_Succeeded,-0.136906027,0.003744781,1.734723475977e-18
23.140000,0.337658422,-0.013747404,-0.038857302,0.005453538,-0.164062543,2.417403,1,Solve_Succeeded,-0.136906027,0.003744781,1.734723475977e-18
23.150000,0.337253731,-0.013692271,-0.040227280,0.005504337,-0.162734400,2.509882,1,Solve_Succeeded,-0.135794957,0.003659053,2.775557561563e-17
23.160000,0.336835462,-0.013636771,-0.041587036,0.005543097,-0.162734400,2.509882,1,Solve_Succeeded,-0.135794957,0.003659053,2.775557561563e-17
23.170000,0.336403604,-0.013580750,-0.042945918,0.005593257,-0.161385210,2.354008,1,Solve_Succeeded,-0.134666338,0.003573162,1.734723475977e-18
23.180000,0.335958280,-0.013524372,-0.044294416,0.005631191,-0.161385210,2.354008,1,Solve_Succeeded,-0.134666338,0.003573162,1.734723475977e-18
23.190000,0.335499482,-0.013467477,-0.045642028,0.005680706,-0.160015324,2.579458,1,Solve_Succeeded,-0.133520465,0.003487126,0.000000000000e+00
23.200000,0.335027332,-0.013410234,-0.046979095,0.005717812,-0.160015324,2.579458,1,Solve_Succeeded,-0.133520465,0.003487126,0.000000000000e+00
23.210000,0.334541821,-0.013352481,-0.048315262,0.005766677,-0.158625097,4.043488,1,Solve_Succeeded,-0.132357636,0.003400960,2.775557561563e-17
23.220000,0.334043075,-0.013294387,-0.049640729,0.005802953,-0.158625097,4.043488,1,Solve_Succeeded,-0.132357636,0.003400960,2.775557561563e-17
23.230000,0.333531084,-0.013235790,-0.050965281,0.005851164,-0.157214885,2.722700,1,Solve_Succeeded,-0.131178147,0.003314680,2.775557561563e-17
23.240000,0.333005976,-0.013176862,-0.052278980,0.005886609,-0.157214885,2.722700,1,Solve_Succeeded,-0.131178147,0.003314680,2.775557561563e-17
23.250000,0.332467742,-0.013117436,-0.053591752,0.005934160,-0.155785046,2.767448,1,Solve_Succeeded,-0.129982296,0.003228302,2.775557561563e-17
23.260000,0.331916510,-0.013057687,-0.054893519,0.005968771,-0.155785046,2.767448,1,Solve_Succeeded,-0.129982296,0.003228302,2.775557561563e-17
23.270000,0.331352271,-0.012997448,-0.056194347,0.006015658,-0.154335939,3.020698,1,Solve_Succeeded,-0.128770385,0.003141842,0.000000000000e+00
23.280000,0.330775155,-0.012936894,-0.057484021,0.006049435,-0.154335939,3.020698,1,Solve_Succeeded,-0.128770385,0.003141842,0.000000000000e+00
23.290000,0.330185153,-0.012875856,-0.058772742,0.006095654,-0.152867923,2.680778,1,Solve_Succeeded,-0.127542713,0.003055315,8.673617379884e-19
23.300000,0.329582397,-0.012814512,-0.060050165,0.006128595,-0.152867923,2.680778,1,Solve_Succeeded,-0.127542713,0.003055315,8.673617379884e-19
23.310000,0.328966878,-0.012752690,-0.061326624,0.006174141,-0.151381361,2.581504,1,Solve_Succeeded,-0.126299583,0.002968738,8.673617379884e-19
23.320000,0.328338729,-0.012690571,-0.062591641,0.006206245,-0.151381361,2.581504,1,Solve_Succeeded,-0.126299583,0.002968738,8.673617379884e-19
23.330000,0.327697942,-0.012627981,-0.063855680,0.006251114,-0.149876615,2.498065,1,Solve_Succeeded,-0.125041298,0.002882125,0.000000000000e+00
23.340000,0.327044650,-0.012565102,-0.065108139,0.006282381,-0.149876615,2.498065,1,Solve_Succeeded,-0.125041298,0.002882125,0.000000000000e+00
23.350000,0.326378846,-0.012501758,-0.066359609,0.006326568,-0.148354049,2.997318,1,Solve_Succeeded,-0.123768163,0.002795492,8.673617379884e-19
23.360000,0.325700664,-0.012438134,-0.067599360,0.006356996,-0.148354049,2.997318,1,Solve_Succeeded,-0.123768163,0.002795492,8.673617379884e-19
23.370000,0.325010097,-0.012374053,-0.068838111,0.006400499,-0.146814028,3.593000,1,Solve_Succeeded,-0.122480481,0.002708854,0.000000000000e+00
23.380000,0.324307282,-0.012309699,-0.070065010,0.006430088,-0.146814028,3.593000,1,Solve_Succeeded,-0.122480481,0.002708854,0.000000000000e+00
23.390000,0.323592210,-0.012244895,-0.071290896,0.006472901,-0.145256918,2.698203,1,Solve_Succeeded,-0.121178558,0.002622228,8.673617379884e-19
23.400000,0.322865019,-0.012179828,-0.072504799,0.006501651,-0.145256918,2.698203,1,Solve_Succeeded,-0.121178558,0.002622228,8.673617379884e-19
23.410000,0.322125702,-0.012114316,-0.073717678,0.006543772,-0.143683085,2.449946,1,Solve_Succeeded,-0.119862702,0.002535627,0.000000000000e+00
23.420000,0.321374399,-0.012048550,-0.074918444,0.006571682,-0.143683085,2.449946,1,Solve_Succeeded,-0.119862702,0.002535627,0.000000000000e+00
23.430000,0.320611100,-0.011982345,-0.076118176,0.006613107,-0.142092899,2.773612,1,Solve_Succeeded,-0.118533220,0.002449067,2.775557561563e-17
23.440000,0.319835948,-0.011915896,-0.077305670,0.006640177,-0.142092899,2.773612,1,Solve_Succeeded,-0.118533220,0.002449067,2.775557561563e-17
23.450000,0.319048933,-0.011849015,-0.078492119,0.006680903,-0.140486726,2.881215,1,Solve_Succeeded,-0.117190418,0.002362562,8.673617379884e-19
23.460000,0.318250199,-0.011781897,-0.079666207,0.006707132,-0.140486726,2.881215,1,Solve_Succeeded,-0.117190418,0.002362562,8.673617379884e-19
23.470000,0.317439736,-0.011714355,-0.080839239,0.006747156,-0.138864938,2.566248,1,Solve_Succeeded,-0.115834607,0.002276129,0.000000000000e+00
23.480000,0.316617690,-0.011646585,-0.081999790,0.006772545,-0.138864938,2.566248,1,Solve_Succeeded,-0.115834607,0.002276129,0.000000000000e+00
23.490000,0.315784052,-0.011578397,-0.083159274,0.006811864,-0.137227902,2.567761,1,Solve_Succeeded,-0.114466094,0.002189781,2.775557561563e-17
23.500000,0.314938966,-0.011509989,-0.084306161,0.006836413,-0.137227902,2.567761,1,Solve_Succeeded,-0.114466094,0.002189781,2.775557561563e-17
23.510000,0.314082424,-0.011441171,-0.085451971,0.006875023,-0.135575990,2.805204,1,Solve_Succeeded,-0.113085189,0.002103533,2.775557561563e-17
23.520000,0.313214574,-0.011372142,-0.086585069,0.006898733,-0.135575990,2.805204,1,Solve_Succeeded,-0.113085189,0.002103533,2.775557561563e-17
23.530000,0.312335406,-0.011302709,-0.087717080,0.006936632,-0.133909574,2.628217,1,Solve_Succeeded,-0.111692202,0.002017400,8.673617379884e-19
23.540000,0.311445068,-0.011233073,-0.088836268,0.006959504,-0.133909574,2.628217,1,Solve_Succeeded,-0.111692202,0.002017400,8.673617379884e-19
23.550000,0.310543551,-0.011163041,-0.089954360,0.006996689,-0.132229023,2.552968,1,Solve_Succeeded,-0.110287444,0.001931395,2.775557561563e-17
23.560000,0.309631006,-0.011092815,-0.091059519,0.007018722,-0.132229023,2.552968,1,Solve_Succeeded,-0.110287444,0.001931395,2.775557561563e-17
23.570000,0.308707422,-0.011022198,-0.092163573,0.007055191,-0.130534711,2.682622,1,Solve_Succeeded,-0.108871224,0.001845535,8.673617379884e-19
23.580000,0.307772950,-0.010951397,-0.093254588,0.007076388,-0.130534711,2.682622,1,Solve_Succeeded,-0.108871224,0.001845535,8.673617379884e-19
23.590000,0.306827582,-0.010880213,-0.094344490,0.007112138,-0.128827009,2.555282,1,Solve_Succeeded,-0.107443854,0.001759832,2.775557561563e-17
23.600000,0.305871469,-0.010808852,-0.095421250,0.007132498,-0.128827009,2.555282,1,Solve_Succeeded,-0.107443854,0.001759832,2.775557561563e-17
23.610000,0.304904602,-0.010737115,-0.096496888,0.007167527,-0.127106289,2.606133,1,Solve_Succeeded,-0.106005645,0.001674300,2.775557561563e-17
23.620000,0.303927135,-0.010665210,-0.097559283,0.007187052,-0.127106289,2.606133,1,Solve_Succeeded,-0.106005645,0.001674300,2.775557561563e-17
23.630000,0.302939056,-0.010592936,-0.098620548,0.007221359,-0.125372925,2.534221,1,Solve_Succeeded,-0.104556908,0.001588954,0.000000000000e+00
23.640000,0.301940522,-0.010520502,-0.099668473,0.007240050,-0.125372925,2.534221,1,Solve_Succeeded,-0.104556908,0.001588954,0.000000000000e+00
23.650000,0.300931523,-0.010447706,-0.100715259,0.007273632,-0.123627288,2.491416,1,Solve_Succeeded,-0.103097954,0.001503808,1.387778780781e-17
23.660000,0.299912213,-0.010374760,-0.101748611,0.007291490,-0.123627288,2.491416,1,Solve_Succeeded,-0.103097954,0.001503808,1.387778780781e-17
23.670000,0.298882583,-0.010301459,-0.102780816,0.007324346,-0.121869752,2.468046,1,Solve_Succeeded,-0.101629095,0.001418875,8.673617379884e-19
23.680000,0.297842791,-0.010228015,-0.103799496,0.007341373,-0.121869752,2.468046,1,Solve_Succeeded,-0.101629095,0.001418875,8.673617379884e-19
23.690000,0.296792825,-0.010154223,-0.104817021,0.007373500,-0.120100690,3.249411,1,Solve_Succeeded,-0.100150641,0.001334169,1.387778780781e-17
23.700000,0.295732844,-0.010080298,-0.105820932,0.007389698,-0.120100690,3.249411,1,Solve_Succeeded,-0.100150641,0.001334169,1.387778780781e-17
23.710000,0.294662837,-0.010006031,-0.106823680,0.007421096,-0.118320473,3.182588,1,Solve_Succeeded,-0.098662904,0.001249704,0.000000000000e+00
23.720000,0.293582965,-0.009931639,-0.107812729,0.007436467,-0.118320473,3.182588,1,Solve_Succeeded,-0.098662904,0.001249704,0.000000000000e+00
23.730000,0.292493215,-0.009856914,-0.108800608,0.007467133,-0.116529475,2.453665,1,Solve_Succeeded,-0.097166195,0.001165492,1.387778780781e-17
23.740000,0.291393749,-0.009782072,-0.109774704,0.007481678,-0.116529475,2.453665,1,Solve_Succeeded,-0.097166195,0.001165492,1.387778780781e-17
23.750000,0.290284556,-0.009706903,-0.110747624,0.007511612,-0.114728067,2.449694,1,Solve_Succeeded,-0.095660825,0.001081547,2.775557561563e-17
23.760000,0.289165797,-0.009631625,-0.111706680,0.007525334,-0.114728067,2.449694,1,Solve_Succeeded,-0.095660825,0.001081547,2.775557561563e-17
23.770000,0.288037461,-0.009556028,-0.112664553,0.007554534,-0.112916622,2.842631,1,Solve_Succeeded,-0.094147104,0.000997882,0.000000000000e+00
23.780000,0.286899710,-0.009480331,-0.113608486,0.007567435,-0.112916622,2.842631,1,Solve_Succeeded,-0.094147104,0.000997882,0.000000000000e+00
23.790000,0.285752534,-0.009404322,-0.114551229,0.007595901,-0.111095511,2.544815,1,Solve_Succeeded,-0.092625343,0.000914510,0.000000000000e+00
23.800000,0.284596096,-0.009328221,-0.115479958,0.007607983,-0.111095511,2.544815,1,Solve_Succeeded,-0.092625343,0.000914510,0.000000000000e+00
23.810000,0.283430384,-0.009251815,-0.116407490,0.007635713,-0.109265106,2.674241,1,Solve_Succeeded,-0.091095852,0.000831445,1.387778780781e-17
23.820000,0.282255563,-0.009175325,-0.117320936,0.007646979,-0.109265106,2.674241,1,Solve_Succeeded,-0.091095852,0.000831445,1.387778780781e-17
23.830000,0.281071621,-0.009098538,-0.118233179,0.007673973,-0.107425776,2.777345,1,Solve_Succeeded,-0.089558940,0.000748698,0.000000000000e+00
23.840000,0.279878724,-0.009021675,-0.119131269,0.007684425,-0.107425776,2.777345,1,Solve_Succeeded,-0.089558940,0.000748698,0.000000000000e+00
23.850000,0.278676859,-0.008944522,-0.120028149,0.007710683,-0.105577893,3.245577,1,Solve_Succeeded,-0.088014917,0.000666282,1.387778780781e-17
23.860000,0.277466194,-0.008867301,-0.120910810,0.007720323,-0.105577893,3.245577,1,Solve_Succeeded,-0.088014917,0.000666282,1.387778780781e-17
23.870000,0.276246716,-0.008789798,-0.121792257,0.007745844,-0.103721826,2.844829,1,Solve_Succeeded,-0.086464091,0.000584210,1.387778780781e-17
23.880000,0.275018591,-0.008712236,-0.122659420,0.007754677,-0.103721826,2.844829,1,Solve_Succeeded,-0.086464091,0.000584210,1.387778780781e-17
23.890000,0.273781809,-0.008634397,-0.123525364,0.007779460,-0.101857945,2.555525,1,Solve_Succeeded,-0.084906770,0.000502494,8.673617379884e-19
23.900000,0.272536537,-0.008556508,-0.124376965,0.007787487,-0.101857945,2.555525,1,Solve_Succeeded,-0.084906770,0.000502494,8.673617379884e-19
23.910000,0.271282763,-0.008478350,-0.125227341,0.007811532,-0.099986616,2.465745,1,Solve_Succeeded,-0.083343263,0.000421146,0.000000000000e+00
23.920000,0.270020654,-0.008400150,-0.126063317,0.007818758,-0.099986616,2.465745,1,Solve_Succeeded,-0.083343263,0.000421146,0.000000000000e+00
23.930000,0.268750201,-0.008321688,-0.126898063,0.007842065,-0.098108209,2.417628,1,Solve_Succeeded,-0.081773875,0.000340179,1.387778780781e-17
23.940000,0.267471570,-0.008243192,-0.127718355,0.007848492,-0.098108209,2.417628,1,Solve_Succeeded,-0.081773875,0.000340179,1.387778780781e-17
23.950000,0.266184750,-0.008164442,-0.128537412,0.007871062,-0.096223089,2.415409,1,Solve_Succeeded,-0.080198912,0.000259603,8.673617379884e-19
23.960000,0.264889911,-0.008085665,-0.129341964,0.007876693,-0.096223089,2.415409,1,Solve_Succeeded,-0.080198912,0.000259603,8.673617379884e-19
23.970000,0.263587040,-0.008006641,-0.130145276,0.007898525,-0.094331622,2.808636,1,Solve_Succeeded,-0.078618681,0.000179432,0.000000000000e+00
23.980000,0.262276308,-0.007927599,-0.130934034,0.007903364,-0.094331622,2.808636,1,Solve_Succeeded,-0.078618681,0.000179432,0.000000000000e+00
23.990000,0.260957703,-0.007848317,-0.131721548,0.007924459,-0.092434174,2.933961,1,Solve_Succeeded,-0.077033487,0.000099676,1.387778780781e-17
24.000000,0.259631394,-0.007769025,-0.132494462,0.007928510,-0.092434174,2.933961,1,Solve_Succeeded,-0.077033487,0.000099676,1.387778780781e-17
24.010000,0.258297371,-0.007689500,-0.133266129,0.007948868,-0.090531108,2.654552,1,Solve_Succeeded,-0.075443631,0.000020348,1.387778780781e-17
24.020000,0.256955804,-0.007609973,-0.134023151,0.007952134,-0.090531108,2.654552,1,Solve_Succeeded,-0.075443631,0.000020348,1.387778780781e-17
24.030000,0.255606681,-0.007530221,-0.134778924,0.007971756,-0.088622787,2.406681,1,Solve_Succeeded,-0.073849419,-0.000058543,1.387778780781e-17
24.040000,0.254250173,-0.007450474,-0.135520011,0.007974241,-0.088622787,2.406681,1,Solve_Succeeded,-0.073849419,-0.000058543,1.387778780781e-17
24.050000,0.252886269,-0.007370509,-0.136259845,0.007993128,-0.086709572,2.748287,1,Solve_Succeeded,-0.072251151,-0.000136983,1.387778780781e-17
24.060000,0.251515140,-0.007290558,-0.136984957,0.007994835,-0.086709572,2.748287,1,Solve_Succeeded,-0.072251151,-0.000136983,1.387778780781e-17
24.070000,0.250136774,-0.007210396,-0.137708811,0.008012988,-0.084791825,2.721456,1,Solve_Succeeded,-0.070649129,-0.000214963,1.387778780781e-17
24.080000,0.248751344,-0.007130255,-0.138417909,0.008013922,-0.084791825,2.721456,1,Solve_Succeeded,-0.070649129,-0.000214963,1.387778780781e-17
24.090000,0.247358837,-0.007049911,-0.139125747,0.008031341,-0.082869904,2.718732,1,Solve_Succeeded,-0.069043653,-0.000292472,1.387778780781e-17
24.100000,0.245959426,-0.006969596,-0.139818795,0.008031506,-0.082869904,2.718732,1,Solve_Succeeded,-0.069043653,-0.000292472,1.387778780781e-17
24.110000,0.244553100,-0.006889084,-0.140510581,0.008048192,-0.080944167,2.507394,1,Solve_Succeeded,-0.067435020,-0.000369498,1.387778780781e-17
24.120000,0.243140029,-0.006808610,-0.141187548,0.008047593,-0.080944167,2.507394,1,Solve_Succeeded,-0.067435020,-0.000369498,1.387778780781e-17
24.130000,0.241720204,-0.006727946,-0.141863250,0.008063548,-0.079014972,2.667317,1,Solve_Succeeded,-0.065823531,-0.000446031,1.387778780781e-17
24.140000,0.240293797,-0.006647326,-0.142524107,0.008062189,-0.079014972,2.667317,1,Solve_Succeeded,-0.065823531,-0.000446031,1.387778780781e-17
24.150000,0.238860796,-0.006566525,-0.143183697,0.008077413,-0.077082673,2.475462,1,Solve_Succeeded,-0.064209480,-0.000522060,4.336808689942e-19
24.160000,0.237421374,-0.006485776,-0.143828418,0.008075298,-0.077082673,2.475462,1,Solve_Succeeded,-0.064209480,-0.000522060,4.336808689942e-19
24.170000,0.235975520,-0.006404853,-0.144471869,0.008089793,-0.075147624,3.066726,1,Solve_Succeeded,-0.062593163,-0.000597576,4.336808689942e-19
24.180000,0.234523407,-0.006323988,-0.145100430,0.008086927,-0.075147624,3.066726,1,Solve_Succeeded,-0.062593163,-0.000597576,4.336808689942e-19
24.190000,0.233065022,-0.006242957,-0.145727720,0.008100695,-0.073210178,2.510077,1,Solve_Succeeded,-0.060974874,-0.000672568,1.387778780781e-17
24.200000,0.231600541,-0.006161993,-0.146340102,0.008097083,-0.073210178,2.510077,1,Solve_Succeeded,-0.060974874,-0.000672568,1.387778780781e-17
24.210000,0.230129950,-0.006080868,-0.146951211,0.008110125,-0.071270685,2.474808,1,Solve_Succeeded,-0.059354907,-0.000747026,0.000000000000e+00
24.220000,0.228653424,-0.005999818,-0.147547396,0.008105771,-0.071270685,2.474808,1,Solve_Succeeded,-0.059354907,-0.000747026,0.000000000000e+00
24.230000,0.227170951,-0.005918616,-0.148142306,0.008118090,-0.069329495,2.738403,1,Solve_Succeeded,-0.057733552,-0.000820941,1.387778780781e-17
24.240000,0.225682705,-0.005837495,-0.148722280,0.008112998,-0.069329495,2.738403,1,Solve_Succeeded,-0.057733552,-0.000820941,1.387778780781e-17
24.250000,0.224188674,-0.005756228,-0.149300978,0.008124596,-0.067386955,2.656303,1,Solve_Succeeded,-0.056111100,-0.000894301,4.336808689942e-19
24.260000,0.222689032,-0.005675051,-0.149864729,0.008118772,-0.067386955,2.656303,1,Solve_Succeeded,-0.056111100,-0.000894301,4.336808689942e-19
24.270000,0.221183767,-0.005593735,-0.150427203,0.008129649,-0.065443411,2.777787,1,Solve_Succeeded,-0.054487840,-0.000967099,4.336808689942e-19
24.280000,0.219673054,-0.005512516,-0.150974723,0.008123099,-0.065443411,2.777787,1,Solve_Succeeded,-0.054487840,-0.000967099,4.336808689942e-19
24.290000,0.218156880,-0.005431165,-0.151520966,0.008133259,-0.063499207,2.499655,1,Solve_Succeeded,-0.052864058,-0.001039324,0.000000000000e+00
24.300000,0.216635420,-0.005349918,-0.152052249,0.008125987,-0.063499207,2.499655,1,Solve_Succeeded,-0.052864058,-0.001039324,0.000000000000e+00
24.310000,0.215108662,-0.005268547,-0.152582254,0.008135431,-0.061554685,2.701283,1,Solve_Succeeded,-0.051240040,-0.001110967,6.938893903907e-18
24.320000,0.213576780,-0.005187287,-0.153097297,0.008127443,-0.061554685,2.701283,1,Solve_Succeeded,-0.051240040,-0.001110967,6.938893903907e-18
24.330000,0.212039763,-0.005105910,-0.153611062,0.008136173,-0.059610186,2.647242,1,Solve_Succeeded,-0.049616071,-0.001182019,6.938893903907e-18
24.340000,0.210497784,-0.005024650,-0.154109865,0.008127475,-0.059610186,2.647242,1,Solve_Succeeded,-0.049616071,-0.001182019,6.938893903907e-18
24.350000,0.208950832,-0.004943281,-0.154607391,0.008135494,-0.057666048,2.971140,1,Solve_Succeeded,-0.047992433,-0.001252471,0.000000000000e+00
24.360000,0.207399081,-0.004862037,-0.155089958,0.008126090,-0.057666048,2.971140,1,Solve_Succeeded,-0.047992433,-0.001252471,0.000000000000e+00
24.370000,0.205842519,-0.004780690,-0.155571247,0.008133401,-0.055722608,2.535081,1,Solve_Succeeded,-0.046369407,-0.001322315,6.938893903907e-18
24.380000,0.204281321,-0.004699475,-0.156037582,0.008123297,-0.055722608,2.535081,1,Solve_Succeeded,-0.046369407,-0.001322315,6.938893903907e-18
24.390000,0.202715473,-0.004618164,-0.156502640,0.008129903,-0.053780201,2.575530,1,Solve_Succeeded,-0.044747273,-0.001391541,4.336808689942e-19
24.400000,0.201145152,-0.004536992,-0.156952752,0.008119104,-0.053780201,2.575530,1,Solve_Succeeded,-0.044747273,-0.001391541,4.336808689942e-19
24.410000,0.199570344,-0.004455732,-0.157401589,0.008125007,-0.051839158,2.491862,1,Solve_Succeeded,-0.043126307,-0.001460142,6.938893903907e-18
24.420000,0.197991223,-0.004374617,-0.157835490,0.008113520,-0.051839158,2.491862,1,Solve_Succeeded,-0.043126307,-0.001460142,6.938893903907e-18
24.430000,0.196407778,-0.004293420,-0.158268115,0.008118723,-0.049899811,3.541756,1,Solve_Succeeded,-0.041506785,-0.001528108,4.336808689942e-19
24.440000,0.194820183,-0.004212376,-0.158685819,0.008106553,-0.049899811,3.541756,1,Solve_Succeeded,-0.041506785,-0.001528108,4.336808689942e-19
24.450000,0.193228426,-0.004131258,-0.159102248,0.008111059,-0.047962488,2.521430,1,Solve_Succeeded,-0.039888983,-0.001595432,6.938893903907e-18
24.460000,0.191632680,-0.004050298,-0.159503770,0.008098213,-0.047962488,2.521430,1,Solve_Succeeded,-0.039888983,-0.001595432,6.938893903907e-18
24.470000,0.190032933,-0.003969271,-0.159904020,0.008102025,-0.046027515,2.633886,1,Solve_Succeeded,-0.038273171,-0.001662106,0.000000000000e+00
24.480000,0.188429359,-0.003888410,-0.160289381,0.008088507,-0.046027515,2.633886,1,Solve_Succeeded,-0.038273171,-0.001662106,0.000000000000e+00
24.490000,0.186821947,-0.003807488,-0.160673471,0.008091629,-0.044095216,3.245676,1,Solve_Succeeded,-0.036659620,-0.001728121,0.000000000000e+00
24.500000,0.185210868,-0.003726739,-0.161042694,0.008077447,-0.044095216,3.245676,1,Solve_Succeeded,-0.036659620,-0.001728121,0.000000000000e+00
24.510000,0.183596112,-0.003645936,-0.161410646,0.008079881,-0.042165913,3.514447,1,Solve_Succeeded,-0.035048599,-0.001793470,4.336808689942e-19
24.520000,0.181977852,-0.003565312,-0.161763754,0.008065040,-0.042165913,3.514447,1,Solve_Succeeded,-0.035048599,-0.001793470,4.336808689942e-19
24.530000,0.180356075,-0.003484641,-0.162115594,0.008066790,-0.040239924,2.623853,1,Solve_Succeeded,-0.033440375,-0.001858146,6.938893903907e-18
24.540000,0.178730954,-0.003404155,-0.162452615,0.008051297,-0.040239924,2.623853,1,Solve_Succeeded,-0.033440375,-0.001858146,6.938893903907e-18
24.550000,0.177102478,-0.003323630,-0.162788371,0.008052366,-0.038317568,3.124701,1,Solve_Succeeded,-0.031835211,-0.001922141,6.938893903907e-18
24.560000,0.175470818,-0.003243296,-0.163109336,0.008036227,-0.038317568,3.124701,1,Solve_Succeeded,-0.031835211,-0.001922141,6.938893903907e-18
24.570000,0.173835963,-0.003162929,-0.163429037,0.008036619,-0.036399158,3.577942,1,Solve_Succeeded,-0.030233370,-0.001985448,4.336808689942e-19
24.580000,0.172198085,-0.003082760,-0.163733978,0.008019840,-0.036399158,3.577942,1,Solve_Succeeded,-0.030233370,-0.001985448,4.336808689942e-19
24.590000,0.170557173,-0.003002565,-0.164037658,0.008019559,-0.034485007,2.644445,1,Solve_Succeeded,-0.028635113,-0.002048059,4.336808689942e-19
24.600000,0.168913397,-0.002922574,-0.164326611,0.008002147,-0.034485007,2.644445,1,Solve_Succeeded,-0.028635113,-0.002048059,4.336808689942e-19
24.610000,0.167266746,-0.002842564,-0.164614306,0.008001196,-0.032575425,2.584393,1,Solve_Succeeded,-0.027040699,-0.002109968,0.000000000000e+00
24.620000,0.165617391,-0.002762764,-0.164887308,0.007983158,-0.032575425,2.584393,1,Solve_Succeeded,-0.027040699,-0.002109968,0.000000000000e+00
24.630000,0.163965321,-0.002682952,-0.165159055,0.007981541,-0.030670719,2.430977,1,Solve_Succeeded,-0.025450383,-0.002171168,0.000000000000e+00
24.640000,0.162310706,-0.002603356,-0.165416147,0.007962883,-0.030670719,2.430977,1,Solve_Succeeded,-0.025450383,-0.002171168,0.000000000000e+00
24.650000,0.160653535,-0.002523754,-0.165671988,0.007960605,-0.028771194,2.721182,1,Solve_Succeeded,-0.023864421,-0.002231653,3.469446951954e-18
24.660000,0.158993977,-0.002444374,-0.165913214,0.007941333,-0.028771194,2.721182,1,Solve_Succeeded,-0.023864421,-0.002231653,3.469446951954e-18
24.670000,0.157332021,-0.002364996,-0.166153191,0.007938397,-0.026877151,2.619532,1,Solve_Succeeded,-0.022283063,-0.002291415,3.469446951954e-18
24.680000,0.155667838,-0.002285845,-0.166378596,0.007918518,-0.026877151,2.619532,1,Solve_Succeeded,-0.022283063,-0.002291415,3.469446951954e-18
24.690000,0.154001415,-0.002206703,-0.166602756,0.007914929,-0.024988891,2.459125,1,Solve_Succeeded,-0.020706560,-0.002350449,3.469446951954e-18
24.700000,0.152332921,-0.002127794,-0.166812388,0.007894451,-0.024988891,2.459125,1,Solve_Succeeded,-0.020706560,-0.002350449,3.469446951954e-18
24.710000,0.150662345,-0.002048900,-0.167020779,0.007890212,-0.023106709,2.542081,1,Solve_Succeeded,-0.019135160,-0.002408749,3.469446951954e-18
24.720000,0.148989856,-0.001970245,-0.167214688,0.007869141,-0.023106709,2.542081,1,Solve_Succeeded,-0.019135160,-0.002408749,3.469446951954e-18
24.730000,0.147315443,-0.001891611,-0.167407361,0.007864257,-0.021230901,2.495602,1,Solve_Succeeded,-0.017569108,-0.002466308,3.469446951954e-18
24.740000,0.145639272,-0.001813224,-0.167585602,0.007842600,-0.021230901,2.495602,1,Solve_Succeeded,-0.017569108,-0.002466308,3.469446951954e-18
24.750000,0.143961334,-0.001734863,-0.167762609,0.007837076,-0.019361758,2.793770,1,Solve_Succeeded,-0.016008648,-0.002523121,3.469446951954e-18
24.760000,0.142281794,-0.001656753,-0.167925236,0.007814839,-0.019361758,2.793770,1,Solve_Succeeded,-0.016008648,-0.002523121,3.469446951954e-18
24.770000,0.140600643,-0.001578678,-0.168086635,0.007808679,-0.017499567,2.501307,1,Solve_Succeeded,-0.014454019,-0.002579182,1.084202172486e-19
24.780000,0.138918046,-0.001500859,-0.168233705,0.007785871,-0.017499567,2.501307,1,Solve_Succeeded,-0.014454019,-0.002579182,1.084202172486e-19
24.790000,0.137233994,-0.001423080,-0.168379553,0.007779079,-0.015644616,2.424771,1,Solve_Succeeded,-0.012905460,-0.002634485,0.000000000000e+00
24.800000,0.135548650,-0.001345564,-0.168511128,0.007755706,-0.015644616,2.424771,1,Solve_Succeeded,-0.012905460,-0.002634485,0.000000000000e+00
24.810000,0.133862005,-0.001268095,-0.168641485,0.007748288,-0.013797187,2.526107,1,Solve_Succeeded,-0.011363209,-0.002689026,1.734723475977e-18
24.820000,0.132174224,-0.001190893,-0.168757628,0.007724357,-0.013797187,2.526107,1,Solve_Succeeded,-0.011363209,-0.002689026,1.734723475977e-18
24.830000,0.130485296,-0.001113744,-0.168872557,0.007716316,-0.011957561,2.629008,1,Solve_Succeeded,-0.009827497,-0.002742799,1.734723475977e-18
24.840000,0.128795384,-0.001036869,-0.168973332,0.007691835,-0.011957561,2.629008,1,Solve_Succeeded,-0.009827497,-0.002742799,1.734723475977e-18
24.850000,0.127104480,-0.000960053,-0.169072898,0.007683177,-0.010126013,2.507370,1,Solve_Succeeded,-0.008298557,-0.002795798,0.000000000000e+00
24.860000,0.125412745,-0.000883515,-0.169158373,0.007658153,-0.010126013,2.507370,1,Solve_Succeeded,-0.008298557,-0.002795798,0.000000000000e+00
24.870000,0.123720170,-0.000807043,-0.169242644,0.007648883,-0.008302820,2.500678,1,Solve_Succeeded,-0.006776618,-0.002848020,5.421010862428e-20
24.880000,0.122026917,-0.000730855,-0.169312888,0.007623323,-0.008302820,2.500678,1,Solve_Succeeded,-0.006776618,-0.002848020,5.421010862428e-20
24.890000,0.120332976,-0.000654738,-0.169381934,0.007613446,-0.006488252,2.563569,1,Solve_Succeeded,-0.005261905,-0.002899459,0.000000000000e+00
24.900000,0.118638509,-0.000578910,-0.169437019,0.007587357,-0.006488252,2.563569,1,Solve_Succeeded,-0.005261905,-0.002899459,0.000000000000e+00
24.910000,0.116943504,-0.000503160,-0.169490912,0.007576878,-0.004682577,3.038311,1,Solve_Succeeded,-0.003754643,-0.002950110,0.000000000000e+00
24.920000,0.115248125,-0.000427704,-0.169530912,0.007550268,-0.004682577,3.038311,1,Solve_Succeeded,-0.003754643,-0.002950110,0.000000000000e+00
24.930000,0.113552359,-0.000352332,-0.169569726,0.007539192,-0.002886061,3.395002,1,Solve_Succeeded,-0.002255053,-0.002999971,2.710505431214e-20
24.940000,0.111856368,-0.000277259,-0.169594718,0.007512069,-0.002886061,3.395002,1,Solve_Succeeded,-0.002255053,-0.002999971,2.710505431214e-20
24.950000,0.110160140,-0.000202276,-0.169618530,0.007500400,-0.001098966,2.718965,1,Solve_Succeeded,-0.000763354,-0.003049035,1.355252715607e-20
24.960000,0.108463837,-0.000127597,-0.169628592,0.007472772,-0.001098966,2.718965,1,Solve_Succeeded,-0.000763354,-0.003049035,1.355252715607e-20
24.970000,0.106767446,-0.000053013,-0.169637480,0.007460517,0.000678448,2.962395,1,Solve_Succeeded,0.000720238,-0.003097299,1.084202172486e-19
24.980000,0.105071128,0.000021261,-0.169632693,0.007432390,0.000678448,2.962395,1,Solve_Succeeded,0.000720238,-0.003097299,1.084202172486e-19
24.990000,0.103374871,0.000095434,-0.169626739,0.007419553,0.002445926,2.440266,1,Solve_Succeeded,0.002195510,-0.003144760,4.336808689942e-19
25.000000,0.101678833,0.000169293,-0.169607186,0.007390936,0.002445926,2.440266,1,Solve_Succeeded,0.002195510,-0.003144760,4.336808689942e-19
25.010000,0.099983005,0.000243045,-0.169586472,0.007377523,0.004203215,2.577338,1,Solve_Succeeded,0.003662250,-0.003191413,8.673617379884e-19
25.020000,0.098287543,0.000316477,-0.169552237,0.007348423,0.004203215,2.577338,1,Solve_Succeeded,0.003662250,-0.003191413,8.673617379884e-19
25.030000,0.096592437,0.000389797,-0.169516848,0.007334440,0.005950064,2.531737,1,Solve_Succeeded,0.005120251,-0.003237254,0.000000000000e+00
25.040000,0.094897843,0.000462794,-0.169468020,0.007304865,0.005950064,2.531737,1,Solve_Succeeded,0.005120251,-0.003237254,0.000000000000e+00
25.050000,0.093203751,0.000535671,-0.169418044,0.007290317,0.007686228,2.605782,1,Solve_Succeeded,0.006569305,-0.003282281,8.673617379884e-19
25.060000,0.091510316,0.000608221,-0.169354710,0.007260274,0.007686228,2.605782,1,Solve_Succeeded,0.006569305,-0.003282281,8.673617379884e-19
25.070000,0.089817527,0.000680646,-0.169290236,0.007245168,0.009411462,3.070021,1,Solve_Succeeded,0.008009212,-0.003326490,5.421010862428e-20
25.080000,0.088125539,0.000752739,-0.169212488,0.007214665,0.009411462,3.070021,1,Solve_Succeeded,0.008009212,-0.003326490,5.421010862428e-20
25.090000,0.086434342,0.000824701,-0.169133608,0.007199005,0.011125527,3.610302,1,Solve_Succeeded,0.009439769,-0.003369878,3.469446951954e-18
25.100000,0.084744090,0.000896327,-0.169041539,0.007168051,0.011125527,3.610302,1,Solve_Succeeded,0.009439769,-0.003369878,3.469446951954e-18
25.110000,0.083054771,0.000967817,-0.168948345,0.007151843,0.012828186,2.860686,1,Solve_Succeeded,0.010860780,-0.003412442,1.734723475977e-18
25.120000,0.081366538,0.001038966,-0.168842051,0.007120444,0.012828186,2.860686,1,Solve_Succeeded,0.010860780,-0.003412442,1.734723475977e-18
25.130000,0.079679381,0.001109973,-0.168734639,0.007103695,0.014519205,2.589843,1,Solve_Succeeded,0.012272049,-0.003454179,3.469446951954e-18
25.140000,0.077993451,0.001180636,-0.168614216,0.007071860,0.014519205,2.589843,1,Solve_Succeeded,0.012272049,-0.003454179,3.469446951954e-18
25.150000,0.076308739,0.001251151,-0.168492683,0.007054575,0.016198354,2.492875,1,Solve_Succeeded,0.013673385,-0.003495086,3.469446951954e-18
25.160000,0.074625394,0.001321317,-0.168358231,0.007022312,0.016198354,2.492875,1,Solve_Succeeded,0.013673385,-0.003495086,3.469446951954e-18
25.170000,0.072943406,0.001391331,-0.168222677,0.007004497,0.017865405,2.431013,1,Solve_Succeeded,0.015064599,-0.003535161,0.000000000000e+00
25.180000,0.071262925,0.001460991,-0.168074296,0.006971814,0.017865405,2.431013,1,Solve_Succeeded,0.015064599,-0.003535161,0.000000000000e+00
25.190000,0.069583941,0.001530493,-0.167924821,0.006953475,0.019520135,2.621628,1,Solve_Succeeded,0.016445503,-0.003574401,0.000000000000e+00
25.200000,0.067906601,0.001599639,-0.167762614,0.006920380,0.019520135,2.621628,1,Solve_Succeeded,0.016445503,-0.003574401,0.000000000000e+00
25.210000,0.066230896,0.001668621,-0.167599321,0.006901522,0.021162325,2.486987,1,Solve_Succeeded,0.017815915,-0.003612804,0.000000000000e+00
25.220000,0.064556972,0.001737242,-0.167423394,0.006868023,0.021162325,2.486987,1,Solve_Succeeded,0.017815915,-0.003612804,0.000000000000e+00
25.230000,0.062884821,0.001805694,-0.167246388,0.006848654,0.022791756,2.464380,1,Solve_Succeeded,0.019175652,-0.003650369,3.469446951954e-18
25.240000,0.061214587,0.001873782,-0.167056846,0.006814759,0.022791756,2.464380,1,Solve_Succeeded,0.019175652,-0.003650369,3.469446951954e-18
25.250000,0.059546261,0.001941696,-0.166866233,0.006794884,0.024408216,3.157587,1,Solve_Succeeded,0.020524539,-0.003687093,3.469446951954e-18
25.260000,0.057879987,0.002009241,-0.166663185,0.006760601,0.024408216,3.157587,1,Solve_Succeeded,0.020524539,-0.003687093,3.469446951954e-18
25.270000,0.056215757,0.002076608,-0.166459074,0.006740227,0.026011494,2.529972,1,Solve_Succeeded,0.021862398,-0.003722975,3.469446951954e-18
25.280000,0.054553712,0.002143602,-0.166242629,0.006705564,0.026011494,2.529972,1,Solve_Succeeded,0.021862398,-0.003722975,3.469446951954e-18
25.290000,0.052893845,0.002210412,-0.166025131,0.006684697,0.027601384,2.471001,1,Solve_Succeeded,0.023189058,-0.003758012,3.469446951954e-18
25.300000,0.051236296,0.002276847,-0.165795401,0.006649662,0.027601384,2.471001,1,Solve_Succeeded,0.023189058,-0.003758012,3.469446951954e-18
25.310000,0.049581057,0.002343092,-0.165564627,0.006628308,0.029177682,2.644063,1,Solve_Succeeded,0.024504350,-0.003792204,0.000000000000e+00
25.320000,0.047928269,0.002408959,-0.165321726,0.006592910,0.029177682,2.644063,1,Solve_Succeeded,0.024504350,-0.003792204,0.000000000000e+00
25.330000,0.046277921,0.002474631,-0.165077789,0.006571075,0.030740190,2.530742,1,Solve_Succeeded,0.025808107,-0.003825549,3.469446951954e-18
25.340000,0.044630155,0.002539921,-0.164821832,0.006535321,0.030740190,2.530742,1,Solve_Succeeded,0.025808107,-0.003825549,3.469446951954e-18
25.350000,0.042984960,0.002605012,-0.164564848,0.006513013,0.032288710,2.554109,1,Solve_Succeeded,0.027100166,-0.003858046,6.938893903907e-18
25.360000,0.041342475,0.002669718,-0.164295951,0.006476912,0.032288710,2.554109,1,Solve_Succeeded,0.027100166,-0.003858046,6.938893903907e-18
25.370000,0.039702691,0.002734219,-0.164026036,0.006454136,0.033823050,3.190981,1,Solve_Succeeded,0.028380365,-0.003889694,0.000000000000e+00
25.380000,0.038065745,0.002798331,-0.163744318,0.006417696,0.033823050,3.190981,1,Solve_Succeeded,0.028380365,-0.003889694,0.000000000000e+00
25.390000,0.036431628,0.002862235,-0.163461592,0.006394459,0.035343022,2.667521,1,Solve_Succeeded,0.029648548,-0.003920493,2.168404344971e-19
25.400000,0.034800475,0.002925747,-0.163167172,0.006357688,0.035343022,2.667521,1,Solve_Succeeded,0.029648548,-0.003920493,2.168404344971e-19
25.410000,0.033172279,0.002989045,-0.162871754,0.006333997,0.036848438,2.858596,1,Solve_Succeeded,0.030904559,-0.003950440,6.938893903907e-18
25.420000,0.031547173,0.003051949,-0.162564754,0.006296903,0.036848438,2.858596,1,Solve_Succeeded,0.030904559,-0.003950440,6.938893903907e-18
25.430000,0.029925149,0.003114634,-0.162256766,0.006272764,0.038339118,2.753002,1,Solve_Succeeded,0.032148247,-0.003979537,2.168404344971e-19
25.440000,0.028306340,0.003176921,-0.161937310,0.006235356,0.038339118,2.753002,1,Solve_Succeeded,0.032148247,-0.003979537,2.168404344971e-19
25.450000,0.026690737,0.003238986,-0.161616874,0.006210776,0.039814882,2.511640,1,Solve_Succeeded,0.033379463,-0.004007782,2.168404344971e-19
25.460000,0.025078471,0.003300650,-0.161285085,0.006173061,0.039814882,2.511640,1,Solve_Succeeded,0.033379463,-0.004007782,2.168404344971e-19
25.470000,0.023469535,0.003362086,-0.160952327,0.006148047,0.041275556,2.576548,1,Solve_Succeeded,0.034598061,-0.004035175,0.000000000000e+00
25.480000,0.021864059,0.003423119,-0.160608332,0.006110034,0.041275556,2.576548,1,Solve_Succeeded,0.034598061,-0.004035175,0.000000000000e+00
25.490000,0.020262034,0.003483920,-0.160263377,0.006084593,0.042720969,2.636002,1,Solve_Succeeded,0.035803898,-0.004061716,4.336808689942e-19
25.500000,0.018663589,0.003544316,-0.159907302,0.006046290,0.042720969,2.636002,1,Solve_Succeeded,0.035803898,-0.004061716,4.336808689942e-19
25.510000,0.017068717,0.003604474,-0.159550278,0.006020427,0.044150952,2.767639,1,Solve_Succeeded,0.036996835,-0.004087406,0.000000000000e+00
25.520000,0.015477543,0.003664225,-0.159182254,0.005981843,0.044150952,2.767639,1,Solve_Succeeded,0.036996835,-0.004087406,0.000000000000e+00
25.530000,0.013890062,0.003723734,-0.158813290,0.005955567,0.045565341,2.483844,1,Solve_Succeeded,0.038176735,-0.004112244,6.938893903907e-18
25.540000,0.012306398,0.003782832,-0.158433445,0.005916710,0.045565341,2.483844,1,Solve_Succeeded,0.038176735,-0.004112244,6.938893903907e-18
25.550000,0.010726543,0.003841686,-0.158052671,0.005890026,0.046963977,2.531399,1,Solve_Succeeded,0.039343464,-0.004136230,6.938893903907e-18
25.560000,0.009150622,0.003900126,-0.157661137,0.005850904,0.046963977,2.531399,1,Solve_Succeeded,0.039343464,-0.004136230,6.938893903907e-18
25.570000,0.007578628,0.003958316,-0.157268685,0.005823819,0.048346701,2.658008,1,Solve_Succeeded,0.040496891,-0.004159366,4.336808689942e-19
25.580000,0.006010683,0.004016091,-0.156865595,0.005784441,0.048346701,2.658008,1,Solve_Succeeded,0.040496891,-0.004159366,4.336808689942e-19
25.590000,0.004446780,0.004073612,-0.156461597,0.005756963,0.049713361,2.654989,1,Solve_Succeeded,0.041636888,-0.004181651,0.000000000000e+00
25.600000,0.002887041,0.004130715,-0.156047086,0.005717336,0.049713361,2.654989,1,Solve_Succeeded,0.041636888,-0.004181651,0.000000000000e+00
25.610000,0.001331457,0.004187561,-0.155631677,0.005689472,0.051063807,3.499716,1,Solve_Succeeded,0.042763331,-0.004203087,0.000000000000e+00
25.620000,-0.000219850,0.004243987,-0.155205879,0.005649604,0.051063807,3.499716,1,Solve_Succeeded,0.042763331,-0.004203087,0.000000000000e+00
25.630000,-0.001766889,0.004300150,-0.154779195,0.005621361,0.052397892,2.530646,1,Solve_Succeeded,0.043876099,-0.004223674,6.938893903907e-18
25.640000,-0.003309540,0.004355892,-0.154342247,0.005581261,0.052397892,2.530646,1,Solve_Succeeded,0.043876099,-0.004223674,6.938893903907e-18
25.650000,-0.004847812,0.004411368,-0.153904423,0.005552645,0.053715476,2.561565,1,Solve_Succeeded,0.044975072,-0.004243414,1.387778780781e-17
25.660000,-0.006381586,0.004466420,-0.153456463,0.005512322,0.053715476,2.561565,1,Solve_Succeeded,0.044975072,-0.004243414,1.387778780781e-17
25.670000,-0.007910870,0.004521203,-0.153007638,0.005483341,0.055016417,2.567070,1,Solve_Succeeded,0.046060135,-0.004262307,0.000000000000e+00
25.680000,-0.009435549,0.004575559,-0.152548805,0.005442802,0.055016417,2.567070,1,Solve_Succeeded,0.046060135,-0.004262307,0.000000000000e+00
25.690000,-0.010955629,0.004629642,-0.152089118,0.005413462,0.056300583,2.624914,1,Solve_Succeeded,0.047131175,-0.004280355,6.938893903907e-18
25.700000,-0.012470996,0.004683297,-0.151619551,0.005372717,0.056300583,2.624914,1,Solve_Succeeded,0.047131175,-0.004280355,6.938893903907e-18
25.710000,-0.013981657,0.004736675,-0.151149142,0.005343026,0.057567841,2.634975,1,Solve_Succeeded,0.048188083,-0.004297559,4.336808689942e-19
25.720000,-0.015487499,0.004789624,-0.150668983,0.005302081,0.057567841,2.634975,1,Solve_Succeeded,0.048188083,-0.004297559,4.336808689942e-19
25.730000,-0.016988530,0.004842291,-0.150187993,0.005272046,0.058818063,2.463649,1,Solve_Succeeded,0.049230753,-0.004313922,6.938893903907e-18
25.740000,-0.018484639,0.004894528,-0.149697385,0.005230910,0.058818063,2.463649,1,Solve_Succeeded,0.049230753,-0.004313922,6.938893903907e-18
25.750000,-0.019975831,0.004946479,-0.149205956,0.005200538,0.060051126,2.746499,1,Solve_Succeeded,0.050259081,-0.004329444,0.000000000000e+00
25.760000,-0.021461997,0.004997999,-0.148705041,0.005159220,0.060051126,2.746499,1,Solve_Succeeded,0.050259081,-0.004329444,0.000000000000e+00
25.770000,-0.022943145,0.005049230,-0.148203316,0.005128517,0.061266909,4.922067,1,Solve_Succeeded,0.051272968,-0.004344127,0.000000000000e+00
25.780000,-0.024419166,0.005100027,-0.147692239,0.005087025,0.061266909,4.922067,1,Solve_Succeeded,0.051272968,-0.004344127,0.000000000000e+00
25.790000,-0.025890066,0.005150532,-0.147180364,0.005056000,0.062465295,2.483225,1,Solve_Succeeded,0.052272315,-0.004357974,6.938893903907e-18
25.800000,-0.027355739,0.005200602,-0.146659270,0.005014342,0.062465295,2.483225,1,Solve_Succeeded,0.052272315,-0.004357974,6.938893903907e-18
25.810000,-0.028816192,0.005250377,-0.146137388,0.004983001,0.063646171,2.530584,1,Solve_Succeeded,0.053257029,-0.004370987,0.000000000000e+00
25.820000,-0.030271319,0.005299715,-0.145606423,0.004941185,0.063646171,2.530584,1,Solve_Succeeded,0.053257029,-0.004370987,0.000000000000e+00
25.830000,-0.031721128,0.005348754,-0.145074683,0.004909535,0.064809428,2.466202,1,Solve_Succeeded,0.054227018,-0.004383168,0.000000000000e+00
25.840000,-0.033165513,0.005397356,-0.144533994,0.004867569,0.064809428,2.466202,1,Solve_Succeeded,0.054227018,-0.004383168,0.000000000000e+00
25.850000,-0.034604483,0.005445656,-0.143992541,0.004835619,0.065954960,2.398831,1,Solve_Succeeded,0.055182196,-0.004394519,4.336808689942e-19
25.860000,-0.036037935,0.005493516,-0.143442277,0.004793511,0.065954960,2.398831,1,Solve_Succeeded,0.055182196,-0.004394519,4.336808689942e-19
25.870000,-0.037465875,0.005541072,-0.142891259,0.004761267,0.067082665,2.489413,1,Solve_Succeeded,0.056122475,-0.004405042,0.000000000000e+00
25.880000,-0.038888203,0.005588188,-0.142331568,0.004719025,0.067082665,2.489413,1,Solve_Succeeded,0.056122475,-0.004405042,0.000000000000e+00
25.890000,-0.040304926,0.005634995,-0.141771135,0.004686494,0.068192444,2.579863,1,Solve_Succeeded,0.057047776,-0.004414742,4.336808689942e-19
25.900000,-0.041715943,0.005681362,-0.141202166,0.004644127,0.068192444,2.579863,1,Solve_Succeeded,0.057047776,-0.004414742,4.336808689942e-19
25.910000,-0.043121263,0.005727417,-0.140632469,0.004611316,0.069284203,2.535569,1,Solve_Succeeded,0.057958019,-0.004423619,4.336808689942e-19
25.920000,-0.044520786,0.005773030,-0.140054373,0.004568832,0.069284203,2.535569,1,Solve_Succeeded,0.057958019,-0.004423619,4.336808689942e-19
25.930000,-0.045914520,0.005818330,-0.139475560,0.004535749,0.070357850,2.817838,1,Solve_Succeeded,0.058853128,-0.004431678,0.000000000000e+00
25.940000,-0.047302369,0.005863186,-0.138888488,0.004493156,0.070357850,2.817838,1,Solve_Succeeded,0.058853128,-0.004431678,0.000000000000e+00
25.950000,-0.048684339,0.005907725,-0.138300711,0.004459808,0.071413299,3.378153,1,Solve_Succeeded,0.059733030,-0.004438921,4.336808689942e-19
25.960000,-0.050060336,0.005951821,-0.137704816,0.004417113,0.071413299,3.378153,1,Solve_Succeeded,0.059733030,-0.004438921,4.336808689942e-19
25.970000,-0.051430365,0.005995597,-0.137108227,0.004383507,0.072450465,2.592347,1,Solve_Succeeded,0.060597657,-0.004445351,4.336808689942e-19
25.980000,-0.052794335,0.006038928,-0.136503661,0.004340719,0.072450465,2.592347,1,Solve_Succeeded,0.060597657,-0.004445351,4.336808689942e-19
25.990000,-0.054152251,0.006081937,-0.135898413,0.004306863,0.073469268,2.538307,1,Solve_Succeeded,0.061446940,-0.004450972,0.000000000000e+00
26.000000,-0.055504022,0.006124502,-0.135285329,0.004263989,0.073469268,2.538307,1,Solve_Succeeded,0.061446940,-0.004450972,0.000000000000e+00
26.010000,-0.056849655,0.006166740,-0.134671576,0.004229890,0.074469632,2.567688,1,Solve_Succeeded,0.062280818,-0.004455787,8.673617379884e-19
26.020000,-0.058189059,0.006208534,-0.134050128,0.004186939,0.074469632,2.567688,1,Solve_Succeeded,0.062280818,-0.004455787,8.673617379884e-19
26.030000,-0.059522242,0.006249999,-0.133428023,0.004152603,0.075451484,2.666568,1,Solve_Succeeded,0.063099228,-0.004459799,1.387778780781e-17
26.040000,-0.060849114,0.006291019,-0.132798366,0.004109583,0.075451484,2.666568,1,Solve_Succeeded,0.063099228,-0.004459799,1.387778780781e-17
26.050000,-0.062169683,0.006331708,-0.132168063,0.004075019,0.076414755,2.497247,1,Solve_Succeeded,0.063902114,-0.004463013,4.336808689942e-19
26.060000,-0.063483861,0.006371952,-0.131530352,0.004031937,0.076414755,2.497247,1,Solve_Succeeded,0.063902114,-0.004463013,4.336808689942e-19
26.070000,-0.064791654,0.006411862,-0.130892008,0.003997152,0.077359379,2.795673,1,Solve_Succeeded,0.064689421,-0.004465432,0.000000000000e+00
26.080000,-0.066092979,0.006451326,-0.130246398,0.003954016,0.077359379,2.795673,1,Solve_Succeeded,0.064689421,-0.004465432,0.000000000000e+00
26.090000,-0.067387840,0.006490454,-0.129600168,0.003919017,0.078285293,2.763284,1,Solve_Succeeded,0.065461098,-0.004467060,0.000000000000e+00
26.100000,-0.068676156,0.006529136,-0.128946816,0.003875835,0.078285293,2.763284,1,Solve_Succeeded,0.065461098,-0.004467060,0.000000000000e+00
26.110000,-0.069957930,0.006567481,-0.128292856,0.003840629,0.079192441,2.736433,1,Solve_Succeeded,0.066217095,-0.004467901,4.336808689942e-19
26.120000,-0.071233083,0.006605378,-0.127631919,0.003797409,0.079192441,2.736433,1,Solve_Succeeded,0.066217095,-0.004467901,4.336808689942e-19
26.130000,-0.072501619,0.006642936,-0.126970386,0.003762003,0.080080766,2.985396,1,Solve_Succeeded,0.066957369,-0.004467958,8.673617379884e-19
26.140000,-0.073763460,0.006680047,-0.126302020,0.003718753,0.080080766,2.985396,1,Solve_Succeeded,0.066957369,-0.004467958,8.673617379884e-19
26.150000,-0.075018610,0.006716816,-0.125633071,0.003683155,0.080950217,2.454042,1,Solve_Succeeded,0.067681876,-0.004467237,8.673617379884e-19
26.160000,-0.076266992,0.006753138,-0.124957435,0.003639882,0.080950217,2.454042,1,Solve_Succeeded,0.067681876,-0.004467237,8.673617379884e-19
26.170000,-0.077508611,0.006789116,-0.124281227,0.003604099,0.081800748,2.556748,1,Solve_Succeeded,0.068390576,-0.004465742,0.000000000000e+00
26.180000,-0.078743391,0.006824648,-0.123598478,0.003560811,0.081800748,2.556748,1,Solve_Succeeded,0.068390576,-0.004465742,0.000000000000e+00
26.190000,-0.079971337,0.006859833,-0.122915171,0.003524851,0.082632313,2.476176,1,Solve_Succeeded,0.069083434,-0.004463477,8.673617379884e-19
26.200000,-0.081192375,0.006894572,-0.122225467,0.003481555,0.082632313,2.476176,1,Solve_Succeeded,0.069083434,-0.004463477,8.673617379884e-19
26.210000,-0.082406509,0.006928963,-0.121535218,0.003445424,0.083444872,2.454231,1,Solve_Succeeded,0.069760415,-0.004460446,1.387778780781e-17
26.220000,-0.083613667,0.006962907,-0.120838719,0.003402129,0.083444872,2.454231,1,Solve_Succeeded,0.069760415,-0.004460446,1.387778780781e-17
26.230000,-0.084813854,0.006996502,-0.120141686,0.003365835,0.084238389,2.393601,1,Solve_Succeeded,0.070421489,-0.004456655,1.387778780781e-17
26.240000,-0.086006998,0.007029651,-0.119438551,0.003322547,0.084238389,2.393601,1,Solve_Succeeded,0.070421489,-0.004456655,1.387778780781e-17
26.250000,-0.087193106,0.007062448,-0.118734894,0.003286097,0.085012830,2.482083,1,Solve_Succeeded,0.071066628,-0.004452108,0.000000000000e+00
26.260000,-0.088372106,0.007094799,-0.118025281,0.003242825,0.085012830,2.482083,1,Solve_Succeeded,0.071066628,-0.004452108,0.000000000000e+00
26.270000,-0.089544004,0.007126797,-0.117315160,0.003206226,0.085768164,2.671776,1,Solve_Succeeded,0.071695809,-0.004446810,1.387778780781e-17
26.280000,-0.090708733,0.007158351,-0.116599229,0.003162977,0.085768164,2.671776,1,Solve_Succeeded,0.071695809,-0.004446810,1.387778780781e-17
26.290000,-0.091866297,0.007189548,-0.115882802,0.003126236,0.086504366,2.728980,1,Solve_Succeeded,0.072309008,-0.004440766,0.000000000000e+00
26.300000,-0.093016630,0.007220302,-0.115160714,0.003083017,0.086504366,2.728980,1,Solve_Succeeded,0.072309008,-0.004440766,0.000000000000e+00
26.310000,-0.094159736,0.007250698,-0.114438142,0.003046142,0.087221412,2.603524,1,Solve_Succeeded,0.072906207,-0.004433981,0.000000000000e+00
26.320000,-0.095295552,0.007280652,-0.113710055,0.003002960,0.087221412,2.603524,1,Solve_Succeeded,0.072906207,-0.004433981,0.000000000000e+00
26.330000,-0.096424081,0.007310246,-0.112981497,0.002965959,0.087919283,2.489778,1,Solve_Succeeded,0.073487390,-0.004426461,1.387778780781e-17
26.340000,-0.097545262,0.007339398,-0.112247573,0.002922821,0.087919283,2.489778,1,Solve_Succeeded,0.073487390,-0.004426461,1.387778780781e-17
26.350000,-0.098659098,0.007368190,-0.111513190,0.002885700,0.088597963,2.403682,1,Solve_Succeeded,0.074052543,-0.004418210,1.387778780781e-17
26.360000,-0.099765528,0.007396540,-0.110773588,0.002842615,0.088597963,2.403682,1,Solve_Succeeded,0.074052543,-0.004418210,1.387778780781e-17
26.370000,-0.100864558,0.007424528,-0.110033540,0.002805380,0.089257439,2.685532,1,Solve_Succeeded,0.074601658,-0.004409234,0.000000000000e+00
26.380000,-0.101956127,0.007452075,-0.109288421,0.002762354,0.089257439,2.685532,1,Solve_Succeeded,0.074601658,-0.004409234,0.000000000000e+00
26.390000,-0.103040240,0.007479260,-0.108542869,0.002725014,0.089897702,2.557116,1,Solve_Succeeded,0.075134725,-0.004399539,2.775557561563e-17
26.400000,-0.104116840,0.007506004,-0.107792393,0.002682055,0.089897702,2.557116,1,Solve_Succeeded,0.075134725,-0.004399539,2.775557561563e-17
26.410000,-0.105185930,0.007532384,-0.107041496,0.002644616,0.090518747,2.440172,1,Solve_Succeeded,0.075651742,-0.004389130,1.387778780781e-17
26.420000,-0.106247454,0.007558326,-0.106285824,0.002601730,0.090518747,2.440172,1,Solve_Succeeded,0.075651742,-0.004389130,1.387778780781e-17
26.430000,-0.107301417,0.007583902,-0.105529744,0.002564200,0.091120570,2.460361,1,Solve_Succeeded,0.076152705,-0.004378013,1.387778780781e-17
26.440000,-0.108347765,0.007609040,-0.104769036,0.002521395,0.091120570,2.460361,1,Solve_Succeeded,0.076152705,-0.004378013,1.387778780781e-17
26.450000,-0.109386502,0.007633812,-0.104007932,0.002483780,0.091703173,3.017355,1,Solve_Succeeded,0.076637616,-0.004366194,1.387778780781e-17
26.460000,-0.110417574,0.007658147,-0.103242349,0.002441063,0.091703173,3.017355,1,Solve_Succeeded,0.076637616,-0.004366194,1.387778780781e-17
26.470000,-0.111440986,0.007682114,-0.102476383,0.002403370,0.092266560,2.896355,1,Solve_Succeeded,0.077106480,-0.004353679,0.000000000000e+00
26.480000,-0.112456688,0.007705646,-0.101706085,0.002360748,0.092266560,2.896355,1,Solve_Succeeded,0.077106480,-0.004353679,0.000000000000e+00
26.490000,-0.113464682,0.007728810,-0.100935418,0.002322985,0.092810739,2.583626,1,Solve_Succeeded,0.077559302,-0.004340473,1.387778780781e-17
26.500000,-0.114464920,0.007751539,-0.100160565,0.002280464,0.092810739,2.583626,1,Solve_Succeeded,0.077559302,-0.004340473,1.387778780781e-17
26.510000,-0.115457406,0.007773899,-0.099385356,0.002242638,0.093335721,2.481230,1,Solve_Succeeded,0.077996092,-0.004326583,0.000000000000e+00
26.520000,-0.116442092,0.007795826,-0.098606109,0.002200226,0.093335721,2.481230,1,Solve_Succeeded,0.077996092,-0.004326583,0.000000000000e+00
26.530000,-0.117418981,0.007817383,-0.097826518,0.002162343,0.093841520,2.491575,1,Solve_Succeeded,0.078416862,-0.004312014,1.387778780781e-17
26.540000,-0.118388029,0.007838509,-0.097043038,0.002120046,0.093841520,2.491575,1,Solve_Succeeded,0.078416862,-0.004312014,1.387778780781e-17
26.550000,-0.119349238,0.007859263,-0.096259226,0.002082114,0.094328153,2.482529,1,Solve_Succeeded,0.078821628,-0.004296774,1.387778780781e-17
26.560000,-0.120302565,0.007879588,-0.095471673,0.002039939,0.094328153,2.482529,1,Solve_Succeeded,0.078821628,-0.004296774,1.387778780781e-17
26.570000,-0.121248012,0.007899540,-0.094683799,0.002001964,0.094795642,2.620206,1,Solve_Succeeded,0.079210407,-0.004280868,1.387778780781e-17
26.580000,-0.122185539,0.007919065,-0.093892332,0.001959918,0.094795642,2.620206,1,Solve_Succeeded,0.079210407,-0.004280868,1.387778780781e-17
26.590000,-0.123115147,0.007938217,-0.093100558,0.001921907,0.095244010,2.416031,1,Solve_Succeeded,0.079583219,-0.004264303,1.387778780781e-17
26.600000,-0.124036797,0.007956943,-0.092305336,0.001879997,0.095244010,2.416031,1,Solve_Succeeded,0.079583219,-0.004264303,1.387778780781e-17
26.610000,-0.124950492,0.007975296,-0.091509820,0.001841957,0.095673285,2.610790,1,Solve_Succeeded,0.079940087,-0.004247085,8.673617379884e-19
26.620000,-0.125856192,0.007993224,-0.090711004,0.001800188,0.095673285,2.610790,1,Solve_Succeeded,0.079940087,-0.004247085,8.673617379884e-19
26.630000,-0.126753901,0.008010778,-0.089911906,0.001762126,0.096083497,2.476921,1,Solve_Succeeded,0.080281037,-0.004229221,1.387778780781e-17
26.640000,-0.127643582,0.008027910,-0.089109654,0.001720506,0.096083497,2.476921,1,Solve_Succeeded,0.080281037,-0.004229221,1.387778780781e-17
26.650000,-0.128525237,0.008044667,-0.088307134,0.001682428,0.096474680,3.310012,1,Solve_Succeeded,0.080606097,-0.004210718,1.387778780781e-17
26.660000,-0.129398831,0.008061003,-0.087501606,0.001640963,0.096474680,3.310012,1,Solve_Succeeded,0.080606097,-0.004210718,1.387778780781e-17
26.670000,-0.130264368,0.008076965,-0.086695821,0.001602877,0.096846870,2.486084,1,Solve_Succeeded,0.080915298,-0.004191582,0.000000000000e+00
26.680000,-0.131121812,0.008092508,-0.085887175,0.001561573,0.096846870,2.486084,1,Solve_Succeeded,0.080915298,-0.004191582,0.000000000000e+00
26.690000,-0.131971168,0.008107675,-0.085078285,0.001523485,0.097200107,2.698837,1,Solve_Succeeded,0.081208675,-0.004171820,8.673617379884e-19
26.700000,-0.132812402,0.008122426,-0.084266680,0.001482349,0.097200107,2.698837,1,Solve_Succeeded,0.081208675,-0.004171820,8.673617379884e-19
26.710000,-0.133645518,0.008136802,-0.083454843,0.001444266,0.097534435,2.404350,1,Solve_Succeeded,0.081486262,-0.004151439,1.387778780781e-17
26.720000,-0.134470485,0.008150762,-0.082640436,0.001403304,0.097534435,2.404350,1,Solve_Succeeded,0.081486262,-0.004151439,1.387778780781e-17
26.730000,-0.135287306,0.008164348,-0.081825810,0.001365231,0.097849898,2.737630,1,Solve_Succeeded,0.081748098,-0.004130446,0.000000000000e+00
26.740000,-0.136095952,0.008177520,-0.081008759,0.001324450,0.097849898,2.737630,1,Solve_Succeeded,0.081748098,-0.004130446,0.000000000000e+00
26.750000,-0.136896424,0.008190317,-0.080191501,0.001286395,0.098146547,2.556023,1,Solve_Succeeded,0.081994226,-0.004108848,0.000000000000e+00
26.760000,-0.137688698,0.008202703,-0.079371963,0.001245800,0.098146547,2.556023,1,Solve_Succeeded,0.081994226,-0.004108848,0.000000000000e+00
26.770000,-0.138472774,0.008214714,-0.078552231,0.001207770,0.098424433,2.450879,1,Solve_Succeeded,0.082224687,-0.004086652,1.387778780781e-17
26.780000,-0.139248627,0.008226316,-0.077730363,0.001167366,0.098424433,2.450879,1,Solve_Succeeded,0.082224687,-0.004086652,1.387778780781e-17
26.790000,-0.140016259,0.008237543,-0.076908313,0.001129368,0.098683612,2.691368,1,Solve_Succeeded,0.082439530,-0.004063865,1.387778780781e-17
26.800000,-0.140775648,0.008248363,-0.076084272,0.001089163,0.098683612,2.691368,1,Solve_Succeeded,0.082439530,-0.004063865,1.387778780781e-17
26.810000,-0.141526794,0.008258808,-0.075260060,0.001051201,0.098924141,2.752173,1,Solve_Succeeded,0.082638802,-0.004040495,1.387778780781e-17
26.820000,-0.142269676,0.008268850,-0.074434000,0.001011200,0.098924141,2.752173,1,Solve_Succeeded,0.082638802,-0.004040495,1.387778780781e-17
26.830000,-0.143004296,0.008278516,-0.073607783,0.000973283,0.099146081,3.603892,1,Solve_Succeeded,0.082822555,-0.004016548,1.387778780781e-17
26.840000,-0.143730633,0.008287781,-0.072779861,0.000933492,0.099146081,3.603892,1,Solve_Succeeded,0.082822555,-0.004016548,1.387778780781e-17
26.850000,-0.144448690,0.008296670,-0.071951793,0.000895625,0.099349496,2.563837,1,Solve_Succeeded,0.082990842,-0.003992033,0.000000000000e+00
26.860000,-0.145158448,0.008305161,-0.071122162,0.000856050,0.099349496,2.563837,1,Solve_Succeeded,0.082990842,-0.003992033,0.000000000000e+00
26.870000,-0.145859907,0.008313276,-0.070292399,0.000818240,0.099534454,2.635202,1,Solve_Succeeded,0.083143720,-0.003966956,8.673617379884e-19
26.880000,-0.146553053,0.008320996,-0.069461214,0.000778886,0.099534454,2.635202,1,Solve_Succeeded,0.083143720,-0.003966956,8.673617379884e-19
26.890000,-0.147237885,0.008328340,-0.068629909,0.000741139,0.099701023,3.659922,1,Solve_Succeeded,0.083281246,-0.003941325,2.775557561563e-17
26.900000,-0.147914389,0.008335292,-0.067797324,0.000702013,0.099701023,3.659922,1,Solve_Succeeded,0.083281246,-0.003941325,2.775557561563e-17
26.910000,-0.148582566,0.008341868,-0.066964631,0.000664334,0.099849276,2.558984,1,Solve_Succeeded,0.083403481,-0.003915148,1.387778780781e-17
26.920000,-0.149242402,0.008348054,-0.066130799,0.000625441,0.099849276,2.558984,1,Solve_Succeeded,0.083403481,-0.003915148,1.387778780781e-17
26.930000,-0.149893899,0.008353866,-0.065296870,0.000587838,0.099979289,2.703169,1,Solve_Succeeded,0.083510489,-0.003888432,0.000000000000e+00
26.940000,-0.150537045,0.008359290,-0.064461944,0.000549183,0.099979289,2.703169,1,Solve_Succeeded,0.083510489,-0.003888432,0.000000000000e+00
26.950000,-0.151171841,0.008364340,-0.063626932,0.000511662,0.100091139,2.530335,1,Solve_Succeeded,0.083602335,-0.003861184,0.000000000000e+00
26.960000,-0.151798277,0.008369005,-0.062791062,0.000473251,0.100091139,2.530335,1,Solve_Succeeded,0.083602335,-0.003861184,0.000000000000e+00
26.970000,-0.152416353,0.008373297,-0.061955120,0.000435817,0.100184907,2.919655,1,Solve_Succeeded,0.083679087,-0.003833413,0.000000000000e+00
26.980000,-0.153026061,0.008377206,-0.061118458,0.000397655,0.100184907,2.919655,1,Solve_Succeeded,0.083679087,-0.003833413,0.000000000000e+00
26.990000,-0.153627402,0.008380744,-0.060281735,0.000360315,0.100260677,2.531537,1,Solve_Succeeded,0.083740814,-0.003805126,0.000000000000e+00
27.000000,-0.154220368,0.008383901,-0.059444431,0.000322408,0.100260677,2.531537,1,Solve_Succeeded,0.083740814,-0.003805126,0.000000000000e+00
27.010000,-0.154804961,0.008386687,-0.058607078,0.000285167,0.100318535,3.354169,1,Solve_Succeeded,0.083787589,-0.003776332,1.387778780781e-17
27.020000,-0.155381176,0.008389095,-0.057769283,0.000247519,0.100318535,3.354169,1,Solve_Succeeded,0.083787589,-0.003776332,1.387778780781e-17
27.030000,-0.155949012,0.008391134,-0.056931450,0.000210384,0.100358570,2.525110,1,Solve_Succeeded,0.083819487,-0.003747037,0.000000000000e+00
27.040000,-0.156508466,0.008392798,-0.056093311,0.000173002,0.100358570,2.525110,1,Solve_Succeeded,0.083819487,-0.003747037,0.000000000000e+00
27.050000,-0.157059538,0.008394092,-0.055255146,0.000135978,0.100380872,2.460372,1,Solve_Succeeded,0.083836583,-0.003717250,8.673617379884e-19
27.060000,-0.157602227,0.008395015,-0.054416813,0.000098865,0.100380872,2.460372,1,Solve_Succeeded,0.083836583,-0.003717250,8.673617379884e-19
27.070000,-0.158136532,0.008395570,-0.053578464,0.000061959,0.100385537,2.536608,1,Solve_Succeeded,0.083838957,-0.003686978,8.673617379884e-19
27.080000,-0.158662453,0.008395756,-0.052740083,0.000025121,0.100385537,2.536608,1,Solve_Succeeded,0.083838957,-0.003686978,8.673617379884e-19
27.090000,-0.159179991,0.008395574,-0.051901699,-0.000011662,0.100372661,2.731254,1,Solve_Succeeded,0.083826690,-0.003656230,8.673617379884e-19
27.100000,-0.159689146,0.008395028,-0.051063416,-0.000048220,0.100372661,2.731254,1,Solve_Succeeded,0.083826690,-0.003656230,8.673617379884e-19
27.110000,-0.160189918,0.008394114,-0.050225143,-0.000084874,0.100342343,2.992644,1,Solve_Succeeded,0.083799864,-0.003625014,0.000000000000e+00
27.120000,-0.160682310,0.008392839,-0.049387105,-0.000121147,0.100342343,2.992644,1,Solve_Succeeded,0.083799864,-0.003625014,0.000000000000e+00
27.130000,-0.161166322,0.008391198,-0.048549087,-0.000157667,0.100294685,2.714830,1,Solve_Succeeded,0.083758565,-0.003593338,1.387778780781e-17
27.140000,-0.161641958,0.008389198,-0.047711438,-0.000193650,0.100294685,2.714830,1,Solve_Succeeded,0.083758565,-0.003593338,1.387778780781e-17
27.150000,-0.162109218,0.008386833,-0.046873821,-0.000230030,0.100229791,2.497837,1,Solve_Succeeded,0.083702880,-0.003561209,1.387778780781e-17
27.160000,-0.162568108,0.008384113,-0.046036706,-0.000265719,0.100229791,2.497837,1,Solve_Succeeded,0.083702880,-0.003561209,1.387778780781e-17
27.170000,-0.163018627,0.008381030,-0.045199634,-0.000301953,0.100147767,3.246943,1,Solve_Succeeded,0.083632898,-0.003528636,1.387778780781e-17
27.180000,-0.163460783,0.008377594,-0.044363196,-0.000337343,0.100147767,3.246943,1,Solve_Succeeded,0.083632898,-0.003528636,1.387778780781e-17
27.190000,-0.163894575,0.008373796,-0.043526811,-0.000373425,0.100048723,2.574773,1,Solve_Succeeded,0.083548711,-0.003495628,1.387778780781e-17
27.200000,-0.164320012,0.008369649,-0.042691191,-0.000408513,0.100048723,2.574773,1,Solve_Succeeded,0.083548711,-0.003495628,1.387778780781e-17
27.210000,-0.164737094,0.008365141,-0.041855637,-0.000444438,0.099932769,2.760410,1,Solve_Succeeded,0.083450411,-0.003462191,0.000000000000e+00
27.220000,-0.165145831,0.008360287,-0.041020977,-0.000479218,0.099932769,2.760410,1,Solve_Succeeded,0.083450411,-0.003462191,0.000000000000e+00
27.230000,-0.165546222,0.008355075,-0.040186394,-0.000514981,0.099800020,2.814016,1,Solve_Succeeded,0.083338094,-0.003428336,0.000000000000e+00
27.240000,-0.165938280,0.008349519,-0.039352835,-0.000549449,0.099800020,2.814016,1,Solve_Succeeded,0.083338094,-0.003428336,0.000000000000e+00
27.250000,-0.166322002,0.008343606,-0.038519363,-0.000585044,0.099650591,3.965602,1,Solve_Succeeded,0.083211857,-0.003394069,0.000000000000e+00
27.260000,-0.166697404,0.008337354,-0.037687043,-0.000619195,0.099650591,3.965602,1,Solve_Succeeded,0.083211857,-0.003394069,0.000000000000e+00
27.270000,-0.167064484,0.008330745,-0.036854822,-0.000654618,0.099484601,2.638704,1,Solve_Succeeded,0.083071799,-0.003359399,1.387778780781e-17
27.280000,-0.167423256,0.008323801,-0.036023881,-0.000688448,0.099484601,2.638704,1,Solve_Succeeded,0.083071799,-0.003359399,1.387778780781e-17
27.290000,-0.167773720,0.008316502,-0.035193048,-0.000723693,0.099302171,2.551150,1,Solve_Succeeded,0.082918020,-0.003324334,1.387778780781e-17
27.300000,-0.168115893,0.008308871,-0.034363622,-0.000757199,0.099302171,2.551150,1,Solve_Succeeded,0.082918020,-0.003324334,1.387778780781e-17
27.310000,-0.168449773,0.008300886,-0.033534316,-0.000792260,0.099103422,3.479777,1,Solve_Succeeded,0.082750624,-0.003288883,1.387778780781e-17
27.320000,-0.168775377,0.008292573,-0.032706542,-0.000825437,0.099103422,3.479777,1,Solve_Succeeded,0.082750624,-0.003288883,1.387778780781e-17
27.330000,-0.169092706,0.008283909,-0.031878899,-0.000860309,0.098888481,3.188456,1,Solve_Succeeded,0.082569715,-0.003253055,0.000000000000e+00
27.340000,-0.169401777,0.008274919,-0.031052912,-0.000893154,0.098888481,3.188456,1,Solve_Succeeded,0.082569715,-0.003253055,0.000000000000e+00
27.350000,-0.169702590,0.008265580,-0.030227066,-0.000927832,0.098657473,2.880354,1,Solve_Succeeded,0.082375399,-0.003216856,0.000000000000e+00
27.360000,-0.169995166,0.008255919,-0.029403000,-0.000960340,0.098657473,2.880354,1,Solve_Succeeded,0.082375399,-0.003216856,0.000000000000e+00
27.370000,-0.170279503,0.008245910,-0.028579086,-0.000994821,0.098410529,2.498410,1,Solve_Succeeded,0.082167784,-0.003180297,1.387778780781e-17
27.380000,-0.170555623,0.008235583,-0.027757075,-0.001026988,0.098410529,2.498410,1,Solve_Succeeded,0.082167784,-0.003180297,1.387778780781e-17
27.390000,-0.170823525,0.008224910,-0.026935226,-0.001061265,0.098147779,2.539753,1,Solve_Succeeded,0.081946980,-0.003143384,0.000000000000e+00
27.400000,-0.171083233,0.008213923,-0.026115402,-0.001093088,0.098147779,2.539753,1,Solve_Succeeded,0.081946980,-0.003143384,0.000000000000e+00
27.410000,-0.171334744,0.008202591,-0.025295750,-0.001127157,0.097869356,2.591658,1,Solve_Succeeded,0.081713098,-0.003106128,1.387778780781e-17
27.420000,-0.171578083,0.008190949,-0.024478243,-0.001158632,0.097869356,2.591658,1,Solve_Succeeded,0.081713098,-0.003106128,1.387778780781e-17
27.430000,-0.171813250,0.008178965,-0.023660919,-0.001192487,0.097575397,2.731475,1,Solve_Succeeded,0.081466253,-0.003068535,8.673617379884e-19
27.440000,-0.172040270,0.008166674,-0.022845859,-0.001223611,0.097575397,2.731475,1,Solve_Succeeded,0.081466253,-0.003068535,8.673617379884e-19
27.450000,-0.172259142,0.008154042,-0.022030992,-0.001257249,0.097266037,2.498187,1,Solve_Succeeded,0.081206557,-0.003030615,1.387778780781e-17
27.460000,-0.172469894,0.008141107,-0.021218509,-0.001288017,0.097266037,2.498187,1,Solve_Succeeded,0.081206557,-0.003030615,1.387778780781e-17
27.470000,-0.172672522,0.008127834,-0.020406228,-0.001321433,0.096941417,2.488275,1,Solve_Succeeded,0.080934129,-0.002992377,1.387778780781e-17
27.480000,-0.172867058,0.008114262,-0.019596448,-0.001351843,0.096941417,2.488275,1,Solve_Succeeded,0.080934129,-0.002992377,1.387778780781e-17
27.490000,-0.173053498,0.008100353,-0.018786882,-0.001385031,0.096601677,2.454268,1,Solve_Succeeded,0.080649085,-0.002953827,8.673617379884e-19
27.500000,-0.173231873,0.008086149,-0.017979931,-0.001415080,0.096601677,2.454268,1,Solve_Succeeded,0.080649085,-0.002953827,8.673617379884e-19
27.510000,-0.173402182,0.008071611,-0.017173204,-0.001448036,0.096246961,2.718796,1,Solve_Succeeded,0.080351546,-0.002914976,1.387778780781e-17
27.520000,-0.173564455,0.008056781,-0.016369209,-0.001477720,0.096246961,2.718796,1,Solve_Succeeded,0.080351546,-0.002914976,1.387778780781e-17
27.530000,-0.173718691,0.008041619,-0.015565447,-0.001510441,0.095877412,2.532298,1,Solve_Succeeded,0.080041631,-0.002875831,0.000000000000e+00
27.540000,-0.173864923,0.008026170,-0.014764531,-0.001539756,0.095877412,2.532298,1,Solve_Succeeded,0.080041631,-0.002875831,0.000000000000e+00
27.550000,-0.174003149,0.008010390,-0.013963858,-0.001572236,0.095493178,2.518582,1,Solve_Succeeded,0.079719465,-0.002836401,0.000000000000e+00
27.560000,-0.174133402,0.007994327,-0.013166143,-0.001601180,0.095493178,2.518582,1,Solve_Succeeded,0.079719465,-0.002836401,0.000000000000e+00
27.570000,-0.174255682,0.007977936,-0.012368682,-0.001633415,0.095094407,2.656552,1,Solve_Succeeded,0.079385171,-0.002796694,0.000000000000e+00
27.580000,-0.174370023,0.007961266,-0.011574290,-0.001661985,0.095094407,2.656552,1,Solve_Succeeded,0.079385171,-0.002796694,0.000000000000e+00
27.590000,-0.174476423,0.007944270,-0.010780161,-0.001693972,0.094681249,2.420124,1,Solve_Succeeded,0.079038874,-0.002756720,8.673617379884e-19
27.600000,-0.174574920,0.007926998,-0.009989213,-0.001722164,0.094681249,2.420124,1,Solve_Succeeded,0.079038874,-0.002756720,8.673617379884e-19
27.610000,-0.174665510,0.007909403,-0.009198537,-0.001753897,0.094253855,2.840648,1,Solve_Succeeded,0.078680701,-0.002716485,8.673617379884e-19
27.620000,-0.174748232,0.007891537,-0.008411152,-0.001781710,0.094253855,2.840648,1,Solve_Succeeded,0.078680701,-0.002716485,8.673617379884e-19
27.630000,-0.174823083,0.007873350,-0.007624048,-0.001813185,0.093812380,2.577572,1,Solve_Succeeded,0.078310780,-0.002676000,1.387778780781e-17
27.640000,-0.174890103,0.007854895,-0.006840342,-0.001840615,0.093812380,2.577572,1,Solve_Succeeded,0.078310780,-0.002676000,1.387778780781e-17
27.650000,-0.174949290,0.007836122,-0.006056927,-0.001871829,0.093356977,2.499760,1,Solve_Succeeded,0.077929242,-0.002635272,8.673617379884e-19
27.660000,-0.175000684,0.007817085,-0.005277018,-0.001898874,0.093356977,2.499760,1,Solve_Succeeded,0.077929242,-0.002635272,8.673617379884e-19
27.670000,-0.175044282,0.007797733,-0.004497409,-0.001929822,0.092887803,2.742144,1,Solve_Succeeded,0.077536216,-0.002594311,1.387778780781e-17
27.680000,-0.175080127,0.007778121,-0.003721411,-0.001956479,0.092887803,2.742144,1,Solve_Succeeded,0.077536216,-0.002594311,1.387778780781e-17
27.690000,-0.175108216,0.007758195,-0.002945723,-0.001987157,0.092405018,3.165619,1,Solve_Succeeded,0.077131835,-0.002553123,1.387778780781e-17
27.700000,-0.175128591,0.007738014,-0.002173751,-0.002013423,0.092405018,3.165619,1,Solve_Succeeded,0.077131835,-0.002553123,1.387778780781e-17
27.710000,-0.175141250,0.007717523,-0.001402096,-0.002043829,0.091908779,2.618153,1,Solve_Succeeded,0.076716233,-0.002511719,0.000000000000e+00
27.720000,-0.175146238,0.007696780,-0.000634262,-0.002069702,0.091908779,2.618153,1,Solve_Succeeded,0.076716233,-0.002511719,0.000000000000e+00
27.730000,-0.175143551,0.007675728,0.000133246,-0.002099830,0.091399248,2.456017,1,Solve_Succeeded,0.076289543,-0.002470105,1.387778780781e-17
27.740000,-0.175133235,0.007654430,0.000896831,-0.002125308,0.091399248,2.456017,1,Solve_Succeeded,0.076289543,-0.002470105,1.387778780781e-17
27.750000,-0.175115287,0.007632826,0.001660082,-0.002155156,0.090876587,2.350962,1,Solve_Succeeded,0.075851902,-0.002428292,8.673617379884e-19
27.760000,-0.175089754,0.007610979,0.002419309,-0.002180236,0.090876587,2.350962,1,Solve_Succeeded,0.075851902,-0.002428292,8.673617379884e-19
27.770000,-0.175056633,0.007588829,0.003178192,-0.002209799,0.090340961,2.459874,1,Solve_Succeeded,0.075403447,-0.002386286,1.387778780781e-17
27.780000,-0.175015972,0.007566441,0.003932952,-0.002234480,0.090340961,2.459874,1,Solve_Succeeded,0.075403447,-0.002386286,1.387778780781e-17
27.790000,-0.174967767,0.007543752,0.004687359,-0.002263755,0.089792535,2.696352,1,Solve_Succeeded,0.074944316,-0.002344098,8.673617379884e-19
27.800000,-0.174912067,0.007520829,0.005437545,-0.002288033,0.089792535,2.696352,1,Solve_Succeeded,0.074944316,-0.002344098,8.673617379884e-19
27.810000,-0.174848871,0.007497607,0.006187371,-0.002317017,0.089231475,2.883288,1,Solve_Succeeded,0.074474648,-0.002301734,8.673617379884e-19
27.820000,-0.174778226,0.007474156,0.006932877,-0.002340892,0.089231475,2.883288,1,Solve_Succeeded,0.074474648,-0.002301734,8.673617379884e-19
27.830000,-0.174700131,0.007450410,0.007678014,-0.002369580,0.088657949,3.517293,1,Solve_Succeeded,0.073994583,-0.002259204,8.673617379884e-19
27.840000,-0.174614637,0.007426438,0.008418737,-0.002393049,0.088657949,3.517293,1,Solve_Succeeded,0.073994583,-0.002259204,8.673617379884e-19
27.850000,-0.174521739,0.007402173,0.009159083,-0.002421439,0.088072126,2.612469,1,Solve_Succeeded,0.073504263,-0.002216516,0.000000000000e+00
27.860000,-0.174421491,0.007377688,0.009894919,-0.002444500,0.088072126,2.612469,1,Solve_Succeeded,0.073504263,-0.002216516,0.000000000000e+00
27.870000,-0.174313890,0.007352912,0.010630370,-0.002472588,0.087474176,2.688689,1,Solve_Succeeded,0.073003830,-0.002173678,0.000000000000e+00
27.880000,-0.174198988,0.007327920,0.011361218,-0.002495240,0.087474176,2.688689,1,Solve_Succeeded,0.073003830,-0.002173678,0.000000000000e+00
27.890000,-0.174076782,0.007302641,0.012091673,-0.002523023,0.086864271,2.493594,1,Solve_Succeeded,0.072493427,-0.002130698,0.000000000000e+00
27.900000,-0.173947327,0.007277149,0.012817434,-0.002545264,0.086864271,2.493594,1,Solve_Succeeded,0.072493427,-0.002130698,0.000000000000e+00
27.910000,-0.173810619,0.007251373,0.013542793,-0.002572739,0.086242583,2.598623,1,Solve_Succeeded,0.071973198,-0.002087585,0.000000000000e+00
27.920000,-0.173666714,0.007225389,0.014263368,-0.002594568,0.086242583,2.598623,1,Solve_Succeeded,0.071973198,-0.002087585,0.000000000000e+00
27.930000,-0.173515608,0.007199123,0.014983533,-0.002621731,0.085609287,2.651340,1,Solve_Succeeded,0.071443289,-0.002044348,0.000000000000e+00
27.940000,-0.173357357,0.007172654,0.015698824,-0.002643146,0.085609287,2.651340,1,Solve_Succeeded,0.071443289,-0.002044348,0.000000000000e+00
27.950000,-0.173191959,0.007145907,0.016413699,-0.002669995,0.084964556,2.450323,1,Solve_Succeeded,0.070903846,-0.002000993,1.387778780781e-17
27.960000,-0.173019470,0.007118960,0.017123610,-0.002690994,0.084964556,2.450323,1,Solve_Succeeded,0.070903846,-0.002000993,1.387778780781e-17
27.970000,-0.172839887,0.007091738,0.017833099,-0.002717526,0.084308567,2.710412,1,Solve_Succeeded,0.070355015,-0.001957531,1.387778780781e-17
27.980000,-0.172653268,0.007064320,0.018537538,-0.002738108,0.084308567,2.710412,1,Solve_Succeeded,0.070355015,-0.001957531,1.387778780781e-17
27.990000,-0.172459610,0.007036631,0.019241545,-0.002764320,0.083641496,2.473692,1,Solve_Succeeded,0.069796945,-0.001913968,8.673617379884e-19
28.000000,-0.172258973,0.007008750,0.019940419,-0.002784483,0.083641496,2.473692,1,Solve_Succeeded,0.069796945,-0.001913968,8.673617379884e-19
28.010000,-0.172051352,0.006980601,0.020638853,-0.002810372,0.082963521,2.477040,1,Solve_Succeeded,0.069229783,-0.001870313,0.000000000000e+00
28.020000,-0.171836808,0.006952265,0.021332070,-0.002830116,0.082963521,2.477040,1,Solve_Succeeded,0.069229783,-0.001870313,0.000000000000e+00
28.030000,-0.171615337,0.006923663,0.022024841,-0.002855680,0.082274821,2.866998,1,Solve_Succeeded,0.068653680,-0.001826574,0.000000000000e+00
28.040000,-0.171387001,0.006894879,0.022712311,-0.002875003,0.082274821,2.866998,1,Solve_Succeeded,0.068653680,-0.001826574,0.000000000000e+00
28.050000,-0.171151795,0.006865832,0.023399328,-0.002900238,0.081575575,2.525022,1,Solve_Succeeded,0.068068784,-0.001782760,8.673617379884e-19
28.060000,-0.170909782,0.006836607,0.024080963,-0.002919140,0.081575575,2.525022,1,Solve_Succeeded,0.068068784,-0.001782760,8.673617379884e-19
28.070000,-0.170660959,0.006807123,0.024762139,-0.002944045,0.080865964,2.658480,1,Solve_Succeeded,0.067475248,-0.001738878,0.000000000000e+00
28.080000,-0.170405388,0.006777465,0.025437853,-0.002962524,0.080865964,2.658480,1,Solve_Succeeded,0.067475248,-0.001738878,0.000000000000e+00
28.090000,-0.170143065,0.006747551,0.026113101,-0.002987095,0.080146168,2.468764,1,Solve_Succeeded,0.066873221,-0.001694936,1.387778780781e-17
28.100000,-0.169874055,0.006717467,0.026782808,-0.003005150,0.080146168,2.468764,1,Solve_Succeeded,0.066873221,-0.001694936,1.387778780781e-17
28.110000,-0.169598354,0.006687131,0.027452043,-0.003029386,0.079416370,3.122544,1,Solve_Succeeded,0.066262857,-0.001650943,8.673617379884e-19
28.120000,-0.169316026,0.006656630,0.028115660,-0.003047017,0.079416370,3.122544,1,Solve_Succeeded,0.066262857,-0.001650943,8.673617379884e-19
28.130000,-0.169027068,0.006625878,0.028778798,-0.003070914,0.078676753,2.758560,1,Solve_Succeeded,0.065644307,-0.001606907,1.387778780781e-17
28.140000,-0.168731545,0.006594967,0.029436243,-0.003088120,0.078676753,2.758560,1,Solve_Succeeded,0.065644307,-0.001606907,1.387778780781e-17
28.150000,-0.168429454,0.006563808,0.030093203,-0.003111677,0.077927499,2.467408,1,Solve_Succeeded,0.065017726,-0.001562834,4.336808689942e-19
28.160000,-0.168120861,0.006532494,0.030744395,-0.003128458,0.077927499,2.467408,1,Solve_Succeeded,0.065017726,-0.001562834,4.336808689942e-19
28.170000,-0.167805762,0.006500936,0.031395095,-0.003151672,0.077168794,2.446920,1,Solve_Succeeded,0.064383266,-0.001518734,1.387778780781e-17
28.180000,-0.167484224,0.006469227,0.032039956,-0.003168026,0.077168794,2.446920,1,Solve_Succeeded,0.064383266,-0.001518734,1.387778780781e-17
28.190000,-0.167156244,0.006437278,0.032684319,-0.003190895,0.076400820,2.454347,1,Solve_Succeeded,0.063741083,-0.001474614,1.387778780781e-17
28.200000,-0.166821890,0.006405182,0.033322770,-0.003206823,0.076400820,2.454347,1,Solve_Succeeded,0.063741083,-0.001474614,1.387778780781e-17
28.210000,-0.166481157,0.006372848,0.033960717,-0.003229345,0.075623765,2.509428,1,Solve_Succeeded,0.063091330,-0.001430482,8.673617379884e-19
28.220000,-0.166134114,0.006340373,0.034592683,-0.003244846,0.075623765,2.509428,1,Solve_Succeeded,0.063091330,-0.001430482,8.673617379884e-19
28.230000,-0.165780759,0.006307663,0.035224139,-0.003267019,0.074837813,2.429540,1,Solve_Succeeded,0.062434164,-0.001386346,1.387778780781e-17
28.240000,-0.165421160,0.006274816,0.035849546,-0.003282092,0.074837813,2.429540,1,Solve_Succeeded,0.062434164,-0.001386346,1.387778780781e-17
28.250000,-0.165055313,0.006241738,0.036474436,-0.003303915,0.074043151,2.531669,1,Solve_Succeeded,0.061769739,-0.001342213,0.000000000000e+00
28.260000,-0.164683288,0.006208527,0.037093211,-0.003318560,0.074043151,2.531669,1,Solve_Succeeded,0.061769739,-0.001342213,0.000000000000e+00
28.270000,-0.164305083,0.006175089,0.037711463,-0.003340030,0.073239966,2.447545,1,Solve_Succeeded,0.061098212,-0.001298091,1.387778780781e-17
28.280000,-0.163920767,0.006141521,0.038323533,-0.003354247,0.073239966,2.447545,1,Solve_Succeeded,0.061098212,-0.001298091,1.387778780781e-17
28.290000,-0.163530337,0.006107730,0.038935076,-0.003375362,0.072428445,3.642253,1,Solve_Succeeded,0.060419740,-0.001253989,0.000000000000e+00
28.300000,-0.163133865,0.006073814,0.039540374,-0.003389151,0.072428445,3.642253,1,Solve_Succeeded,0.060419740,-0.001253989,0.000000000000e+00
28.310000,-0.162731347,0.006039679,0.040145138,-0.003409911,0.071608776,2.891994,1,Solve_Succeeded,0.059734478,-0.001209912,4.336808689942e-19
28.320000,-0.162322855,0.006005422,0.040743593,-0.003423272,0.071608776,2.891994,1,Solve_Succeeded,0.059734478,-0.001209912,4.336808689942e-19
28.330000,-0.161908385,0.005970949,0.041341510,-0.003443673,0.070781147,2.810791,1,Solve_Succeeded,0.059042585,-0.001165870,0.000000000000e+00
28.340000,-0.161488010,0.005936361,0.041933058,-0.003456606,0.070781147,2.810791,1,Solve_Succeeded,0.059042585,-0.001165870,0.000000000000e+00
28.350000,-0.161061727,0.005901559,0.042524062,-0.003476648,0.069945746,2.480113,1,Solve_Succeeded,0.058344218,-0.001121869,0.000000000000e+00
28.360000,-0.160629609,0.005866645,0.043108636,-0.003489153,0.069945746,2.480113,1,Solve_Succeeded,0.058344218,-0.001121869,0.000000000000e+00
28.370000,-0.160191651,0.005831522,0.043692662,-0.003508834,0.069102762,2.598606,1,Solve_Succeeded,0.057639533,-0.001077917,1.387778780781e-17
28.380000,-0.159747930,0.005796292,0.044270199,-0.003520911,0.069102762,2.598606,1,Solve_Succeeded,0.057639533,-0.001077917,1.387778780781e-17
28.390000,-0.159298440,0.005760855,0.044847183,-0.003540230,0.068252384,2.534941,1,Solve_Succeeded,0.056928690,-0.001034021,0.000000000000e+00
28.400000,-0.158843257,0.005725316,0.045417623,-0.003551880,0.068252384,2.534941,1,Solve_Succeeded,0.056928690,-0.001034021,0.000000000000e+00
28.410000,-0.158382377,0.005689574,0.045987504,-0.003570835,0.067394801,2.530714,1,Solve_Succeeded,0.056211846,-0.000990189,4.336808689942e-19
28.420000,-0.157915875,0.005653734,0.046550785,-0.003582058,0.067394801,2.530714,1,Solve_Succeeded,0.056211846,-0.000990189,4.336808689942e-19
28.430000,-0.157443747,0.005617694,0.047113502,-0.003600647,0.066530203,2.714585,1,Solve_Succeeded,0.055489160,-0.000946428,0.000000000000e+00
28.440000,-0.156966070,0.005581561,0.047669565,-0.003611443,0.066530203,2.714585,1,Solve_Succeeded,0.055489160,-0.000946428,0.000000000000e+00
28.450000,-0.156482839,0.005545232,0.048225061,-0.003629667,0.065658779,2.896518,1,Solve_Succeeded,0.054760790,-0.000902745,0.000000000000e+00
28.460000,-0.155994132,0.005508813,0.048773850,-0.003640037,0.065658779,2.896518,1,Solve_Succeeded,0.054760790,-0.000902745,0.000000000000e+00
28.470000,-0.155499944,0.005472203,0.049322066,-0.003657893,0.064780720,2.745535,1,Solve_Succeeded,0.054026894,-0.000859148,0.000000000000e+00
28.480000,-0.155000353,0.005435507,0.049863525,-0.003667837,0.064780720,2.745535,1,Solve_Succeeded,0.054026894,-0.000859148,0.000000000000e+00
28.490000,-0.154495354,0.005398623,0.050404408,-0.003685325,0.063896214,2.444549,1,Solve_Succeeded,0.053287630,-0.000815643,0.000000000000e+00
28.500000,-0.153985027,0.005361658,0.050938483,-0.003694844,0.063896214,2.444549,1,Solve_Succeeded,0.053287630,-0.000815643,0.000000000000e+00
28.510000,-0.153469366,0.005324508,0.051471977,-0.003711962,0.063005453,2.497248,1,Solve_Succeeded,0.052543159,-0.000772238,0.000000000000e+00
28.520000,-0.152948450,0.005287281,0.051998616,-0.003721057,0.063005453,2.497248,1,Solve_Succeeded,0.052543159,-0.000772238,0.000000000000e+00
28.530000,-0.152422275,0.005249874,0.052524669,-0.003737805,0.062108625,2.411155,1,Solve_Succeeded,0.051793638,-0.000728939,0.000000000000e+00
28.540000,-0.151890921,0.005212394,0.053043822,-0.003746476,0.062108625,2.411155,1,Solve_Succeeded,0.051793638,-0.000728939,0.000000000000e+00
28.550000,-0.151354382,0.005174736,0.053562384,-0.003762853,0.061205921,2.448622,1,Solve_Succeeded,0.051039225,-0.000685754,6.938893903907e-18
28.560000,-0.150812739,0.005137011,0.054074000,-0.003771101,0.061205921,2.448622,1,Solve_Succeeded,0.051039225,-0.000685754,6.938893903907e-18
28.570000,-0.150265987,0.005099111,0.054585023,-0.003787106,0.060297531,2.516075,1,Solve_Succeeded,0.050280080,-0.000642690,6.938893903907e-18
28.580000,-0.149714207,0.005061148,0.055089055,-0.003794932,0.060297531,2.516075,1,Solve_Succeeded,0.050280080,-0.000642690,6.938893903907e-18
28.590000,-0.149157394,0.005023015,0.055592490,-0.003810564,0.059383645,2.449217,1,Solve_Succeeded,0.049516362,-0.000599752,6.938893903907e-18
28.600000,-0.148595629,0.004984822,0.056088893,-0.003817969,0.059383645,2.449217,1,Solve_Succeeded,0.049516362,-0.000599752,6.938893903907e-18
28.610000,-0.148028907,0.004946463,0.056584695,-0.003833228,0.058464452,2.420346,1,Solve_Succeeded,0.048748228,-0.000556949,1.387778780781e-17
28.620000,-0.147457310,0.004908049,0.057073423,-0.003840213,0.058464452,2.420346,1,Solve_Succeeded,0.048748228,-0.000556949,1.387778780781e-17
28.630000,-0.146880833,0.004869471,0.057561547,-0.003855098,0.057540143,2.852994,1,Solve_Succeeded,0.047975837,-0.000514287,6.938893903907e-18
28.640000,-0.146299559,0.004830843,0.058042559,-0.003861665,0.057540143,2.852994,1,Solve_Succeeded,0.047975837,-0.000514287,6.938893903907e-18
28.650000,-0.145713482,0.004792056,0.058522962,-0.003876174,0.056610909,2.808480,1,Solve_Succeeded,0.047199350,-0.000471778,1.387778780781e-17
28.660000,-0.145122684,0.004753222,0.058996215,-0.003882323,0.056610909,2.808480,1,Solve_Succeeded,0.047199350,-0.000471778,1.387778780781e-17
28.670000,-0.144527162,0.004714232,0.059468856,-0.003896454,0.055677029,2.474950,1,Solve_Succeeded,0.046419010,-0.000429642,6.938893903907e-18
28.680000,-0.143926994,0.004675194,0.059934538,-0.003902752,0.055677029,2.474950,1,Solve_Succeeded,0.046419010,-0.000429642,6.938893903907e-18
28.690000,-0.143322178,0.004635997,0.060399608,-0.003917084,0.054713212,3.188247,1,Solve_Succeeded,0.045610738,-0.000327827,6.938893903907e-18
28.700000,-0.142712798,0.004596764,0.060857223,-0.003922396,0.054713212,3.188247,1,Solve_Succeeded,0.045610738,-0.000327827,6.938893903907e-18
28.710000,-0.142098850,0.004557384,0.061314160,-0.003935622,0.053772005,2.559323,1,Solve_Succeeded,0.044824525,-0.000290359,0.000000000000e+00
28.720000,-0.141480396,0.004517919,0.061765673,-0.003944946,0.053772005,2.559323,1,Solve_Succeeded,0.044824525,-0.000290359,0.000000000000e+00
28.730000,-0.140857433,0.004478260,0.062216694,-0.003962705,0.052619565,2.452007,1,Solve_Succeeded,0.043837887,0.000235085,6.938893903907e-18
28.740000,-0.140230067,0.004438576,0.062658646,-0.003967525,0.052619565,2.452007,1,Solve_Succeeded,0.043837887,0.000235085,6.938893903907e-18
28.750000,-0.139598293,0.004398760,0.063099576,-0.003979512,0.051658091,2.812415,1,Solve_Succeeded,0.043033617,0.000295914,0.000000000000e+00
28.760000,-0.138962166,0.004358848,0.063535775,-0.003989436,0.051658091,2.812415,1,Solve_Succeeded,0.043033617,0.000295914,0.000000000000e+00
28.770000,-0.138321682,0.004318737,0.063971486,-0.004007911,0.050418629,3.351968,1,Solve_Succeeded,0.041965372,0.001003118,6.938893903907e-18
28.780000,-0.137676957,0.004278615,0.064397323,-0.004011550,0.050418629,3.351968,1,Solve_Succeeded,0.041965372,0.001003118,6.938893903907e-18
28.790000,-0.137027989,0.004238377,0.064821921,-0.004021922,0.049456769,2.564870,1,Solve_Succeeded,0.041161937,0.001040813,6.938893903907e-18
28.800000,-0.136374865,0.004198147,0.065238802,-0.004022876,0.049456769,2.564870,1,Solve_Succeeded,0.041161937,0.001040813,6.938893903907e-18
28.810000,-0.135717583,0.004157817,0.065654788,-0.004031449,0.048576455,2.608199,1,Solve_Succeeded,0.040436434,0.000878983,0.000000000000e+00
28.820000,-0.135056223,0.004117491,0.066063787,-0.004032453,0.048576455,2.608199,1,Solve_Succeeded,0.040436434,0.000878983,0.000000000000e+00
28.830000,-0.134390783,0.004077061,0.066472021,-0.004041423,0.047674280,2.773879,1,Solve_Succeeded,0.039690388,0.000763642,4.336808689942e-19
28.840000,-0.133720964,0.004035686,0.066905406,-0.004123096,0.047674280,2.773879,1,Solve_Succeeded,0.039690388,0.000763642,4.336808689942e-19
28.850000,-0.133046775,0.003993284,0.067341894,-0.004222623,0.042955871,2.564634,1,Solve_Succeeded,0.035314647,0.009638402,4.336808689942e-19
28.860000,-0.132368386,0.003950177,0.067764355,-0.004297467,0.042955871,2.564634,1,Solve_Succeeded,0.035314647,0.009638402,4.336808689942e-19
28.870000,-0.131685810,0.003906294,0.068183554,-0.004374696,0.038575996,2.756638,1,Solve_Succeeded,0.031265762,0.017618225,0.000000000000e+00
28.880000,-0.130998968,0.003861324,0.068609143,-0.004478593,0.038575996,2.756638,1,Solve_Succeeded,0.031265762,0.017618225,0.000000000000e+00
28.890000,-0.130307881,0.003815215,0.069033798,-0.004591133,0.032511276,2.722095,1,Solve_Succeeded,0.025618245,0.029489996,0.000000000000e+00
28.900000,-0.129613148,0.003769347,0.069407375,-0.004587378,0.032511276,2.722095,1,Solve_Succeeded,0.025618245,0.029489996,0.000000000000e+00
28.910000,-0.128914790,0.003723664,0.069771472,-0.004571178,0.031325615,2.740528,1,Solve_Succeeded,0.024617362,0.029746623,0.000000000000e+00
28.920000,-0.128212943,0.003678388,0.070122760,-0.004534191,0.031325615,2.740528,1,Solve_Succeeded,0.024617362,0.029746623,0.000000000000e+00
28.930000,-0.127507626,0.003633458,0.070470366,-0.004499116,0.031330551,2.644538,1,Solve_Succeeded,0.024748318,0.027209749,0.000000000000e+00
28.940000,-0.126798859,0.003588816,0.070815729,-0.004469460,0.031330551,2.644538,1,Solve_Succeeded,0.024748318,0.027209749,0.000000000000e+00
28.950000,-0.126086009,0.003542768,0.071214644,-0.004584473,0.028008624,3.935638,1,Solve_Succeeded,0.021712018,0.032570318,3.469446951954e-18
28.960000,-0.125365852,0.003487155,0.071895515,-0.005414768,0.028008624,3.935638,1,Solve_Succeeded,0.021712018,0.032570318,3.469446951954e-18
28.970000,-0.124638464,0.003422027,0.072612328,-0.006348153,-0.012792944,3.765044,1,Solve_Succeeded,-0.016971395,0.126213045,1.734723475977e-18
28.980000,-0.123905105,0.003350372,0.073227331,-0.007042849,-0.012792944,3.765044,1,Solve_Succeeded,-0.016971395,0.126213045,1.734723475977e-18
28.990000,-0.123165876,0.003272267,0.073818540,-0.007695389,-0.047370051,3.451740,1,Solve_Succeeded,-0.049687095,0.204242340,0.000000000000e+00
29.000000,-0.122420693,0.003187309,0.074413359,-0.008375764,-0.047370051,3.451740,1,Solve_Succeeded,-0.049687095,0.204242340,0.000000000000e+00
29.010000,-0.121669686,0.003095615,0.074997623,-0.009050332,-0.084397803,3.841799,1,Solve_Succeeded,-0.084698741,0.287346397,0.000000000000e+00
29.020000,-0.120912156,0.002995218,0.075639657,-0.009891290,-0.084397803,3.841799,1,Solve_Succeeded,-0.084698741,0.287346397,0.000000000000e+00
29.030000,-0.120148270,0.002886284,0.076276306,-0.010743081,-0.131252480,3.597610,1,Solve_Succeeded,-0.129022142,0.392903467,1.517883041480e-18
29.040000,-0.119382652,0.002780097,0.076518967,-0.010637366,-0.131252480,3.597610,1,Solve_Succeeded,-0.129022142,0.392903467,1.517883041480e-18
29.050000,-0.118615466,0.002676805,0.076688654,-0.010375427,-0.135280645,2.662852,1,Solve_Succeeded,-0.132564708,0.396618456,1.517883041480e-18
29.060000,-0.117842012,0.002564420,0.077246866,-0.011109031,-0.135280645,2.662852,1,Solve_Succeeded,-0.132564708,0.396618456,1.517883041480e-18
29.070000,-0.117062493,0.002443172,0.077846112,-0.011972422,-0.182334521,3.337553,1,Solve_Succeeded,-0.177043800,0.501969171,2.775557561563e-17
29.080000,-0.116281592,0.002324456,0.078053530,-0.011886722,-0.182334521,3.337553,1,Solve_Succeeded,-0.177043800,0.501969171,2.775557561563e-17
29.090000,-0.115499509,0.002208482,0.078185132,-0.011640761,-0.189400641,2.842273,1,Solve_Succeeded,-0.183443917,0.512202550,8.673617379884e-19
29.100000,-0.114717115,0.002097145,0.078231218,-0.011209762,-0.189400641,2.842273,1,Solve_Succeeded,-0.183443917,0.512202550,8.673617379884e-19
29.110000,-0.113934610,0.001990668,0.078247615,-0.010732074,-0.183139629,2.482848,1,Solve_Succeeded,-0.177177164,0.491217328,5.551115123126e-17
29.120000,-0.113151594,0.001887792,0.078293463,-0.010354215,-0.183139629,2.482848,1,Solve_Succeeded,-0.177177164,0.491217328,5.551115123126e-17
29.130000,-0.112368265,0.001788757,0.078327053,-0.009971116,-0.178723271,2.658663,1,Solve_Succeeded,-0.172689198,0.475063703,1.084202172486e-18
29.140000,-0.111556661,0.001623506,0.080735326,-0.015542027,-0.178723271,2.658663,1,Solve_Succeeded,-0.172689198,0.475063703,1.084202172486e-18
29.150000,-0.110717168,0.001392583,0.083467246,-0.021959792,-0.456207458,4.024505,1,Solve_Succeeded,-0.436363384,1.123811799,5.551115123126e-17
29.160000,-0.109866925,0.001138224,0.084790758,-0.024914421,-0.456207458,4.024505,1,Solve_Succeeded,-0.436363384,1.123811799,5.551115123126e-17
29.170000,-0.109006376,0.000860919,0.085865250,-0.027308104,-0.606885442,4.169605,1,Solve_Succeeded,-0.579099396,1.467231736,2.168404344971e-18
29.180000,-0.108138077,0.000566369,0.086685208,-0.029132960,-0.606885442,4.169605,1,Solve_Succeeded,-0.579099396,1.467231736,2.168404344971e-18
29.190000,-0.107262542,0.000255137,0.087423231,-0.030824641,-0.725875762,3.139847,1,Solve_Succeeded,-0.691557740,1.733225733,6.559423143537e-18
29.200000,-0.106391616,-0.000043962,0.087142200,-0.030047152,-0.725875762,3.139847,1,Solve_Succeeded,-0.691557740,1.733225733,6.559423143537e-18
29.210000,-0.105525808,-0.000330389,0.086665046,-0.028853371,-0.729185414,2.979192,1,Solve_Succeeded,-0.693889782,1.724705231,1.680513367353e-18
29.220000,-0.104646247,-0.000651965,0.087762458,-0.031661930,-0.729185414,2.979192,1,Solve_Succeeded,-0.693889782,1.724705231,1.680513367353e-18
29.230000,-0.103753547,-0.001007949,0.089043877,-0.035007943,-0.909773754,2.870043,1,Solve_Succeeded,-0.864903006,2.135164073,5.095750210682e-18
29.240000,-0.102865519,-0.001354737,0.088838945,-0.034728198,-0.909773754,2.870043,1,Solve_Succeeded,-0.864903006,2.135164073,5.095750210682e-18
29.250000,-0.101956233,-0.001757924,0.090615140,-0.039480142,-1.061742789,4.001211,1,Solve_Succeeded,-1.008562543,2.475538791,2.602085213965e-18
29.260000,-0.101040914,-0.002180486,0.091394356,-0.041839777,-1.061742789,4.001211,1,Solve_Succeeded,-1.008562543,2.475538791,2.602085213965e-18
29.270000,-0.100120315,-0.002621576,0.091960069,-0.043768628,-1.219815885,2.920393,1,Solve_Succeeded,-1.157875123,2.827242395,7.806255641896e-18
29.280000,-0.099174478,-0.003132107,0.094190133,-0.049960410,-1.219815885,2.920393,1,Solve_Succeeded,-1.157875123,2.827242395,7.806255641896e-18
29.290000,-0.098204344,-0.003710988,0.096589913,-0.056698917,-1.577269538,2.634726,1,Solve_Succeeded,-1.496727029,3.646728123,2.341876692569e-17
29.300000,-0.097244902,-0.004272265,0.096041069,-0.056213409,-1.577269538,2.634726,1,Solve_Succeeded,-1.496727029,3.646728123,2.341876692569e-17
29.310000,-0.096251935,-0.004927717,0.098808359,-0.064145418,-1.831758982,3.537256,1,Solve_Succeeded,-1.737353971,4.217793989,2.220446049250e-16
29.320000,-0.095250851,-0.005615517,0.099913445,-0.068084794,-1.831758982,3.537256,1,Solve_Succeeded,-1.737353971,4.217793989,2.220446049250e-16
29.330000,-0.094242822,-0.006334415,0.100669466,-0.071319072,-2.097171822,2.960142,1,Solve_Succeeded,-1.988114592,4.809492397,6.071532165919e-18
29.340000,-0.093200864,-0.007153549,0.103666809,-0.080324270,-2.097171822,2.960142,1,Solve_Succeeded,-1.988114592,4.809492397,6.071532165919e-18
29.350000,-0.092126423,-0.008071327,0.106877512,-0.090059725,-2.631991669,2.694890,1,Solve_Succeeded,-2.494945354,6.032510291,0.000000000000e+00
29.360000,-0.091019899,-0.009088990,0.110086200,-0.100010384,-2.631991669,2.694890,1,Solve_Succeeded,-2.494945354,6.032510291,0.000000000000e+00
29.370000,-0.089883030,-0.010204695,0.113146745,-0.109836431,-3.222601200,3.997537,1,Solve_Succeeded,-3.054337085,7.376982690,8.881784197001e-16
29.380000,-0.088730004,-0.011385746,0.114979268,-0.116864789,-3.222601200,3.997537,1,Solve_Succeeded,-3.054337085,7.376982690,8.881784197001e-16
29.390000,-0.087562797,-0.012630099,0.116459463,-0.123299745,-3.707426789,2.639768,1,Solve_Succeeded,-3.512578086,8.461598101,1.040834085586e-17
29.400000,-0.086429561,-0.013820574,0.113794000,-0.119685357,-3.707426789,2.639768,1,Solve_Succeeded,-3.512578086,8.461598101,1.040834085586e-17
29.410000,-0.085332214,-0.014955289,0.110343549,-0.114403566,-3.719550983,3.934540,1,Solve_Succeeded,-3.520837701,8.424984045,8.881784197001e-16
29.420000,-0.084222807,-0.016156744,0.110851158,-0.119284217,-3.719550983,3.934540,1,Solve_Succeeded,-3.520837701,8.424984045,8.881784197001e-16
29.430000,-0.083103411,-0.017422721,0.111776370,-0.125500708,-4.161609190,3.941565,1,Solve_Succeeded,-3.938273336,9.406466786,6.938893903907e-18
29.440000,-0.081992790,-0.018709469,0.111169232,-0.128198617,-4.161609190,3.941565,1,Solve_Succeeded,-3.938273336,9.406466786,6.938893903907e-18
29.450000,-0.080893091,-0.020014778,0.110149768,-0.130181053,-4.482014197,3.790372,1,Solve_Succeeded,-4.239679121,10.095028553,1.040834085586e-17
29.460000,-0.079836934,-0.021260407,0.106295784,-0.125405698,-4.482014197,3.790372,1,Solve_Succeeded,-4.239679121,10.095028553,1.040834085586e-17
29.470000,-0.078826339,-0.022444366,0.101844999,-0.119447335,-4.469331172,3.722402,1,Solve_Succeeded,-4.224142107,9.996186755,1.908195823574e-17
29.480000,-0.077832134,-0.023642377,0.099784192,-0.119748036,-4.469331172,3.722402,1,Solve_Succeeded,-4.224142107,9.996186755,1.908195823574e-17
29.490000,-0.076856308,-0.024852417,0.097912793,-0.120815588,-4.708665073,3.228865,1,Solve_Succeeded,-4.448590401,10.496935585,8.673617379884e-18
29.500000,-0.075910080,-0.026049445,0.095116293,-0.119869761,-4.708665073,3.228865,1,Solve_Succeeded,-4.448590401,10.496935585,8.673617379884e-18
29.510000,-0.074995365,-0.027231614,0.092018193,-0.118464777,-4.869738197,2.655375,1,Solve_Succeeded,-4.598550160,10.812326549,5.204170427930e-17
29.520000,-0.074129342,-0.028358941,0.087414760,-0.113592534,-4.869738197,2.655375,1,Solve_Succeeded,-4.598550160,10.812326549,5.204170427930e-17
29.530000,-0.073313744,-0.029429857,0.082438022,-0.108066764,-4.849584853,2.541283,1,Solve_Succeeded,-4.576206592,10.702008242,8.881784197001e-16
29.540000,-0.072534637,-0.030481771,0.078589810,-0.105622677,-4.849584853,2.541283,1,Solve_Succeeded,-4.576206592,10.702008242,8.881784197001e-16
29.550000,-0.071793604,-0.031513312,0.074776269,-0.103524355,-4.943440075,2.456061,1,Solve_Succeeded,-4.662572229,10.865833915,3.469446951954e-17
29.560000,-0.071101078,-0.032500968,0.070081120,-0.099479479,-4.943440075,2.456061,1,Solve_Succeeded,-4.662572229,10.865833915,3.469446951954e-17
29.570000,-0.070458451,-0.033443689,0.065135459,-0.095053183,-4.944099614,3.055646,1,Solve_Succeeded,-4.660419061,10.812465090,8.881784197001e-16
29.580000,-0.069853257,-0.034374896,0.061211826,-0.093410545,-4.944099614,3.055646,1,Solve_Succeeded,-4.660419061,10.812465090,8.881784197001e-16
29.590000,-0.069286725,-0.035293805,0.057336958,-0.092118887,-5.054932749,3.626653,1,Solve_Succeeded,-4.763271376,11.023113695,7.632783294298e-17
29.600000,-0.068770550,-0.036173488,0.052475428,-0.088590833,-5.054932749,3.626653,1,Solve_Succeeded,-4.763271376,11.023113695,7.632783294298e-17
29.610000,-0.068212550,-0.037246128,0.055301337,-0.104463025,-5.494362599,3.595000,1,Solve_Succeeded,-5.178812004,12.011454357,3.469446951954e-18
29.620000,-0.067623488,-0.038487508,0.058365472,-0.121186805,-5.494362599,3.595000,1,Solve_Succeeded,-5.178812004,12.011454357,3.469446951954e-18
29.630000,-0.067004756,-0.039897194,0.061347083,-0.138001277,-6.436066059,3.789140,1,Solve_Succeeded,-6.071497327,14.172697716,1.006139616067e-16
29.640000,-0.066430832,-0.041292794,0.057985565,-0.139326202,-6.436066059,3.789140,1,Solve_Succeeded,-6.071497327,14.172697716,1.006139616067e-16
29.650000,-0.065903069,-0.042674348,0.053557667,-0.138331016,-6.697904529,4.007133,1,Solve_Succeeded,-6.316695119,14.714740353,1.776356839400e-15
29.660000,-0.065430724,-0.044022149,0.048183024,-0.135312783,-6.697904529,4.007133,1,Solve_Succeeded,-6.316695119,14.714740353,1.776356839400e-15
29.670000,-0.065014901,-0.045336747,0.042572388,-0.132037734,-6.814071209,2.644288,1,Solve_Succeeded,-6.423356848,14.913817801,2.081668171172e-17
29.680000,-0.064667613,-0.046591402,0.035905319,-0.126451322,-6.814071209,2.644288,1,Solve_Succeeded,-6.423356848,14.913817801,2.081668171172e-17
29.690000,-0.064389633,-0.047787264,0.029014094,-0.120616018,-6.807478772,2.597449,1,Solve_Succeeded,-6.413453278,14.827317846,8.881784197001e-16
29.700000,-0.064159216,-0.048981509,0.023937608,-0.119603152,-6.807478772,2.597449,1,Solve_Succeeded,-6.413453278,14.827317846,8.881784197001e-16
29.710000,-0.063976838,-0.050175877,0.019092739,-0.119461751,-7.011890188,3.176314,1,Solve_Succeeded,-6.604491614,15.243464634,8.881784197001e-16
29.720000,-0.063862301,-0.051323916,0.012599576,-0.115502640,-7.011890188,3.176314,1,Solve_Succeeded,-6.604491614,15.243464634,8.881784197001e-16
29.730000,-0.063815763,-0.052428048,0.005845679,-0.111176557,-7.057964431,2.881587,1,Solve_Succeeded,-6.644992093,15.287459130,8.881784197001e-16
29.740000,-0.063841584,-0.053480108,-0.001317979,-0.106101585,-7.057964431,2.881587,1,Solve_Succeeded,-6.644992093,15.287459130,8.881784197001e-16
29.750000,-0.063939545,-0.054483228,-0.008524408,-0.101180457,-7.053621482,2.542343,1,Solve_Succeeded,-6.637786473,15.217394177,8.881784197001e-16
29.760000,-0.064108819,-0.055441936,-0.015666887,-0.096667273,-7.053621482,2.542343,1,Solve_Succeeded,-6.637786473,15.217394177,8.881784197001e-16
29.770000,-0.064348796,-0.056360102,-0.022748130,-0.092544182,-7.064436751,2.997325,1,Solve_Succeeded,-6.645269954,15.188420446,5.551115123126e-17
29.780000,-0.064659708,-0.057239408,-0.029839703,-0.088622626,-7.064436751,2.997325,1,Solve_Succeeded,-6.645269954,15.188420446,5.551115123126e-17
29.790000,-0.065040560,-0.058084490,-0.036848379,-0.085125376,-7.089535608,2.779921,1,Solve_Succeeded,-6.666571614,15.197714683,8.881784197001e-16
29.800000,-0.065492556,-0.058894424,-0.043946900,-0.081613220,-7.089535608,2.779921,1,Solve_Succeeded,-6.666571614,15.197714683,8.881784197001e-16
29.810000,-0.066014314,-0.059674644,-0.050941450,-0.078560659,-7.122801972,2.722112,1,Solve_Succeeded,-6.695843039,15.230236376,4.857225732735e-17
29.820000,-0.066607424,-0.060423101,-0.058055602,-0.075402924,-7.122801972,2.722112,1,Solve_Succeeded,-6.695843039,15.230236376,4.857225732735e-17
29.830000,-0.067270112,-0.061146056,-0.065036838,-0.072761654,-7.163638062,2.618168,1,Solve_Succeeded,-6.732492443,15.284121174,2.081668171172e-17
29.840000,-0.068004294,-0.061840512,-0.072160963,-0.069942958,-7.163638062,2.618168,1,Solve_Succeeded,-6.732492443,15.284121174,2.081668171172e-17
29.850000,-0.068807795,-0.062513589,-0.079121778,-0.067703042,-7.212718197,2.500924,1,Solve_Succeeded,-6.777139554,15.360539113,8.881784197001e-16
29.860000,-0.069682916,-0.063161213,-0.086253494,-0.065203500,-7.212718197,2.500924,1,Solve_Succeeded,-6.777139554,15.360539113,8.881784197001e-16
29.870000,-0.070627076,-0.063791400,-0.093191661,-0.063346421,-7.270391822,3.112220,1,Solve_Succeeded,-6.830095774,15.459907803,8.881784197001e-16
29.880000,-0.071642985,-0.064398949,-0.100330995,-0.061143632,-7.270391822,3.112220,1,Solve_Succeeded,-6.830095774,15.459907803,8.881784197001e-16
29.890000,-0.072727651,-0.064992806,-0.107246237,-0.059649404,-7.336861803,3.301497,1,Solve_Succeeded,-6.891534111,15.582319879,1.387778780781e-17
29.900000,-0.073884202,-0.065566634,-0.114393818,-0.057722755,-7.336861803,3.301497,1,Solve_Succeeded,-6.891534111,15.582319879,1.387778780781e-17
29.910000,-0.075109227,-0.066130345,-0.121286163,-0.056573823,-7.412360476,3.107854,1,Solve_Succeeded,-6.961656673,15.727959101,8.881784197001e-16
29.920000,-0.076406287,-0.066676447,-0.128443021,-0.054904798,-7.412360476,3.107854,1,Solve_Succeeded,-6.961656673,15.727959101,8.881784197001e-16
29.930000,-0.077771538,-0.067215860,-0.135312812,-0.054085826,-7.497158849,2.932863,1,Solve_Succeeded,-7.040703287,15.897119628,4.163336342344e-17
29.940000,-0.079208992,-0.067739915,-0.142480491,-0.052657550,-7.497158849,2.932863,1,Solve_Succeeded,-7.040703287,15.897119628,4.163336342344e-17
29.950000,-0.080714362,-0.068260578,-0.149328513,-0.052154947,-7.591552874,2.967816,1,Solve_Succeeded,-7.128938330,16.090171406,8.881784197001e-16
29.960000,-0.082292124,-0.068767975,-0.156509084,-0.050952003,-7.591552874,2.967816,1,Solve_Succeeded,-7.128938330,16.090171406,8.881784197001e-16
29.970000,-0.083937538,-0.069275163,-0.163336553,-0.050753804,-7.695862243,2.912792,1,Solve_Succeeded,-7.226649487,16.307555447,4.857225732735e-17
29.980000,-0.085655563,-0.069771035,-0.170532585,-0.049762168,-7.695862243,2.912792,1,Solve_Succeeded,-7.226649487,16.307555447,4.857225732735e-17
29.990000,-0.087440989,-0.070269784,-0.177341109,-0.049857996,-7.810433121,3.134568,1,Solve_Succeeded,-7.334150253,16.549788482,8.881784197001e-16
30.000000,-0.089299277,-0.070759034,-0.184555648,-0.049064968,-7.810433121,3.134568,1,Solve_Succeeded,-7.334150253,16.549788482,8.881784197001e-16
30.010000,-0.091224734,-0.071254167,-0.191347205,-0.049445976,-7.935640333,3.092922,1,Solve_Succeeded,-7.451781909,16.817466298,8.881784197001e-16
30.020000,-0.093223342,-0.071741498,-0.198583755,-0.048840104,-7.935640333,3.092922,1,Solve_Succeeded,-7.451781909,16.817466298,8.881784197001e-16
30.030000,-0.095967057,-0.070548634,-0.263003360,0.094067487,-4.925995248,2.687802,1,Solve_Succeeded,-4.589046443,9.704524547,8.881784197001e-16
30.040000,-0.099169679,-0.068385253,-0.311673308,0.197997446,-4.925995248,2.687802,1,Solve_Succeeded,-4.589046443,9.704524547,8.881784197001e-16
30.050000,-0.102831540,-0.065245118,-0.358009205,0.296611149,-0.297704752,2.602797,1,Solve_Succeeded,-0.192632812,-1.117202775,6.938893903907e-18
30.060000,-0.106512670,-0.062216633,-0.366597476,0.301912889,-0.297704752,2.602797,1,Solve_Succeeded,-0.192632812,-1.117202775,6.938893903907e-18
30.070000,-0.110213488,-0.059291412,-0.369559096,0.293930691,0.093648310,2.657386,1,Solve_Succeeded,0.171589210,-1.879401046,6.938893903907e-18
30.080000,-0.113897147,-0.056554134,-0.368544941,0.276758270,0.093648310,2.657386,1,Solve_Succeeded,0.171589210,-1.879401046,6.938893903907e-18
30.090000,-0.117564024,-0.053997179,-0.366966228,0.258854854,-0.244470492,2.807893,1,Solve_Succeeded,-0.157502891,-0.929421365,6.938893903907e-18
30.100000,-0.121246650,-0.051533177,-0.368068197,0.248268467,-0.244470492,2.807893,1,Solve_Succeeded,-0.157502891,-0.929421365,6.938893903907e-18
30.110000,-0.124945368,-0.049155236,-0.369601234,0.239365240,-0.292325524,2.607252,1,Solve_Succeeded,-0.209760302,-0.680523259,3.469446951954e-18
30.120000,-0.128665062,-0.046845350,-0.371614137,0.232245087,-0.292325524,2.607252,1,Solve_Succeeded,-0.209760302,-0.680523259,3.469446951954e-18
30.130000,-0.132406052,-0.044597059,-0.373726277,0.225941450,-0.235110987,2.483068,1,Solve_Succeeded,-0.161626329,-0.688950795,2.775557561563e-17
30.140000,-0.136163204,-0.042417664,-0.375416898,0.219139827,-0.235110987,2.483068,1,Solve_Succeeded,-0.161626329,-0.688950795,2.775557561563e-17
30.150000,-0.139936822,-0.040301071,-0.377070034,0.212781419,-0.192308371,2.753069,1,Solve_Succeeded,-0.126850251,-0.670503093,0.000000000000e+00
30.160000,-0.143723124,-0.038251527,-0.378396205,0.206128431,-0.192308371,2.753069,1,Solve_Succeeded,-0.126850251,-0.670503093,0.000000000000e+00
30.170000,-0.147522396,-0.036263302,-0.379697562,0.199918364,-0.162977539,3.671099,1,Solve_Succeeded,-0.104543790,-0.627277955,2.775557561563e-17
30.180000,-0.151332122,-0.034337804,-0.380781361,0.193655068,-0.162977539,3.671099,1,Solve_Succeeded,-0.104543790,-0.627277955,2.775557561563e-17
30.190000,-0.155152571,-0.032469649,-0.381855313,0.187841488,-0.135825459,2.881266,1,Solve_Succeeded,-0.083975642,-0.585698994,3.469446951954e-18
30.200000,-0.158981416,-0.030660062,-0.382730175,0.181991112,-0.135825459,2.881266,1,Solve_Succeeded,-0.083975642,-0.585698994,3.469446951954e-18
30.210000,-0.162818911,-0.028903982,-0.383596607,0.176565415,-0.109292861,2.490462,1,Solve_Succeeded,-0.063682859,-0.549020799,0.000000000000e+00
30.220000,-0.166662775,-0.027202804,-0.384267855,0.171085000,-0.109292861,2.490462,1,Solve_Succeeded,-0.063682859,-0.549020799,0.000000000000e+00
30.230000,-0.170513243,-0.025551767,-0.384929990,0.166000844,-0.084114774,2.430857,1,Solve_Succeeded,-0.044384701,-0.515091050,1.387778780781e-17
30.240000,-0.174368150,-0.023952239,-0.385406563,0.160860067,-0.084114774,2.430857,1,Solve_Succeeded,-0.044384701,-0.515091050,1.387778780781e-17
30.250000,-0.178227718,-0.022399743,-0.385874272,0.156091129,-0.060445508,2.643464,1,Solve_Succeeded,-0.026245982,-0.483172406,6.938893903907e-18
30.260000,-0.182089910,-0.020895563,-0.386167506,0.151268942,-0.060445508,2.643464,1,Solve_Succeeded,-0.026245982,-0.483172406,6.938893903907e-18
30.270000,-0.185954937,-0.019435491,-0.386452417,0.146796458,-0.038153548,2.456688,1,Solve_Succeeded,-0.009158326,-0.453230340,1.734723475977e-18
30.280000,-0.189820880,-0.018020741,-0.386572989,0.142273241,-0.038153548,2.456688,1,Solve_Succeeded,-0.009158326,-0.453230340,1.734723475977e-18
30.290000,-0.193687936,-0.016647354,-0.386685705,0.138078864,-0.017127466,2.441861,1,Solve_Succeeded,0.006968491,-0.425203873,3.469446951954e-18
30.300000,-0.197554295,-0.015316487,-0.386643372,0.133835582,-0.017127466,2.441861,1,Solve_Succeeded,0.006968491,-0.425203873,3.469446951954e-18
30.310000,-0.201420143,-0.014024414,-0.386593587,0.129901486,0.002709872,2.516511,1,Solve_Succeeded,0.022192993,-0.398971213,1.734723475977e-18
30.320000,-0.205283771,-0.012772238,-0.386397473,0.125920217,0.002709872,2.516511,1,Solve_Succeeded,0.022192993,-0.398971213,1.734723475977e-18
30.330000,-0.209145356,-0.011556454,-0.386194285,0.122229697,0.021427992,2.969381,1,Solve_Succeeded,0.036567380,-0.374412051,6.938893903907e-18
30.340000,-0.213003283,-0.010378110,-0.385852980,0.118493709,0.021427992,2.969381,1,Solve_Succeeded,0.036567380,-0.374412051,6.938893903907e-18
30.350000,-0.216857719,-0.009233908,-0.385504959,0.115031182,0.039094103,3.071205,1,Solve_Succeeded,0.050142502,-0.351418822,1.734723475977e-18
30.360000,-0.220707140,-0.008124847,-0.385026542,0.111524828,0.039094103,3.071205,1,Solve_Succeeded,0.050142502,-0.351418822,1.734723475977e-18
30.370000,-0.224551702,-0.007047824,-0.384541748,0.108275715,0.055771632,3.291825,1,Solve_Succeeded,0.062966422,-0.329892051,6.938893903907e-18
30.380000,-0.228389967,-0.006003789,-0.383933812,0.104984345,0.055771632,3.291825,1,Solve_Succeeded,0.062966422,-0.329892051,6.938893903907e-18
30.390000,-0.232222082,-0.004989820,-0.383319818,0.101934994,0.071519813,2.595365,1,Solve_Succeeded,0.075083972,-0.309738272,1.387778780781e-17
30.400000,-0.236046688,-0.004006824,-0.382589504,0.098844889,0.071519813,2.595365,1,Solve_Succeeded,0.075083972,-0.309738272,1.387778780781e-17
30.410000,-0.239863923,-0.003052050,-0.381853431,0.095982519,0.086394014,2.649757,1,Solve_Succeeded,0.086537028,-0.290869793,2.168404344971e-19
30.420000,-0.243672505,-0.002126363,-0.381007455,0.093080838,0.086394014,2.649757,1,Solve_Succeeded,0.086537028,-0.290869793,2.168404344971e-19
30.430000,-0.247472562,-0.001227170,-0.380156003,0.090393483,0.100446057,3.087902,1,Solve_Succeeded,0.097364761,-0.273204501,1.387778780781e-17
30.440000,-0.251262883,-0.000355297,-0.379200685,0.087668205,0.100446057,3.087902,1,Solve_Succeeded,0.097364761,-0.273204501,1.387778780781e-17
30.450000,-0.255043590,0.000491696,-0.378240157,0.085144665,0.113724452,3.968978,1,Solve_Succeeded,0.107603829,-0.256665515,1.387778780781e-17
30.460000,-0.258813536,0.001313023,-0.377181447,0.082584537,0.113724452,3.968978,1,Solve_Succeeded,0.107603829,-0.256665515,1.387778780781e-17
30.470000,-0.262572837,0.002110984,-0.376117778,0.080214327,0.126274601,3.892540,1,Solve_Succeeded,0.117288529,-0.241180849,2.168404344971e-19
30.480000,-0.266320409,0.002884827,-0.374961277,0.077808815,0.126274601,3.892540,1,Solve_Succeeded,0.117288529,-0.241180849,2.168404344971e-19
30.490000,-0.270056360,0.003636719,-0.373800056,0.075582121,0.138139002,3.741784,1,Solve_Succeeded,0.126450954,-0.226683092,1.301042606983e-18
30.500000,-0.273779666,0.004365943,-0.372551042,0.073321364,0.138139002,3.741784,1,Solve_Succeeded,0.126450954,-0.226683092,1.301042606983e-18
30.510000,-0.277490430,0.005074540,-0.371297534,0.071229000,0.149357433,2.555150,1,Solve_Succeeded,0.135121134,-0.213109126,2.775557561563e-17
30.520000,-0.281187681,0.005761828,-0.369960980,0.069103769,0.149357433,2.555150,1,Solve_Succeeded,0.135121134,-0.213109126,2.775557561563e-17
30.530000,-0.284871516,0.006429729,-0.368620146,0.067137136,0.159967125,2.517612,1,Solve_Succeeded,0.143327172,-0.200399851,2.775557561563e-17
30.540000,-0.288541019,0.007077590,-0.367200742,0.065138790,0.159967125,2.517612,1,Solve_Succeeded,0.143327172,-0.200399851,2.775557561563e-17
30.550000,-0.292196279,0.007707226,-0.365777261,0.063289839,0.170002933,2.396439,1,Solve_Succeeded,0.151095371,-0.188499929,2.775557561563e-17
30.560000,-0.295836430,0.008318012,-0.364279430,0.061410294,0.170002933,2.396439,1,Solve_Succeeded,0.151095371,-0.188499929,2.775557561563e-17
30.570000,-0.299461557,0.008911658,-0.362777714,0.059671490,0.179497481,3.226094,1,Solve_Succeeded,0.158450346,-0.177357551,2.775557561563e-17
30.580000,-0.303070839,0.009487569,-0.361205631,0.057903176,0.179497481,3.226094,1,Solve_Succeeded,0.158450346,-0.177357551,2.775557561563e-17
30.590000,-0.306664357,0.010047357,-0.359629846,0.056267470,0.188481309,2.632420,1,Solve_Succeeded,0.165415137,-0.166924204,8.673617379884e-19
30.600000,-0.310241333,0.010590454,-0.357987452,0.054603302,0.188481309,2.632420,1,Solve_Succeeded,0.165415137,-0.166924204,8.673617379884e-19
30.610000,-0.313801844,0.011118378,-0.356341529,0.053064094,0.196983010,2.788637,1,Solve_Succeeded,0.172011311,-0.157154472,2.775557561563e-17
30.620000,-0.317345154,0.011630588,-0.354632546,0.051497442,0.196983010,2.788637,1,Solve_Succeeded,0.172011311,-0.157154472,2.775557561563e-17
30.630000,-0.320871334,0.012128517,-0.352920200,0.050048555,0.205029348,2.505364,1,Solve_Succeeded,0.178259056,-0.148005830,2.775557561563e-17
30.640000,-0.324379688,0.012611645,-0.351148149,0.048573213,0.205029348,2.505364,1,Solve_Succeeded,0.178259056,-0.148005830,2.775557561563e-17
30.650000,-0.327870284,0.013081326,-0.349372890,0.047208867,0.212645382,2.528863,1,Solve_Succeeded,0.184177270,-0.139438468,0.000000000000e+00
30.660000,-0.331342463,0.013537064,-0.347541097,0.045819028,0.212645382,2.528863,1,Solve_Succeeded,0.184177270,-0.139438468,0.000000000000e+00
30.670000,-0.334796287,0.013980134,-0.345706247,0.044533812,0.219854574,2.649475,1,Solve_Succeeded,0.189783645,-0.131415112,1.734723475977e-18
30.680000,-0.338231133,0.014410063,-0.343817860,0.043224041,0.219854574,2.649475,1,Solve_Succeeded,0.189783645,-0.131415112,1.734723475977e-18
30.690000,-0.341647061,0.014828055,-0.341926560,0.042012892,0.226678892,2.497042,1,Solve_Succeeded,0.195094748,-0.123900868,2.775557561563e-17
30.700000,-0.345043480,0.015233657,-0.339984562,0.040778101,0.226678892,2.497042,1,Solve_Succeeded,0.195094748,-0.123900868,2.775557561563e-17
30.710000,-0.348420446,0.015628005,-0.338039785,0.039636282,0.233138905,2.465146,1,Solve_Succeeded,0.200126088,-0.116863067,2.775557561563e-17
30.720000,-0.351777399,0.016010667,-0.336047000,0.038471712,0.233138905,2.465146,1,Solve_Succeeded,0.200126088,-0.116863067,2.775557561563e-17
30.730000,-0.355114393,0.016382714,-0.334051566,0.037394788,0.239253874,2.456746,1,Solve_Succeeded,0.204892190,-0.110271126,0.000000000000e+00
30.740000,-0.358430898,0.016743735,-0.332010669,0.036295983,0.239253874,2.456746,1,Solve_Succeeded,0.204892190,-0.110271126,0.000000000000e+00
30.750000,-0.361726965,0.017094740,-0.329967250,0.035279806,0.245041836,2.775593,1,Solve_Succeeded,0.209406654,-0.104096414,2.775557561563e-17
30.760000,-0.365002091,0.017435335,-0.327880782,0.034242597,0.245041836,2.775593,1,Solve_Succeeded,0.209406654,-0.104096414,2.775557561563e-17
30.770000,-0.368256324,0.017766475,-0.325791911,0.033283284,0.250519687,2.477474,1,Solve_Succeeded,0.213682221,-0.098312129,1.734723475977e-18
30.780000,-0.371489188,0.018087784,-0.323662283,0.032303771,0.250519687,2.477474,1,Solve_Succeeded,0.213682221,-0.098312129,1.734723475977e-18
30.790000,-0.374700730,0.018400162,-0.321530366,0.031397690,0.255703249,2.590048,1,Solve_Succeeded,0.217730820,-0.092893180,1.734723475977e-18
30.800000,-0.377890498,0.018703251,-0.319359869,0.030472222,0.255703249,2.590048,1,Solve_Succeeded,0.217730820,-0.092893180,1.734723475977e-18
30.810000,-0.381058536,0.018997900,-0.317187191,0.029615973,0.260607343,2.734364,1,Solve_Succeeded,0.221563631,-0.087816079,1.734723475977e-18
30.820000,-0.384204417,0.019283767,-0.314978001,0.028741135,0.260607343,2.734364,1,Solve_Succeeded,0.221563631,-0.087816079,1.734723475977e-18
30.830000,-0.387328182,0.019561654,-0.312766735,0.027931537,0.265245855,2.561180,1,Solve_Succeeded,0.225191123,-0.083058840,5.551115123126e-17
30.840000,-0.390429428,0.019831235,-0.310520923,0.027104133,0.265245855,2.561180,1,Solve_Succeeded,0.225191123,-0.083058840,5.551115123126e-17
30.850000,-0.393508193,0.020093266,-0.308273136,0.026338212,0.269631795,2.493099,1,Solve_Succeeded,0.228623110,-0.078600881,1.734723475977e-18
30.860000,-0.396564096,0.020347437,-0.305992674,0.025555251,0.269631795,2.493099,1,Solve_Succeeded,0.228623110,-0.078600881,1.734723475977e-18
30.870000,-0.399597171,0.020594459,-0.303710335,0.024830222,0.273777352,2.514517,1,Solve_Succeeded,0.231868786,-0.074422935,0.000000000000e+00
30.880000,-0.402607060,0.020834040,-0.301397101,0.024088908,0.273777352,2.514517,1,Solve_Succeeded,0.231868786,-0.074422935,0.000000000000e+00
30.890000,-0.405593796,0.021066850,-0.299082084,0.023402166,0.277693951,3.520391,1,Solve_Succeeded,0.234936769,-0.070506971,0.000000000000e+00
30.900000,-0.408557037,0.021292609,-0.296737871,0.022699880,0.277693951,3.520391,1,Solve_Succeeded,0.234936769,-0.070506971,0.000000000000e+00
30.910000,-0.411496817,0.021511951,-0.294391965,0.022048989,0.281392298,2.712400,1,Solve_Succeeded,0.237835137,-0.066836107,0.000000000000e+00
30.920000,-0.414412814,0.021724609,-0.292018483,0.021383283,0.281392298,2.712400,1,Solve_Succeeded,0.237835137,-0.066836107,0.000000000000e+00
30.930000,-0.417305056,0.021931179,-0.289643394,0.020765964,0.284882433,2.501490,1,Solve_Succeeded,0.240571466,-0.063394545,5.551115123126e-17
30.940000,-0.420173242,0.022131410,-0.287242276,0.020134547,0.284882433,2.501490,1,Solve_Succeeded,0.240571466,-0.063394545,5.551115123126e-17
30.950000,-0.423017398,0.022325863,-0.284839635,0.019548666,0.288173766,2.528854,1,Solve_Succeeded,0.243152857,-0.060167494,0.000000000000e+00
30.960000,-0.425837239,0.022514299,-0.282412441,0.018949395,0.288173766,2.528854,1,Solve_Succeeded,0.243152857,-0.060167494,0.000000000000e+00
30.970000,-0.428632792,0.022697247,-0.279983807,0.018392960,0.291275124,2.508762,1,Solve_Succeeded,0.245585973,-0.057141113,0.000000000000e+00
30.980000,-0.431403785,0.022874481,-0.277532033,0.017823829,0.291275124,2.508762,1,Solve_Succeeded,0.245585973,-0.057141113,0.000000000000e+00
30.990000,-0.434150245,0.023046497,-0.275078897,0.017294973,0.294194783,2.477677,1,Solve_Succeeded,0.247877066,-0.054302446,0.000000000000e+00
31.000000,-0.436871917,0.023213084,-0.272603974,0.016754108,0.294194783,2.477677,1,Solve_Succeeded,0.247877066,-0.054302446,0.000000000000e+00
31.010000,-0.439568825,0.023374707,-0.270127764,0.016251087,0.296940512,2.527416,1,Solve_Succeeded,0.250031998,-0.051639368,0.000000000000e+00
31.020000,-0.442240730,0.023531167,-0.267631063,0.015736733,0.296940512,2.527416,1,Solve_Succeeded,0.250031998,-0.051639368,0.000000000000e+00
31.030000,-0.444887653,0.023682901,-0.265133149,0.015257914,0.299519597,2.561841,1,Solve_Succeeded,0.252056277,-0.049140530,0.000000000000e+00
31.040000,-0.447509371,0.023829722,-0.262615986,0.014768431,0.299519597,2.561841,1,Solve_Succeeded,0.252056277,-0.049140530,0.000000000000e+00
31.050000,-0.450105904,0.023972040,-0.260097682,0.014312289,0.301938880,2.624459,1,Solve_Succeeded,0.253955072,-0.046795309,0.000000000000e+00
31.060000,-0.452677041,0.024109678,-0.257561320,0.013846142,0.301938880,2.624459,1,Solve_Succeeded,0.253955072,-0.046795309,0.000000000000e+00
31.070000,-0.455222802,0.024243023,-0.255023887,0.013411249,0.304204783,3.644421,1,Solve_Succeeded,0.255733237,-0.044593766,1.734723475977e-18
31.080000,-0.457742990,0.024371909,-0.252469542,0.012967002,0.304204783,3.644421,1,Solve_Succeeded,0.255733237,-0.044593766,1.734723475977e-18
31.090000,-0.460237622,0.024496697,-0.249914193,0.012552025,0.306323338,2.630904,1,Solve_Succeeded,0.257395333,-0.042526597,5.551115123126e-17
31.100000,-0.462706515,0.024617233,-0.247343032,0.012128336,0.306323338,2.630904,1,Solve_Succeeded,0.257395333,-0.042526597,5.551115123126e-17
31.110000,-0.465149686,0.024733854,-0.244770934,0.011732027,0.308300212,2.563429,1,Solve_Succeeded,0.258945647,-0.040585097,5.551115123126e-17
31.120000,-0.467566962,0.024846417,-0.242184083,0.011327641,0.308300212,2.563429,1,Solve_Succeeded,0.258945647,-0.040585097,5.551115123126e-17
31.130000,-0.469958359,0.024955237,-0.239596359,0.010948831,0.310140731,2.458839,1,Solve_Succeeded,0.260388211,-0.038761116,3.469446951954e-18
31.140000,-0.472323717,0.025060181,-0.236994902,0.010562574,0.310140731,2.458839,1,Solve_Succeeded,0.260388211,-0.038761116,3.469446951954e-18
31.150000,-0.474663051,0.025161543,-0.234392634,0.010200175,0.311849902,2.440353,1,Solve_Succeeded,0.261726814,-0.037047031,5.551115123126e-17
31.160000,-0.476976212,0.025259201,-0.231777618,0.009830949,0.311849902,2.440353,1,Solve_Succeeded,0.261726814,-0.037047031,5.551115123126e-17
31.170000,-0.479263215,0.025353428,-0.229161852,0.009483940,0.313432435,2.513081,1,Solve_Succeeded,0.262965026,-0.035435706,5.551115123126e-17
31.180000,-0.481523921,0.025444112,-0.226534286,0.009130719,0.313432435,2.513081,1,Solve_Succeeded,0.262965026,-0.035435706,5.551115123126e-17
31.190000,-0.483758343,0.025531506,-0.223906029,0.008798148,0.314892761,2.459501,1,Solve_Succeeded,0.264106203,-0.033920465,1.734723475977e-18
31.200000,-0.485966355,0.025615509,-0.221266890,0.008459971,0.314892761,2.459501,1,Solve_Succeeded,0.264106203,-0.033920465,1.734723475977e-18
31.210000,-0.488147967,0.025696356,-0.218627117,0.008140946,0.316235051,2.466142,1,Solve_Succeeded,0.265153511,-0.032495060,5.551115123126e-17
31.220000,-0.490303065,0.025773953,-0.215977349,0.007816918,0.316235051,2.466142,1,Solve_Succeeded,0.265153511,-0.032495060,5.551115123126e-17
31.230000,-0.492431658,0.025848519,-0.213327004,0.007510606,0.317463234,3.227906,1,Solve_Succeeded,0.266109930,-0.031153645,0.000000000000e+00
31.240000,-0.494533640,0.025919969,-0.210667519,0.007199887,0.317463234,3.227906,1,Solve_Succeeded,0.266109930,-0.031153645,0.000000000000e+00
31.250000,-0.496609021,0.025988505,-0.208007514,0.006905511,0.318581013,2.505724,1,Solve_Succeeded,0.266978272,-0.029890750,5.551115123126e-17
31.260000,-0.498657704,0.026054052,-0.205339200,0.006607316,0.318581013,2.505724,1,Solve_Succeeded,0.266978272,-0.029890750,5.551115123126e-17
31.270000,-0.500679698,0.026116793,-0.202670419,0.006324149,0.319591879,2.522238,1,Solve_Succeeded,0.267761191,-0.028701258,3.469446951954e-18
31.280000,-0.502674917,0.026176665,-0.199994134,0.006037746,0.319591879,2.522238,1,Solve_Succeeded,0.267761191,-0.028701258,3.469446951954e-18
31.290000,-0.504643368,0.026233835,-0.197317435,0.005765107,0.320499124,2.391286,1,Solve_Succeeded,0.268461191,-0.027580378,0.000000000000e+00
31.300000,-0.506584972,0.026288248,-0.194634012,0.005489811,0.320499124,2.391286,1,Solve_Succeeded,0.268461191,-0.027580378,0.000000000000e+00
31.310000,-0.508499739,0.026340055,-0.191950228,0.005227066,0.321305857,2.929277,1,Solve_Succeeded,0.269080639,-0.026523633,1.734723475977e-18
31.320000,-0.510387597,0.026389210,-0.189260477,0.004962237,0.321305857,2.929277,1,Solve_Succeeded,0.269080639,-0.026523633,1.734723475977e-18
31.330000,-0.512248554,0.026435850,-0.186570415,0.004708793,0.322015016,3.265410,1,Solve_Succeeded,0.269621772,-0.025526828,1.734723475977e-18
31.340000,-0.514082549,0.026479939,-0.183875123,0.004453832,0.322015016,3.265410,1,Solve_Succeeded,0.269621772,-0.025526828,1.734723475977e-18
31.350000,-0.515889587,0.026521598,-0.181179570,0.004209135,0.322629377,2.762154,1,Solve_Succeeded,0.270086708,-0.024586045,1.734723475977e-18
31.360000,-0.517669618,0.026560800,-0.178479502,0.003963482,0.322629377,2.762154,1,Solve_Succeeded,0.270086708,-0.024586045,1.734723475977e-18
31.370000,-0.519422645,0.026597653,-0.175779223,0.003727016,0.323151567,2.559907,1,Solve_Succeeded,0.270477453,-0.023697613,0.000000000000e+00
31.380000,-0.521148624,0.026632136,-0.173075125,0.003490149,0.323151567,2.559907,1,Solve_Succeeded,0.270477453,-0.023697613,0.000000000000e+00
31.390000,-0.522847560,0.026664347,-0.170370864,0.003261429,0.323584072,3.190671,1,Solve_Succeeded,0.270795907,-0.022858103,3.469446951954e-18
31.400000,-0.524519417,0.026694272,-0.167663461,0.003032860,0.323584072,3.190671,1,Solve_Succeeded,0.270795907,-0.022858103,3.469446951954e-18
31.410000,-0.526164199,0.026721996,-0.164955944,0.002811436,0.323929249,3.284892,1,Solve_Succeeded,0.271043873,-0.022064303,5.551115123126e-17
31.420000,-0.527781876,0.026747513,-0.162245945,0.002590709,0.323929249,3.284892,1,Solve_Succeeded,0.271043873,-0.022064303,5.551115123126e-17
31.430000,-0.529372452,0.026770896,-0.159535878,0.002376159,0.324189333,3.184885,1,Solve_Succeeded,0.271223064,-0.021313212,5.551115123126e-17
31.440000,-0.530935906,0.026792148,-0.156823973,0.002162847,0.324189333,3.184885,1,Solve_Succeeded,0.271223064,-0.021313212,5.551115123126e-17
31.450000,-0.532472241,0.026811329,-0.154112046,0.001954779,0.324366446,2.572852,1,Solve_Succeeded,0.271335107,-0.020602021,3.469446951954e-18
31.460000,-0.533981442,0.026828450,-0.151398911,0.001748484,0.324366446,2.572852,1,Solve_Succeeded,0.271335107,-0.020602021,3.469446951954e-18
31.470000,-0.535463512,0.026843558,-0.148685798,0.001546531,0.324462603,2.625534,1,Solve_Succeeded,0.271381552,-0.019928103,5.551115123126e-17
31.480000,-0.536918444,0.026856675,-0.145972089,0.001346881,0.324462603,2.625534,1,Solve_Succeeded,0.271381552,-0.019928103,5.551115123126e-17
31.490000,-0.538346240,0.026867836,-0.143258448,0.001150700,0.324479723,2.523294,1,Solve_Succeeded,0.271363873,-0.019289003,0.000000000000e+00
31.500000,-0.539746899,0.026877068,-0.140544810,0.000957349,0.324479723,2.523294,1,Solve_Succeeded,0.271363873,-0.019289003,0.000000000000e+00
31.510000,-0.541120423,0.026884398,-0.137831284,0.000766620,0.324419631,2.879399,1,Solve_Succeeded,0.271283477,-0.018682424,5.551115123126e-17
31.520000,-0.542466819,0.026889859,-0.135118347,0.000579243,0.324419631,2.879399,1,Solve_Succeeded,0.271283477,-0.018682424,5.551115123126e-17
31.530000,-0.543786088,0.026893469,-0.132405564,0.000393668,0.324284068,2.528596,1,Solve_Succeeded,0.271141707,-0.018106217,5.551115123126e-17
31.540000,-0.545078242,0.026895268,-0.129693944,0.000211962,0.324284068,2.528596,1,Solve_Succeeded,0.271141707,-0.018106217,5.551115123126e-17
31.550000,-0.546343282,0.026895261,-0.126982519,0.000031264,0.324074694,2.477970,1,Solve_Succeeded,0.270939846,-0.017558374,5.551115123126e-17
31.560000,-0.547581229,0.026893500,-0.124272819,-0.000145054,0.324074694,2.477970,1,Solve_Succeeded,0.270939846,-0.017558374,5.551115123126e-17
31.570000,-0.548792081,0.026889978,-0.121563356,-0.000321134,0.323793097,2.726734,1,Solve_Succeeded,0.270679124,-0.017037017,0.000000000000e+00
31.580000,-0.549975865,0.026884752,-0.118856166,-0.000492328,0.323793097,2.726734,1,Solve_Succeeded,0.270679124,-0.017037017,0.000000000000e+00
31.590000,-0.551132581,0.026877809,-0.116149254,-0.000664033,0.323440795,2.715373,1,Solve_Succeeded,0.270360717,-0.016540391,0.000000000000e+00
31.600000,-0.552262260,0.026869212,-0.113445153,-0.000830349,0.323440795,2.715373,1,Solve_Succeeded,0.270360717,-0.016540391,0.000000000000e+00
31.610000,-0.553364903,0.026858937,-0.110741372,-0.000997903,0.323019241,2.595104,1,Solve_Succeeded,0.269985755,-0.016066854,0.000000000000e+00
31.620000,-0.554440546,0.026847056,-0.108040927,-0.001159572,0.323019241,2.595104,1,Solve_Succeeded,0.269985755,-0.016066854,0.000000000000e+00
31.630000,-0.555489190,0.026833536,-0.105340842,-0.001323185,0.322529829,2.579569,1,Solve_Succeeded,0.269555322,-0.015614872,3.469446951954e-18
31.640000,-0.556510878,0.026818454,-0.102644611,-0.001480421,0.322529829,2.579569,1,Solve_Succeeded,0.269555322,-0.015614872,3.469446951954e-18
31.650000,-0.557505608,0.026801769,-0.099948779,-0.001640289,0.321973898,2.746005,1,Solve_Succeeded,0.269070463,-0.015183010,0.000000000000e+00
31.660000,-0.558473432,0.026783566,-0.097257307,-0.001793293,0.321973898,2.746005,1,Solve_Succeeded,0.269070463,-0.015183010,0.000000000000e+00
31.670000,-0.559414346,0.026763794,-0.094566272,-0.001949598,0.321352734,2.457936,1,Solve_Succeeded,0.268532182,-0.014769930,5.551115123126e-17
31.680000,-0.560328406,0.026742546,-0.091880095,-0.002098556,0.321352734,2.457936,1,Solve_Succeeded,0.268532182,-0.014769930,5.551115123126e-17
31.690000,-0.561215611,0.026719761,-0.089194394,-0.002251468,0.320667577,2.752282,1,Solve_Succeeded,0.267941450,-0.014374379,3.469446951954e-18
31.700000,-0.562076021,0.026695540,-0.086514039,-0.002396554,0.320667577,2.752282,1,Solve_Succeeded,0.267941450,-0.014374379,3.469446951954e-18
31.710000,-0.562909634,0.026669813,-0.083834197,-0.002546231,0.319919621,2.531009,1,Solve_Succeeded,0.267299203,-0.013995185,0.000000000000e+00
31.720000,-0.563716517,0.026642688,-0.081160179,-0.002687610,0.319919621,2.531009,1,Solve_Succeeded,0.267299203,-0.013995185,0.000000000000e+00
31.730000,-0.564496666,0.026614087,-0.078486712,-0.002834198,0.319110018,2.568980,1,Solve_Succeeded,0.266606347,-0.013631257,0.000000000000e+00
31.740000,-0.565250155,0.026584123,-0.075819540,-0.002972020,0.319110018,2.568980,1,Solve_Succeeded,0.266606347,-0.013631257,0.000000000000e+00
31.750000,-0.565976979,0.026552713,-0.073152956,-0.003115657,0.318239884,2.476388,1,Solve_Succeeded,0.265863761,-0.013281573,5.551115123126e-17
31.760000,-0.566677216,0.026519976,-0.070493128,-0.003250063,0.318239884,2.476388,1,Solve_Succeeded,0.265863761,-0.013281573,5.551115123126e-17
31.770000,-0.567350863,0.026485818,-0.067833924,-0.003390876,0.317310296,3.304895,1,Solve_Succeeded,0.265072294,-0.012945179,1.734723475977e-18
31.780000,-0.567998002,0.026450367,-0.065181931,-0.003522000,0.317310296,3.304895,1,Solve_Succeeded,0.265072294,-0.012945179,1.734723475977e-18
31.790000,-0.568618629,0.026413522,-0.062530598,-0.003660107,0.316322302,2.759836,1,Solve_Succeeded,0.264232775,-0.012621184,1.734723475977e-18
31.800000,-0.569212833,0.026375416,-0.059886921,-0.003788070,0.316322302,2.759836,1,Solve_Succeeded,0.264232775,-0.012621184,1.734723475977e-18
31.810000,-0.569780608,0.026335941,-0.057243939,-0.003923581,0.315276915,2.444925,1,Solve_Succeeded,0.263346007,-0.012308755,1.734723475977e-18
31.820000,-0.570322049,0.026295235,-0.054609053,-0.004048500,0.315276915,2.444925,1,Solve_Succeeded,0.263346007,-0.012308755,1.734723475977e-18
31.830000,-0.570837149,0.026253185,-0.051974896,-0.004181517,0.314175123,2.978144,1,Solve_Succeeded,0.262412774,-0.012007118,5.551115123126e-17
31.840000,-0.571326009,0.026209935,-0.049349266,-0.004303497,0.314175123,2.978144,1,Solve_Succeeded,0.262412774,-0.012007118,5.551115123126e-17
31.850000,-0.571788621,0.026165363,-0.046724400,-0.004434115,0.313017885,2.845091,1,Solve_Succeeded,0.261433840,-0.011715545,5.551115123126e-17
31.860000,-0.572225089,0.026119621,-0.044108485,-0.004553258,0.313017885,2.845091,1,Solve_Succeeded,0.261433840,-0.011715545,5.551115123126e-17
31.870000,-0.572635408,0.026072579,-0.041493367,-0.004681565,0.311806137,2.463057,1,Solve_Succeeded,0.260409950,-0.011433362,0.000000000000e+00
31.880000,-0.573019686,0.026024393,-0.038887617,-0.004797962,0.311806137,2.463057,1,Solve_Succeeded,0.260409950,-0.011433362,0.000000000000e+00
31.890000,-0.573377916,0.025974931,-0.036282698,-0.004924040,0.310540793,2.480818,1,Solve_Succeeded,0.259341834,-0.011159936,1.734723475977e-18
31.900000,-0.573710212,0.025924352,-0.033687557,-0.005037779,0.310540793,2.480818,1,Solve_Succeeded,0.259341834,-0.011159936,1.734723475977e-18
31.910000,-0.574016566,0.025872516,-0.031093280,-0.005161703,0.309222745,2.500739,1,Solve_Succeeded,0.258230207,-0.010894678,5.551115123126e-17
31.920000,-0.574297098,0.025819592,-0.028509184,-0.005272865,0.309222745,2.500739,1,Solve_Succeeded,0.258230207,-0.010894678,5.551115123126e-17
31.930000,-0.574551799,0.025765429,-0.025925985,-0.005394706,0.307852865,2.579880,1,Solve_Succeeded,0.257075767,-0.010637039,0.000000000000e+00
31.940000,-0.574780793,0.025710204,-0.023353363,-0.005503365,0.307852865,2.579880,1,Solve_Succeeded,0.257075767,-0.010637039,0.000000000000e+00
31.950000,-0.574984071,0.025653761,-0.020781670,-0.005623189,0.306432010,2.397850,1,Solve_Succeeded,0.255879203,-0.010386506,5.551115123126e-17
31.960000,-0.575161762,0.025596279,-0.018220945,-0.005729415,0.306432010,2.397850,1,Solve_Succeeded,0.255879203,-0.010386506,5.551115123126e-17
31.970000,-0.575313856,0.025537598,-0.015661181,-0.005847282,0.304961016,2.686159,1,Solve_Succeeded,0.254641188,-0.010142602,1.734723475977e-18
31.980000,-0.575440487,0.025477904,-0.013112768,-0.005951142,0.304961016,2.686159,1,Solve_Succeeded,0.254641188,-0.010142602,1.734723475977e-18
31.990000,-0.575541645,0.025417028,-0.010565347,-0.006067106,0.303440708,2.786575,1,Solve_Succeeded,0.253362388,-0.009904882,1.734723475977e-18
32.000000,-0.575617467,0.025355162,-0.008029656,-0.006168661,0.303440708,2.786575,1,Solve_Succeeded,0.253362388,-0.009904882,1.734723475977e-18
32.010000,-0.575667944,0.025292133,-0.005494988,-0.006282775,0.301871895,2.509708,1,Solve_Succeeded,0.252043454,-0.009672931,5.551115123126e-17
32.020000,-0.575693216,0.025228137,-0.002972420,-0.006382081,0.301871895,2.509708,1,Solve_Succeeded,0.252043454,-0.009672931,5.551115123126e-17
32.030000,-0.575693276,0.025162995,-0.000450906,-0.006494393,0.300255373,2.487546,1,Solve_Succeeded,0.250685033,-0.009446362,5.551115123126e-17
32.040000,-0.575668266,0.025096908,0.002058142,-0.006591502,0.300255373,2.487546,1,Solve_Succeeded,0.250685033,-0.009446362,5.551115123126e-17
32.050000,-0.575618180,0.025029693,0.004566106,-0.006702057,0.298591926,2.437441,1,Solve_Succeeded,0.249287758,-0.009224815,5.551115123126e-17
32.060000,-0.575543164,0.024961555,0.007061245,-0.006797020,0.298591926,2.437441,1,Solve_Succeeded,0.249287758,-0.009224815,5.551115123126e-17
32.070000,-0.575443210,0.024892304,0.009555271,-0.006905858,0.296882328,2.404020,1,Solve_Succeeded,0.247852258,-0.009007956,1.734723475977e-18
32.080000,-0.575318471,0.024822153,0.012036117,-0.006998719,0.296882328,2.404020,1,Solve_Succeeded,0.247852258,-0.009007956,1.734723475977e-18
32.090000,-0.575168937,0.024750905,0.014515821,-0.007105878,0.295127342,2.631018,1,Solve_Succeeded,0.246379153,-0.008795473,0.000000000000e+00
32.100000,-0.574994765,0.024678778,0.016981997,-0.007196681,0.295127342,2.631018,1,Solve_Succeeded,0.246379153,-0.008795473,0.000000000000e+00
32.110000,-0.574795945,0.024605570,0.019447003,-0.007302195,0.293327720,2.668223,1,Solve_Succeeded,0.244869056,-0.008587076,5.551115123126e-17
32.120000,-0.574572638,0.024531504,0.021898139,-0.007390980,0.293327720,2.668223,1,Solve_Succeeded,0.244869056,-0.008587076,5.551115123126e-17
32.130000,-0.574324834,0.024456371,0.024348076,-0.007494882,0.291484210,2.608283,1,Solve_Succeeded,0.243322576,-0.008382495,5.551115123126e-17
32.140000,-0.574052697,0.024380401,0.026783806,-0.007581686,0.291484210,2.608283,1,Solve_Succeeded,0.243322576,-0.008382495,5.551115123126e-17
32.150000,-0.573756218,0.024303381,0.029218310,-0.007684005,0.289597546,2.577616,1,Solve_Succeeded,0.241740314,-0.008181480,5.551115123126e-17
32.160000,-0.573435565,0.024225542,0.031638276,-0.007768863,0.289597546,2.577616,1,Solve_Succeeded,0.241740314,-0.008181480,5.551115123126e-17
32.170000,-0.573090726,0.024146668,0.034056988,-0.007869626,0.287668461,2.554972,1,Solve_Succeeded,0.240122866,-0.007983798,5.551115123126e-17
32.180000,-0.572721876,0.024066996,0.036460837,-0.007952570,0.287668461,2.554972,1,Solve_Succeeded,0.240122866,-0.007983798,5.551115123126e-17
32.190000,-0.572329002,0.023986303,0.038863405,-0.008051802,0.285697676,2.340856,1,Solve_Succeeded,0.238470824,-0.007789233,1.734723475977e-18
32.200000,-0.571912281,0.023904831,0.041250790,-0.008132863,0.285697676,2.340856,1,Solve_Succeeded,0.238470824,-0.007789233,1.734723475977e-18
32.210000,-0.571471702,0.023822353,0.043636867,-0.008230586,0.283685910,2.511158,1,Solve_Succeeded,0.236784777,-0.007597585,1.734723475977e-18
32.220000,-0.571007444,0.023739115,0.046007448,-0.008309792,0.283685910,2.511158,1,Solve_Succeeded,0.236784777,-0.007597585,1.734723475977e-18
32.230000,-0.570519496,0.023654885,0.048376694,-0.008406029,0.281633873,2.478202,1,Solve_Succeeded,0.235065307,-0.007408668,0.000000000000e+00
32.240000,-0.570008041,0.023569915,0.050730134,-0.008483406,0.281633873,2.478202,1,Solve_Succeeded,0.235065307,-0.007408668,0.000000000000e+00
32.250000,-0.569473069,0.023483966,0.053082214,-0.008578174,0.279542272,2.679010,1,Solve_Succeeded,0.233312995,-0.007222308,0.000000000000e+00
32.260000,-0.568914764,0.023397295,0.055418185,-0.008653747,0.279542272,2.679010,1,Solve_Succeeded,0.233312995,-0.007222308,0.000000000000e+00
32.270000,-0.568333117,0.023309660,0.057752770,-0.008747066,0.277411808,2.507991,1,Solve_Succeeded,0.231528418,-0.007038348,0.000000000000e+00
32.280000,-0.567728316,0.023221321,0.060070948,-0.008820858,0.277411808,2.507991,1,Solve_Succeeded,0.231528418,-0.007038348,0.000000000000e+00
32.290000,-0.567100351,0.023132031,0.062387715,-0.008912742,0.275243179,3.321055,1,Solve_Succeeded,0.229712148,-0.006856639,0.000000000000e+00
32.300000,-0.566449414,0.023042056,0.064687782,-0.008984774,0.275243179,3.321055,1,Solve_Succeeded,0.229712148,-0.006856639,0.000000000000e+00
32.310000,-0.565775494,0.022951144,0.066986414,-0.009075239,0.273037078,2.938416,1,Solve_Succeeded,0.227864757,-0.006677044,5.551115123126e-17
32.320000,-0.565078787,0.022859565,0.069268057,-0.009145532,0.273037078,2.938416,1,Solve_Succeeded,0.227864757,-0.006677044,5.551115123126e-17
32.330000,-0.564359280,0.022767062,0.071548242,-0.009234592,0.270794194,2.530996,1,Solve_Succeeded,0.225986813,-0.006499438,1.734723475977e-18
32.340000,-0.563617175,0.022673909,0.073811155,-0.009303164,0.270794194,2.530996,1,Solve_Succeeded,0.225986813,-0.006499438,1.734723475977e-18
32.350000,-0.562852459,0.022579846,0.076072587,-0.009390830,0.268515214,2.712935,1,Solve_Succeeded,0.224078882,-0.006323703,1.734723475977e-18
32.360000,-0.562065334,0.022485151,0.078316470,-0.009457700,0.268515214,2.712935,1,Solve_Succeeded,0.224078882,-0.006323703,1.734723475977e-18
32.370000,-0.561255789,0.022389559,0.080558848,-0.009543983,0.266200820,3.015413,1,Solve_Succeeded,0.222141528,-0.006149734,0.000000000000e+00
32.380000,-0.560424029,0.022293352,0.082783406,-0.009609167,0.266200820,3.015413,1,Solve_Succeeded,0.222141528,-0.006149734,0.000000000000e+00
32.390000,-0.559570042,0.022196262,0.085006435,-0.009694079,0.263851693,2.755102,1,Solve_Succeeded,0.220175313,-0.005977430,1.734723475977e-18
32.400000,-0.558694037,0.022098574,0.087211378,-0.009757592,0.263851693,2.755102,1,Solve_Succeeded,0.220175313,-0.005977430,1.734723475977e-18
32.410000,-0.557796001,0.022000015,0.089414770,-0.009841141,0.261468510,2.901754,1,Solve_Succeeded,0.218180797,-0.005806702,1.734723475977e-18
32.420000,-0.556876147,0.021900876,0.091599814,-0.009902999,0.261468510,2.901754,1,Solve_Succeeded,0.218180797,-0.005806702,1.734723475977e-18
32.430000,-0.555934461,0.021800879,0.093783285,-0.009985194,0.259051947,2.498234,1,Solve_Succeeded,0.216158538,-0.005637464,5.551115123126e-17
32.440000,-0.554971159,0.021700318,0.095948151,-0.010045410,0.259051947,2.498234,1,Solve_Succeeded,0.216158538,-0.005637464,5.551115123126e-17
32.450000,-0.553986227,0.021598913,0.098111423,-0.010126258,0.256602676,2.511437,1,Solve_Succeeded,0.214109093,-0.005469642,0.000000000000e+00
32.460000,-0.552979884,0.021496961,0.100255839,-0.010184845,0.256602676,2.511437,1,Solve_Succeeded,0.214109093,-0.005469642,0.000000000000e+00
32.470000,-0.551952116,0.021394178,0.102398640,-0.010264354,0.254121368,2.424971,1,Solve_Succeeded,0.212033017,-0.005303164,0.000000000000e+00
32.480000,-0.550903145,0.021290864,0.104522339,-0.010321325,0.254121368,2.424971,1,Solve_Succeeded,0.212033017,-0.005303164,0.000000000000e+00
32.490000,-0.549832956,0.021186731,0.106644402,-0.010399500,0.251608692,2.428367,1,Solve_Succeeded,0.209930865,-0.005137967,0.000000000000e+00
32.500000,-0.548741775,0.021082084,0.108747122,-0.010454868,0.251608692,2.428367,1,Solve_Succeeded,0.209930865,-0.005137967,0.000000000000e+00
32.510000,-0.547629585,0.020976632,0.110848185,-0.010531715,0.249065314,2.579914,1,Solve_Succeeded,0.207803190,-0.004973992,0.000000000000e+00
32.520000,-0.546496615,0.020870682,0.112929670,-0.010585489,0.249065314,2.579914,1,Solve_Succeeded,0.207803190,-0.004973992,0.000000000000e+00
32.530000,-0.545342850,0.020763938,0.115009479,-0.010661014,0.246491901,2.688586,1,Solve_Succeeded,0.205650543,-0.004811186,0.000000000000e+00
32.540000,-0.544168520,0.020656714,0.117069478,-0.010713206,0.246491901,2.688586,1,Solve_Succeeded,0.205650543,-0.004811186,0.000000000000e+00
32.550000,-0.542973610,0.020548709,0.119127781,-0.010787413,0.243889115,2.390312,1,Solve_Succeeded,0.203473474,-0.004649501,2.775557561563e-17
32.560000,-0.541758352,0.020440240,0.121166049,-0.010838033,0.243889115,2.390312,1,Solve_Succeeded,0.203473474,-0.004649501,2.775557561563e-17
32.570000,-0.540522732,0.020331002,0.123202603,-0.010910926,0.241257618,2.813099,1,Solve_Succeeded,0.201272534,-0.004488892,2.775557561563e-17
32.580000,-0.539266985,0.020221315,0.125218900,-0.010959983,0.241257618,2.813099,1,Solve_Succeeded,0.201272534,-0.004488892,2.775557561563e-17
32.590000,-0.537991096,0.020110873,0.127233465,-0.011031566,0.238598072,2.650373,1,Solve_Succeeded,0.199048271,-0.004329320,2.775557561563e-17
32.600000,-0.536695301,0.019999999,0.129227558,-0.011079071,0.238598072,2.650373,1,Solve_Succeeded,0.199048271,-0.004329320,2.775557561563e-17
32.610000,-0.535379586,0.019888381,0.131219899,-0.011149347,0.235911135,2.908049,1,Solve_Succeeded,0.196801232,-0.004170750,1.734723475977e-18
32.620000,-0.534044191,0.019776347,0.133191559,-0.011195308,0.235911135,2.908049,1,Solve_Succeeded,0.196801232,-0.004170750,1.734723475977e-18
32.630000,-0.532689100,0.019663582,0.135161450,-0.011264281,0.233197465,2.989609,1,Solve_Succeeded,0.194531964,-0.004013150,2.775557561563e-17
32.640000,-0.531314556,0.019550417,0.137110453,-0.011308707,0.233197465,2.989609,1,Solve_Succeeded,0.194531964,-0.004013150,2.775557561563e-17
32.650000,-0.529920543,0.019436534,0.139057670,-0.011376379,0.230457719,2.513288,1,Solve_Succeeded,0.192241013,-0.003856492,0.000000000000e+00
32.660000,-0.528507306,0.019322265,0.140983799,-0.011419278,0.230457719,2.513288,1,Solve_Succeeded,0.192241013,-0.003856492,0.000000000000e+00
32.670000,-0.527074829,0.019207292,0.142908125,-0.011485652,0.227692552,2.494424,1,Solve_Succeeded,0.189928924,-0.003700749,0.000000000000e+00
32.680000,-0.525623359,0.019091948,0.144811168,-0.011527032,0.227692552,2.494424,1,Solve_Succeeded,0.189928924,-0.003700749,0.000000000000e+00
32.690000,-0.524152880,0.018975912,0.146712391,-0.011592110,0.224902618,2.441665,1,Solve_Succeeded,0.187596239,-0.003545901,2.775557561563e-17
32.700000,-0.522663642,0.018859522,0.148592140,-0.011631980,0.224902618,2.441665,1,Solve_Succeeded,0.187596239,-0.003545901,2.775557561563e-17
32.710000,-0.521155627,0.018742452,0.150470054,-0.011695764,0.222088570,2.426890,1,Solve_Succeeded,0.185243503,-0.003391927,2.775557561563e-17
32.720000,-0.519629088,0.018625043,0.152326308,-0.011734132,0.222088570,2.426890,1,Solve_Succeeded,0.185243503,-0.003391927,2.775557561563e-17
32.730000,-0.518084009,0.018506966,0.154180712,-0.011796623,0.219251059,2.511003,1,Solve_Succeeded,0.182871258,-0.003238811,2.775557561563e-17
32.740000,-0.516520642,0.018388566,0.156013276,-0.011833496,0.219251059,2.511003,1,Solve_Succeeded,0.182871258,-0.003238811,2.775557561563e-17
32.750000,-0.514938972,0.018269511,0.157843973,-0.011894697,0.216390736,2.799041,1,Solve_Succeeded,0.180480044,-0.003086538,0.000000000000e+00
32.760000,-0.513339253,0.018150148,0.159652656,-0.011930082,0.216390736,2.799041,1,Solve_Succeeded,0.180480044,-0.003086538,0.000000000000e+00
32.770000,-0.511721470,0.018030143,0.161459457,-0.011989995,0.213508249,2.980279,1,Solve_Succeeded,0.178070401,-0.002935096,2.775557561563e-17
32.780000,-0.510085880,0.017909844,0.163244074,-0.012023899,0.213508249,2.980279,1,Solve_Succeeded,0.178070401,-0.002935096,2.775557561563e-17
32.790000,-0.508432466,0.017788915,0.165026794,-0.012082526,0.210604246,2.558540,1,Solve_Succeeded,0.175642870,-0.002784475,1.734723475977e-18
32.800000,-0.506761488,0.017667708,0.166787165,-0.012114956,0.210604246,2.558540,1,Solve_Succeeded,0.175642870,-0.002784475,1.734723475977e-18
32.810000,-0.505072929,0.017545884,0.168545625,-0.012172298,0.207679374,2.565801,1,Solve_Succeeded,0.173197988,-0.002634667,0.000000000000e+00
32.820000,-0.503367049,0.017423797,0.170281575,-0.012203262,0.207679374,2.565801,1,Solve_Succeeded,0.173197988,-0.002634667,0.000000000000e+00
32.830000,-0.501643833,0.017301105,0.172015601,-0.012259320,0.204734278,2.700391,1,Solve_Succeeded,0.170736293,-0.002485665,2.775557561563e-17
32.840000,-0.499903544,0.017178164,0.173726962,-0.012288825,0.204734278,2.700391,1,Solve_Succeeded,0.170736293,-0.002485665,2.775557561563e-17
32.850000,-0.498146163,0.017054632,0.175436385,-0.012343600,0.201769601,2.562046,1,Solve_Succeeded,0.168258320,-0.002337464,0.000000000000e+00
32.860000,-0.496371957,0.016930866,0.177122993,-0.012371653,0.201769601,2.562046,1,Solve_Succeeded,0.168258320,-0.002337464,0.000000000000e+00
32.870000,-0.494580908,0.016806520,0.178807650,-0.012425147,0.198785986,2.496388,1,Solve_Succeeded,0.165764606,-0.002190062,0.000000000000e+00
32.880000,-0.492773282,0.016681955,0.180469346,-0.012451755,0.198785986,2.496388,1,Solve_Succeeded,0.165764606,-0.002190062,0.000000000000e+00
32.890000,-0.490949062,0.016556823,0.182129080,-0.012503969,0.195784074,2.595039,1,Solve_Succeeded,0.163255684,-0.002043456,0.000000000000e+00
32.900000,-0.489108517,0.016431488,0.183765712,-0.012529140,0.195784074,2.595039,1,Solve_Succeeded,0.163255684,-0.002043456,0.000000000000e+00
32.910000,-0.487251628,0.016305597,0.185400369,-0.012580075,0.192764505,2.507972,1,Solve_Succeeded,0.160732087,-0.001897646,2.775557561563e-17
32.920000,-0.485378667,0.016179517,0.187011788,-0.012603814,0.192764505,2.507972,1,Solve_Succeeded,0.160732087,-0.001897646,2.775557561563e-17
32.930000,-0.483489614,0.016052895,0.188621222,-0.012653473,0.189727917,2.476288,1,Solve_Succeeded,0.158194347,-0.001752633,2.775557561563e-17
32.940000,-0.481584742,0.015926097,0.190207288,-0.012675787,0.189727917,2.476288,1,Solve_Succeeded,0.158194347,-0.001752633,2.775557561563e-17
32.950000,-0.479664033,0.015798770,0.191791356,-0.012724170,0.186674947,2.619331,1,Solve_Succeeded,0.155642994,-0.001608417,0.000000000000e+00
32.960000,-0.477727760,0.015671283,0.193351930,-0.012745068,0.186674947,2.619331,1,Solve_Succeeded,0.155642994,-0.001608417,0.000000000000e+00
32.970000,-0.475775905,0.015543278,0.194910496,-0.012792177,0.183606228,2.616644,1,Solve_Succeeded,0.153078559,-0.001465003,2.775557561563e-17
32.980000,-0.473808742,0.015415127,0.196445447,-0.012811664,0.183606228,2.616644,1,Solve_Succeeded,0.153078559,-0.001465003,2.775557561563e-17
32.990000,-0.471826253,0.015286471,0.197978381,-0.012857500,0.180522395,2.436049,1,Solve_Succeeded,0.150501568,-0.001322393,2.775557561563e-17
33.000000,-0.469828714,0.015157683,0.199487582,-0.012875584,0.180522395,2.436049,1,Solve_Succeeded,0.150501568,-0.001322393,2.775557561563e-17
33.010000,-0.467816106,0.015028403,0.200994756,-0.012920149,0.177424080,2.618745,1,Solve_Succeeded,0.147912549,-0.001180593,2.775557561563e-17
33.020000,-0.465788708,0.014899005,0.202478087,-0.012936837,0.177424080,2.618745,1,Solve_Succeeded,0.147912549,-0.001180593,2.775557561563e-17
33.030000,-0.463746500,0.014769127,0.203959381,-0.012980132,0.174311912,2.397258,1,Solve_Succeeded,0.145312026,-0.001039608,0.000000000000e+00
33.040000,-0.461689761,0.014639146,0.205416726,-0.012995432,0.174311912,2.397258,1,Solve_Succeeded,0.145312026,-0.001039608,0.000000000000e+00
33.050000,-0.459618472,0.014508697,0.206872024,-0.013037459,0.171186520,2.561559,1,Solve_Succeeded,0.142700524,-0.000899444,0.000000000000e+00
33.060000,-0.457532914,0.014378159,0.208303272,-0.013051377,0.171186520,2.561559,1,Solve_Succeeded,0.142700524,-0.000899444,0.000000000000e+00
33.070000,-0.455433067,0.014247166,0.209732464,-0.013092138,0.168048529,2.560524,1,Solve_Succeeded,0.140078564,-0.000760107,1.734723475977e-18
33.080000,-0.453319213,0.014116097,0.211137509,-0.013104681,0.168048529,2.560524,1,Solve_Succeeded,0.140078564,-0.000760107,1.734723475977e-18
33.090000,-0.451191332,0.013984585,0.212540491,-0.013144178,0.164898564,2.456388,1,Solve_Succeeded,0.137446668,-0.000621606,2.775557561563e-17
33.100000,-0.449049706,0.013853012,0.213919234,-0.013155355,0.164898564,2.456388,1,Solve_Succeeded,0.137446668,-0.000621606,2.775557561563e-17
33.110000,-0.446894318,0.013721009,0.215295905,-0.013193589,0.161737248,2.406502,1,Solve_Succeeded,0.134805355,-0.000483947,0.000000000000e+00
33.120000,-0.444725449,0.013588957,0.216648250,-0.013203406,0.161737248,2.406502,1,Solve_Succeeded,0.134805355,-0.000483947,0.000000000000e+00
33.130000,-0.442543081,0.013456488,0.217998516,-0.013240380,0.158565201,3.437672,1,Solve_Succeeded,0.132155140,-0.000347140,2.775557561563e-17
33.140000,-0.440347498,0.013323985,0.219324373,-0.013248846,0.158565201,3.437672,1,Solve_Succeeded,0.132155140,-0.000347140,2.775557561563e-17
33.150000,-0.438138680,0.013191076,0.220648145,-0.013284561,0.155383040,2.648888,1,Solve_Succeeded,0.129496542,-0.000211193,8.673617379884e-19
33.160000,-0.435916913,0.013058147,0.221947429,-0.013291682,0.155383040,2.648888,1,Solve_Succeeded,0.129496542,-0.000211193,8.673617379884e-19
33.170000,-0.433682178,0.012924825,0.223244622,-0.013326142,0.152191382,2.487870,1,Solve_Succeeded,0.126830072,-0.000076116,8.673617379884e-19
33.180000,-0.431434759,0.012791495,0.224517255,-0.013331927,0.152191382,2.487870,1,Solve_Succeeded,0.126830072,-0.000076116,8.673617379884e-19
33.190000,-0.429174639,0.012657785,0.225787790,-0.013365133,0.148990841,2.550014,1,Solve_Succeeded,0.124156244,0.000058082,2.775557561563e-17
33.200000,-0.426902104,0.012524081,0.227033697,-0.013369589,0.148990841,2.550014,1,Solve_Succeeded,0.124156244,0.000058082,2.775557561563e-17
33.210000,-0.424617134,0.012390010,0.228277500,-0.013401544,0.145782029,2.456191,1,Solve_Succeeded,0.121475566,0.000191391,2.775557561563e-17
33.220000,-0.422320016,0.012255957,0.229496611,-0.013404679,0.145782029,2.456191,1,Solve_Succeeded,0.121475566,0.000191391,2.775557561563e-17
33.230000,-0.420010732,0.012121549,0.230713613,-0.013435386,0.142565553,2.612137,1,Solve_Succeeded,0.118788548,0.000323801,0.000000000000e+00
33.240000,-0.417689570,0.011987174,0.231905864,-0.013437208,0.142565553,2.612137,1,Solve_Succeeded,0.118788548,0.000323801,0.000000000000e+00
33.250000,-0.415356509,0.011852455,0.233096001,-0.013466669,0.139342021,2.818776,1,Solve_Succeeded,0.116095695,0.000455301,0.000000000000e+00
33.260000,-0.413011840,0.011717782,0.234261333,-0.013467187,0.139342021,2.818776,1,Solve_Succeeded,0.116095695,0.000455301,0.000000000000e+00
33.270000,-0.410655541,0.011582779,0.235424547,-0.013495406,0.136112037,2.530968,1,Solve_Succeeded,0.113397511,0.000585880,8.673617379884e-19
33.280000,-0.408287903,0.011447834,0.236562906,-0.013494627,0.136112037,2.530968,1,Solve_Succeeded,0.113397511,0.000585880,8.673617379884e-19
33.290000,-0.405908907,0.011312570,0.237699143,-0.013521606,0.132876203,2.667142,1,Solve_Succeeded,0.110694498,0.000715528,2.775557561563e-17
33.300000,-0.403518841,0.011177378,0.238810480,-0.013519539,0.132876203,2.667142,1,Solve_Succeeded,0.110694498,0.000715528,2.775557561563e-17
33.310000,-0.401117687,0.011041880,0.239919690,-0.013545281,0.129635117,2.558798,1,Solve_Succeeded,0.107987156,0.000844234,1.734723475977e-18
33.320000,-0.398705734,0.010906467,0.241003961,-0.013541935,0.129635117,2.558798,1,Solve_Succeeded,0.107987156,0.000844234,1.734723475977e-18
33.330000,-0.396282963,0.010770759,0.242086101,-0.013566444,0.126389375,2.465908,1,Solve_Succeeded,0.105275982,0.000971986,0.000000000000e+00
33.340000,-0.393849665,0.010635149,0.243143267,-0.013561827,0.126389375,2.465908,1,Solve_Succeeded,0.105275982,0.000971986,0.000000000000e+00
33.350000,-0.391405820,0.010499257,0.244198299,-0.013585107,0.123139571,2.685715,1,Solve_Succeeded,0.102561470,0.001098773,1.387778780781e-17
33.360000,-0.388951719,0.010363475,0.245228324,-0.013579228,0.123139571,2.685715,1,Solve_Succeeded,0.102561470,0.001098773,1.387778780781e-17
33.370000,-0.386487343,0.010227423,0.246256214,-0.013601280,0.119886295,2.545907,1,Solve_Succeeded,0.099844114,0.001224584,0.000000000000e+00
33.380000,-0.384012982,0.010091494,0.247259071,-0.013594148,0.119886295,2.545907,1,Solve_Succeeded,0.099844114,0.001224584,0.000000000000e+00
33.390000,-0.381528619,0.009955308,0.248259790,-0.013614979,0.116630134,2.543390,1,Solve_Succeeded,0.097124404,0.001349408,0.000000000000e+00
33.400000,-0.379034542,0.009819256,0.249235453,-0.013606602,0.116630134,2.543390,1,Solve_Succeeded,0.097124404,0.001349408,0.000000000000e+00
33.410000,-0.376530734,0.009682960,0.250208977,-0.013626214,0.113371674,3.097884,1,Solve_Succeeded,0.094402827,0.001473232,1.387778780781e-17
33.420000,-0.374017486,0.009546811,0.251157428,-0.013616602,0.113371674,3.097884,1,Solve_Succeeded,0.094402827,0.001473232,1.387778780781e-17
33.430000,-0.371494779,0.009410428,0.252103738,-0.013634999,0.110111495,3.829883,1,Solve_Succeeded,0.091679868,0.001596046,1.387778780781e-17
33.440000,-0.368962904,0.009274206,0.253024961,-0.013624161,0.110111495,3.829883,1,Solve_Succeeded,0.091679868,0.001596046,1.387778780781e-17
33.450000,-0.366421841,0.009137762,0.253944043,-0.013641347,0.106850176,2.786145,1,Solve_Succeeded,0.088956010,0.001717839,8.673617379884e-19
33.460000,-0.363871884,0.009001490,0.254838029,-0.013629293,0.106850176,2.786145,1,Solve_Succeeded,0.088956010,0.001717839,8.673617379884e-19
33.470000,-0.361313011,0.008865009,0.255729873,-0.013645273,0.103588292,2.501301,1,Solve_Succeeded,0.086231733,0.001838597,1.387778780781e-17
33.480000,-0.358745515,0.008728712,0.256596617,-0.013632011,0.103588292,2.501301,1,Solve_Succeeded,0.086231733,0.001838597,1.387778780781e-17
33.490000,-0.356169377,0.008592218,0.257461219,-0.013646790,0.100326415,3.057560,1,Solve_Succeeded,0.083507514,0.001958312,0.000000000000e+00
33.500000,-0.353584889,0.008455921,0.258300721,-0.013632330,0.100326415,3.057560,1,Solve_Succeeded,0.083507514,0.001958312,0.000000000000e+00
33.510000,-0.350992030,0.008319438,0.259138080,-0.013645912,0.097065113,2.826934,1,Solve_Succeeded,0.080783826,0.002076970,1.387778780781e-17
33.520000,-0.348391093,0.008183163,0.259950345,-0.013630263,0.097065113,2.826934,1,Solve_Succeeded,0.080783826,0.002076970,1.387778780781e-17
33.530000,-0.345782059,0.008046714,0.260760466,-0.013642653,0.093804950,2.538535,1,Solve_Succeeded,0.078061142,0.002194560,1.387778780781e-17
33.540000,-0.343165219,0.007910486,0.261545503,-0.013625826,0.093804950,2.538535,1,Solve_Succeeded,0.078061142,0.002194560,1.387778780781e-17
33.550000,-0.340540553,0.007774096,0.262328397,-0.013637029,0.090546490,2.528593,1,Solve_Succeeded,0.075339930,0.002311072,1.387778780781e-17
33.560000,-0.337908354,0.007637937,0.263086219,-0.013619034,0.090546490,2.528593,1,Solve_Succeeded,0.075339930,0.002311072,1.387778780781e-17
33.570000,-0.335268601,0.007501629,0.263841899,-0.013629054,0.087290288,2.540179,1,Solve_Succeeded,0.072620655,0.002426495,1.387778780781e-17
33.580000,-0.332621586,0.007365564,0.264572525,-0.013609900,0.087290288,2.540179,1,Solve_Succeeded,0.072620655,0.002426495,1.387778780781e-17
33.590000,-0.329967291,0.007229361,0.265301012,-0.013618743,0.084036901,2.529496,1,Solve_Succeeded,0.069903780,0.002540816,8.673617379884e-19
33.600000,-0.327306005,0.007093412,0.266004465,-0.013598441,0.084036901,2.529496,1,Solve_Succeeded,0.069903780,0.002540816,8.673617379884e-19
33.610000,-0.324637709,0.006957337,0.266705781,-0.013606112,0.080786878,2.496123,1,Solve_Succeeded,0.067189765,0.002654025,0.000000000000e+00
33.620000,-0.321962695,0.006821528,0.267382090,-0.013584672,0.080786878,2.496123,1,Solve_Succeeded,0.067189765,0.002654025,0.000000000000e+00
33.630000,-0.319280943,0.006685605,0.268056263,-0.013591177,0.077540767,2.431219,1,Solve_Succeeded,0.064479065,0.002766112,1.387778780781e-17
33.640000,-0.316592742,0.006549959,0.268705459,-0.013568609,0.077540767,2.431219,1,Solve_Succeeded,0.064479065,0.002766112,1.387778780781e-17
33.650000,-0.313898075,0.006414210,0.269352523,-0.013573954,0.074299110,2.521981,1,Solve_Succeeded,0.061772134,0.002877065,4.336808689942e-19
33.660000,-0.311197231,0.006278749,0.269974644,-0.013550269,0.074299110,2.521981,1,Solve_Succeeded,0.061772134,0.002877065,4.336808689942e-19
33.670000,-0.308490190,0.006143197,0.270594635,-0.013554458,0.071062447,2.756948,1,Solve_Succeeded,0.059069422,0.002986875,0.000000000000e+00
33.680000,-0.305777243,0.006007944,0.271189722,-0.013529667,0.071062447,2.756948,1,Solve_Succeeded,0.059069422,0.002986875,0.000000000000e+00
33.690000,-0.303058370,0.005872612,0.271782683,-0.013532707,0.067831313,3.114048,1,Solve_Succeeded,0.056371374,0.003095530,1.387778780781e-17
33.700000,-0.300333860,0.005737589,0.272350782,-0.013506820,0.067831313,3.114048,1,Solve_Succeeded,0.056371374,0.003095530,1.387778780781e-17
33.710000,-0.297603693,0.005602499,0.272916758,-0.013508717,0.064606240,3.256584,1,Solve_Succeeded,0.053678436,0.003203020,0.000000000000e+00
33.720000,-0.294868159,0.005467729,0.273457919,-0.013481745,0.064606240,3.256584,1,Solve_Succeeded,0.053678436,0.003203020,0.000000000000e+00
33.730000,-0.292127238,0.005332902,0.273996962,-0.013482506,0.061387753,2.719893,1,Solve_Succeeded,0.050991045,0.003309335,0.000000000000e+00
33.740000,-0.289381218,0.005198407,0.274511240,-0.013454459,0.061387753,2.719893,1,Solve_Succeeded,0.050991045,0.003309335,0.000000000000e+00
33.750000,-0.286630080,0.005063867,0.275023404,-0.013454090,0.058176378,2.537796,1,Solve_Succeeded,0.048309640,0.003414465,0.000000000000e+00
33.760000,-0.283874111,0.004929669,0.275510859,-0.013424981,0.058176378,2.537796,1,Solve_Succeeded,0.048309640,0.003414465,0.000000000000e+00
33.770000,-0.281113293,0.004795436,0.275996204,-0.013423488,0.054972632,2.523681,1,Solve_Succeeded,0.045634652,0.003518400,6.938893903907e-18
33.780000,-0.278347911,0.004661556,0.276456899,-0.013393326,0.054972632,2.523681,1,Solve_Succeeded,0.045634652,0.003518400,6.938893903907e-18
33.790000,-0.275577947,0.004527654,0.276915489,-0.013390716,0.051777030,2.533077,1,Solve_Succeeded,0.042966511,0.003621131,6.938893903907e-18
33.800000,-0.272803686,0.004394114,0.277349491,-0.013359514,0.051777030,2.533077,1,Solve_Succeeded,0.042966511,0.003621131,6.938893903907e-18
33.810000,-0.270025110,0.004260562,0.277781394,-0.013355793,0.048590082,2.862763,1,Solve_Succeeded,0.040305643,0.003722648,4.336808689942e-19
33.820000,-0.267242503,0.004127384,0.278188775,-0.013323561,0.048590082,2.862763,1,Solve_Succeeded,0.040305643,0.003722648,4.336808689942e-19
33.830000,-0.264455847,0.003994205,0.278594063,-0.013318738,0.045412295,2.659079,1,Solve_Succeeded,0.037652469,0.003822942,0.000000000000e+00
33.840000,-0.261665426,0.003861409,0.278974901,-0.013285488,0.045412295,2.659079,1,Solve_Succeeded,0.037652469,0.003822942,0.000000000000e+00
33.850000,-0.258871221,0.003728623,0.279353650,-0.013279568,0.042244170,3.235018,1,Solve_Succeeded,0.035007409,0.003922003,0.000000000000e+00
33.860000,-0.256073516,0.003596231,0.279708024,-0.013245312,0.042244170,3.235018,1,Solve_Succeeded,0.035007409,0.003922003,0.000000000000e+00
33.870000,-0.253272291,0.003463860,0.280060317,-0.013238303,0.039086204,2.789122,1,Solve_Succeeded,0.032370877,0.004019823,4.336808689942e-19
33.880000,-0.250467829,0.003331892,0.280388311,-0.013203052,0.039086204,2.789122,1,Solve_Succeeded,0.032370877,0.004019823,4.336808689942e-19
33.890000,-0.247660112,0.003199956,0.280714231,-0.013194962,0.035938890,2.460466,1,Solve_Succeeded,0.029743284,0.004116392,0.000000000000e+00
33.900000,-0.244849420,0.003068433,0.281015935,-0.013158727,0.035938890,2.460466,1,Solve_Succeeded,0.029743284,0.004116392,0.000000000000e+00
33.910000,-0.242035735,0.002936954,0.281315572,-0.013149563,0.032802715,2.490277,1,Solve_Succeeded,0.027125037,0.004211703,6.938893903907e-18
33.920000,-0.239219338,0.002805896,0.281591079,-0.013112357,0.032802715,2.490277,1,Solve_Succeeded,0.027125037,0.004211703,6.938893903907e-18
33.930000,-0.236400211,0.002674892,0.281864525,-0.013102126,0.029678163,2.461046,1,Solve_Succeeded,0.024516539,0.004305747,3.469446951954e-18
33.940000,-0.233578631,0.002544320,0.282113931,-0.013063961,0.029678163,2.461046,1,Solve_Succeeded,0.024516539,0.004305747,3.469446951954e-18
33.950000,-0.230754582,0.002413813,0.282361284,-0.013052671,0.026565713,2.785353,1,Solve_Succeeded,0.021918189,0.004398515,0.000000000000e+00
33.960000,-0.227928341,0.002283747,0.282584690,-0.013013558,0.026565713,2.785353,1,Solve_Succeeded,0.021918189,0.004398515,0.000000000000e+00
33.970000,-0.225099889,0.002153756,0.282806051,-0.013001217,0.023465838,2.631997,1,Solve_Succeeded,0.019330383,0.004490001,2.168404344971e-19
33.980000,-0.222269505,0.002024215,0.283003562,-0.012961170,0.023465838,2.631997,1,Solve_Succeeded,0.019330383,0.004490001,2.168404344971e-19
33.990000,-0.219437170,0.001894761,0.283199036,-0.012947786,0.020379007,2.430882,1,Solve_Succeeded,0.016753512,0.004580195,3.469446951954e-18
34.000000,-0.216603159,0.001765765,0.283370761,-0.012906815,0.020379007,2.430882,1,Solve_Succeeded,0.016753512,0.004580195,3.469446951954e-18
34.010000,-0.213767455,0.001636867,0.283540457,-0.012892396,0.017305685,2.398475,1,Solve_Succeeded,0.014187964,0.004669091,0.000000000000e+00
34.020000,-0.210930332,0.001508436,0.283686507,-0.012850515,0.017305685,2.398475,1,Solve_Succeeded,0.014187964,0.004669091,0.000000000000e+00
34.030000,-0.208091773,0.001380112,0.283830539,-0.012835069,0.014246331,2.449707,1,Solve_Succeeded,0.011634120,0.004756681,1.084202172486e-19
34.040000,-0.205252050,0.001252265,0.283951032,-0.012792289,0.014246331,2.449707,1,Solve_Succeeded,0.011634120,0.004756681,1.084202172486e-19
34.050000,-0.202411146,0.001124536,0.284069515,-0.012775825,0.011201400,2.561607,1,Solve_Succeeded,0.009092361,0.004842958,1.734723475977e-18
34.060000,-0.199569332,0.000997291,0.284164571,-0.012732159,0.011201400,2.561607,1,Solve_Succeeded,0.009092361,0.004842958,1.734723475977e-18
34.070000,-0.196726592,0.000870175,0.284257627,-0.012714686,0.008171340,2.552980,1,Solve_Succeeded,0.006563062,0.004927915,0.000000000000e+00
34.080000,-0.193883195,0.000743552,0.284327370,-0.012670146,0.008171340,2.552980,1,Solve_Succeeded,0.006563062,0.004927915,0.000000000000e+00
34.090000,-0.191039124,0.000617068,0.284395122,-0.012651672,0.005156597,2.630619,1,Solve_Succeeded,0.004046592,0.005011546,5.421010862428e-20
34.100000,-0.188194649,0.000491085,0.284439679,-0.012606271,0.005156597,2.630619,1,Solve_Succeeded,0.004046592,0.005011546,5.421010862428e-20
34.110000,-0.185349751,0.000365252,0.284482256,-0.012586804,0.002157609,2.536990,1,Solve_Succeeded,0.001543318,0.005093844,4.336808689942e-19
34.120000,-0.182504699,0.000239928,0.284501759,-0.012540555,0.002157609,2.536990,1,Solve_Succeeded,0.001543318,0.005093844,4.336808689942e-19
34.130000,-0.179659475,0.000114763,0.284519292,-0.012520104,-0.000825189,2.524071,1,Solve_Succeeded,-0.000946397,0.005174802,1.355252715607e-20
34.140000,-0.176814346,-0.000009884,0.284513876,-0.012473020,-0.000825189,2.524071,1,Solve_Succeeded,-0.000946397,0.005174802,1.355252715607e-20
34.150000,-0.173969294,-0.000134362,0.284506500,-0.012451595,-0.003791369,2.575368,1,Solve_Succeeded,-0.003422196,0.005254415,4.336808689942e-19
34.160000,-0.171124584,-0.000258315,0.284476304,-0.012403687,-0.003791369,2.575368,1,Solve_Succeeded,-0.003422196,0.005254415,4.336808689942e-19
34.170000,-0.168280199,-0.000382088,0.284444158,-0.012381297,-0.006740507,2.428885,1,Solve_Succeeded,-0.005883726,0.005332677,1.734723475977e-18
34.180000,-0.165436403,-0.000505328,0.284389323,-0.012332579,-0.006740507,2.428885,1,Solve_Succeeded,-0.005883726,0.005332677,1.734723475977e-18
34.190000,-0.162593178,-0.000628379,0.284332551,-0.012309232,-0.009672184,2.473395,1,Solve_Succeeded,-0.008330637,0.005409582,5.421010862428e-20
34.200000,-0.159750785,-0.000750889,0.284253223,-0.012259717,-0.009672184,2.473395,1,Solve_Succeeded,-0.008330637,0.005409582,5.421010862428e-20
34.210000,-0.156909209,-0.000873200,0.284171969,-0.012235424,-0.012585987,3.221977,1,Solve_Succeeded,-0.010762585,0.005485125,1.734723475977e-18
34.220000,-0.154068709,-0.000994963,0.284068297,-0.012185124,-0.012585987,3.221977,1,Solve_Succeeded,-0.010762585,0.005485125,1.734723475977e-18
34.230000,-0.151229268,-0.001116517,0.283962712,-0.012159893,-0.015481508,2.605653,1,Solve_Succeeded,-0.013179230,0.005559301,3.469446951954e-18
34.240000,-0.148391145,-0.001237515,0.283834849,-0.012108823,-0.015481508,2.605653,1,Solve_Succeeded,-0.013179230,0.005559301,3.469446951954e-18
34.250000,-0.145554324,-0.001358296,0.283705084,-0.012082664,-0.018358346,2.428492,1,Solve_Succeeded,-0.015580236,0.005632104,0.000000000000e+00
34.260000,-0.142719060,-0.001478513,0.283553185,-0.012030836,-0.018358346,2.428492,1,Solve_Succeeded,-0.015580236,0.005632104,0.000000000000e+00
34.270000,-0.139885337,-0.001598502,0.283399397,-0.012003758,-0.021216102,2.386556,1,Solve_Succeeded,-0.017965272,0.005703531,1.084202172486e-19
34.280000,-0.137053411,-0.001717921,0.283223622,-0.011951185,-0.021216102,2.386556,1,Solve_Succeeded,-0.017965272,0.005703531,1.084202172486e-19
34.290000,-0.134223265,-0.001837104,0.283045970,-0.011923199,-0.024054385,2.678881,1,Solve_Succeeded,-0.020334012,0.005773577,2.168404344971e-19
34.300000,-0.131395152,-0.001955709,0.282846482,-0.011869894,-0.024054385,2.678881,1,Solve_Succeeded,-0.020334012,0.005773577,2.168404344971e-19
34.310000,-0.128569056,-0.002074068,0.282645129,-0.011841009,-0.026872809,2.596844,1,Solve_Succeeded,-0.022686133,0.005842237,2.168404344971e-19
34.320000,-0.125745229,-0.002191843,0.282422092,-0.011786985,-0.026872809,2.596844,1,Solve_Succeeded,-0.022686133,0.005842237,2.168404344971e-19
34.330000,-0.122923654,-0.002309362,0.282197204,-0.011757211,-0.029670994,2.662187,1,Solve_Succeeded,-0.025021319,0.005909507,0.000000000000e+00
34.340000,-0.120104581,-0.002426290,0.281950788,-0.011702483,-0.029670994,2.662187,1,Solve_Succeeded,-0.025021319,0.005909507,0.000000000000e+00
34.350000,-0.117287993,-0.002542955,0.281702534,-0.011671830,-0.032448564,2.694841,1,Solve_Succeeded,-0.027339256,0.005975385,6.938893903907e-18
34.360000,-0.114474140,-0.002659021,0.281432910,-0.011616410,-0.032448564,2.694841,1,Solve_Succeeded,-0.027339256,0.005975385,6.938893903907e-18
34.370000,-0.111663005,-0.002774814,0.281161462,-0.011584888,-0.035205151,2.511688,1,Solve_Succeeded,-0.029639637,0.006039865,0.000000000000e+00
34.380000,-0.108854833,-0.002890003,0.280868807,-0.011528789,-0.035205151,2.511688,1,Solve_Succeeded,-0.029639637,0.006039865,0.000000000000e+00
34.390000,-0.106049609,-0.003004910,0.280574340,-0.011496409,-0.037940390,3.704522,1,Solve_Succeeded,-0.031922158,0.006102946,2.168404344971e-19
34.400000,-0.103247578,-0.003119206,0.280258830,-0.011439645,-0.037940390,3.704522,1,Solve_Succeeded,-0.031922158,0.006102946,2.168404344971e-19
34.410000,-0.100448722,-0.003233212,0.279941523,-0.011406417,-0.040653924,3.090381,1,Solve_Succeeded,-0.034186520,0.006164623,0.000000000000e+00
34.420000,-0.097653286,-0.003346601,0.279603340,-0.011349001,-0.040653924,3.090381,1,Solve_Succeeded,-0.034186520,0.006164623,0.000000000000e+00
34.430000,-0.094861252,-0.003459690,0.279263375,-0.011314935,-0.043345399,3.127809,1,Solve_Succeeded,-0.036432431,0.006224894,6.938893903907e-18
34.440000,-0.092072861,-0.003572156,0.278902703,-0.011256882,-0.043345399,3.127809,1,Solve_Succeeded,-0.036432431,0.006224894,6.938893903907e-18
34.450000,-0.089288098,-0.003684314,0.278540263,-0.011221988,-0.046014470,2.910702,1,Solve_Succeeded,-0.038659601,0.006283757,6.938893903907e-18
34.460000,-0.086507201,-0.003795844,0.278157288,-0.011163310,-0.046014470,2.910702,1,Solve_Succeeded,-0.038659601,0.006283757,6.938893903907e-18
34.470000,-0.083730155,-0.003907057,0.277772561,-0.011127599,-0.048660795,3.324271,1,Solve_Succeeded,-0.040867745,0.006341209,4.336808689942e-19
34.480000,-0.080957195,-0.004017635,0.277367474,-0.011068310,-0.048660795,3.324271,1,Solve_Succeeded,-0.040867745,0.006341209,4.336808689942e-19
34.490000,-0.078188306,-0.004127889,0.276960649,-0.011031793,-0.051284039,2.775096,1,Solve_Succeeded,-0.043056584,0.006397247,6.938893903907e-18
34.500000,-0.075423723,-0.004237502,0.276533643,-0.010971908,-0.051284039,2.775096,1,Solve_Succeeded,-0.043056584,0.006397247,6.938893903907e-18
34.510000,-0.072663431,-0.004346782,0.276104914,-0.010934595,-0.053883873,2.553414,1,Solve_Succeeded,-0.045225844,0.006451870,0.000000000000e+00
34.520000,-0.069907661,-0.004455417,0.275656183,-0.010874125,-0.053883873,2.553414,1,Solve_Succeeded,-0.045225844,0.006451870,0.000000000000e+00
34.530000,-0.067156398,-0.004563710,0.275205744,-0.010836028,-0.056459973,2.454805,1,Solve_Succeeded,-0.047375255,0.006505077,0.000000000000e+00
34.540000,-0.064409873,-0.004671352,0.274735487,-0.010774989,-0.056459973,2.454805,1,Solve_Succeeded,-0.047375255,0.006505077,0.000000000000e+00
34.550000,-0.061668071,-0.004778645,0.274263538,-0.010736117,-0.059012022,2.465626,1,Solve_Succeeded,-0.049504552,0.006556866,6.938893903907e-18
34.560000,-0.058931219,-0.004885281,0.273771955,-0.010674522,-0.059012022,2.465626,1,Solve_Succeeded,-0.049504552,0.006556866,6.938893903907e-18
34.570000,-0.056199302,-0.004991560,0.273278696,-0.010634888,-0.061539708,3.109298,1,Solve_Succeeded,-0.051613475,0.006607234,6.938893903907e-18
34.580000,-0.053472547,-0.005097178,0.272765991,-0.010572749,-0.061539708,3.109298,1,Solve_Succeeded,-0.051613475,0.006607234,6.938893903907e-18
34.590000,-0.050750939,-0.005202430,0.272251626,-0.010532363,-0.064042724,2.703609,1,Solve_Succeeded,-0.053701770,0.006656183,4.336808689942e-19
34.600000,-0.048034700,-0.005307017,0.271718004,-0.010469696,-0.064042724,2.703609,1,Solve_Succeeded,-0.053701770,0.006656183,4.336808689942e-19
34.610000,-0.045323817,-0.005411230,0.271182739,-0.010428569,-0.066520771,2.503101,1,Solve_Succeeded,-0.055769186,0.006703710,4.336808689942e-19
34.620000,-0.042618512,-0.005514772,0.270628409,-0.010365387,-0.066520771,2.503101,1,Solve_Succeeded,-0.055769186,0.006703710,4.336808689942e-19
34.630000,-0.039918768,-0.005617934,0.270072452,-0.010323531,-0.068973555,2.380183,1,Solve_Succeeded,-0.057815478,0.006749816,8.673617379884e-19
34.640000,-0.037224806,-0.005720420,0.269497625,-0.010259847,-0.068973555,2.380183,1,Solve_Succeeded,-0.057815478,0.006749816,8.673617379884e-19
34.650000,-0.034536612,-0.005822517,0.268921187,-0.010217272,-0.071400788,2.551207,1,Solve_Succeeded,-0.059840407,0.006794499,1.387778780781e-17
34.660000,-0.031854401,-0.005923935,0.268326076,-0.010153101,-0.071400788,2.551207,1,Solve_Succeeded,-0.059840407,0.006794499,1.387778780781e-17
34.670000,-0.029178160,-0.006024957,0.267729371,-0.010109819,-0.073802188,2.482866,1,Solve_Succeeded,-0.061843736,0.006837761,4.336808689942e-19
34.680000,-0.026508104,-0.006125295,0.267114192,-0.010045174,-0.073802188,2.482866,1,Solve_Succeeded,-0.061843736,0.006837761,4.336808689942e-19
34.690000,-0.023844218,-0.006225229,0.266497436,-0.010001196,-0.076177478,2.395574,1,Solve_Succeeded,-0.063825236,0.006879600,1.387778780781e-17
34.700000,-0.021186715,-0.006324475,0.265862406,-0.009936091,-0.076177478,2.395574,1,Solve_Succeeded,-0.063825236,0.006879600,1.387778780781e-17
34.710000,-0.018535580,-0.006423310,0.265225816,-0.009891429,-0.078526388,2.456134,1,Solve_Succeeded,-0.065784682,0.006920018,4.336808689942e-19
34.720000,-0.015891024,-0.006521454,0.264571156,-0.009825878,-0.078526388,2.456134,1,Solve_Succeeded,-0.065784682,0.006920018,4.336808689942e-19
34.730000,-0.013253032,-0.006619179,0.263914954,-0.009780543,-0.080848655,3.155830,1,Solve_Succeeded,-0.067721854,0.006959015,1.387778780781e-17
34.740000,-0.010621813,-0.006716208,0.263240886,-0.009714559,-0.080848655,3.155830,1,Solve_Succeeded,-0.067721854,0.006959015,1.387778780781e-17
34.750000,-0.007997352,-0.006812813,0.262565293,-0.009668563,-0.083144020,2.564211,1,Solve_Succeeded,-0.069636537,0.006996592,0.000000000000e+00
34.760000,-0.005379855,-0.006908717,0.261872041,-0.009602161,-0.083144020,2.564211,1,Solve_Succeeded,-0.069636537,0.006996592,0.000000000000e+00
34.770000,-0.002769308,-0.007004190,0.261177283,-0.009555515,-0.085412232,2.644183,1,Solve_Succeeded,-0.071528521,0.007032749,0.000000000000e+00
34.780000,-0.000165914,-0.007098959,0.260465075,-0.009488707,-0.085412232,2.644183,1,Solve_Succeeded,-0.071528521,0.007032749,0.000000000000e+00
34.790000,0.002430340,-0.007193290,0.259751377,-0.009441423,-0.087653043,2.570627,1,Solve_Succeeded,-0.073397600,0.007067489,2.775557561563e-17
34.800000,0.005019255,-0.007286913,0.259020441,-0.009374225,-0.087653043,2.570627,1,Solve_Succeeded,-0.073397600,0.007067489,2.775557561563e-17
34.810000,0.007600842,-0.007380092,0.258288033,-0.009326314,-0.089866216,2.651412,1,Solve_Succeeded,-0.075243576,0.007100813,1.387778780781e-17
34.820000,0.010174906,-0.007472560,0.257538600,-0.009258739,-0.089866216,2.651412,1,Solve_Succeeded,-0.075243576,0.007100813,1.387778780781e-17
34.830000,0.012741458,-0.007564577,0.256787713,-0.009210214,-0.092051515,2.449440,1,Solve_Succeeded,-0.077066254,0.007132722,0.000000000000e+00
34.840000,0.015300303,-0.007655880,0.256020015,-0.009142275,-0.092051515,2.449440,1,Solve_Succeeded,-0.077066254,0.007132722,0.000000000000e+00
34.850000,0.017851455,-0.007746724,0.255250882,-0.009093146,-0.094208713,2.722851,1,Solve_Succeeded,-0.078865443,0.007163219,0.000000000000e+00
34.860000,0.020394720,-0.007836852,0.254465154,-0.009024858,-0.094208713,2.722851,1,Solve_Succeeded,-0.078865443,0.007163219,0.000000000000e+00
34.870000,0.022930111,-0.007926516,0.253678010,-0.008975138,-0.096337589,2.420018,1,Solve_Succeeded,-0.080640960,0.007192305,1.387778780781e-17
34.880000,0.025457438,-0.008015460,0.252874488,-0.008906514,-0.096337589,2.420018,1,Solve_Succeeded,-0.080640960,0.007192305,1.387778780781e-17
34.890000,0.027976713,-0.008103933,0.252069568,-0.008856215,-0.098437927,2.663960,1,Solve_Succeeded,-0.082392625,0.007219983,1.387778780781e-17
34.900000,0.030487749,-0.008191684,0.251248491,-0.008787268,-0.098437927,2.663960,1,Solve_Succeeded,-0.082392625,0.007219983,1.387778780781e-17
34.910000,0.032990558,-0.008278959,0.250426035,-0.008736402,-0.100509517,3.042630,1,Solve_Succeeded,-0.084120263,0.007246256,0.000000000000e+00
34.920000,0.035484955,-0.008365508,0.249587643,-0.008667146,-0.100509517,3.042630,1,Solve_Succeeded,-0.084120263,0.007246256,0.000000000000e+00
34.930000,0.037970952,-0.008451574,0.248747890,-0.008615725,-0.102552158,2.428319,1,Solve_Succeeded,-0.085823706,0.007271127,8.673617379884e-19
34.940000,0.040448366,-0.008536913,0.247892424,-0.008546175,-0.102552158,2.428319,1,Solve_Succeeded,-0.085823706,0.007271127,8.673617379884e-19
34.950000,0.042917210,-0.008621764,0.247035616,-0.008494209,-0.104565650,2.564776,1,Solve_Succeeded,-0.087502789,0.007294598,0.000000000000e+00
34.960000,0.045377304,-0.008705884,0.246163319,-0.008424378,-0.104565650,2.564776,1,Solve_Succeeded,-0.087502789,0.007294598,0.000000000000e+00
34.970000,0.047828660,-0.008789511,0.245289700,-0.008371882,-0.106549804,2.498860,1,Solve_Succeeded,-0.089157354,0.007316673,1.387778780781e-17
34.980000,0.050271099,-0.008872405,0.244400818,-0.008301783,-0.106549804,2.498860,1,Solve_Succeeded,-0.089157354,0.007316673,1.387778780781e-17
34.990000,0.052704635,-0.008954799,0.243510633,-0.008248767,-0.108504435,2.453909,1,Solve_Succeeded,-0.090787246,0.007337356,8.673617379884e-19
35.000000,0.055129091,-0.009036459,0.242605412,-0.008178415,-0.108504435,2.453909,1,Solve_Succeeded,-0.090787246,0.007337356,8.673617379884e-19
35.010000,0.057544481,-0.009117613,0.241698907,-0.008124891,-0.110429364,2.757161,1,Solve_Succeeded,-0.092392317,0.007356650,1.387778780781e-17
35.020000,0.059950631,-0.009198032,0.240777595,-0.008054298,-0.110429364,2.757161,1,Solve_Succeeded,-0.092392317,0.007356650,1.387778780781e-17
35.030000,0.062347553,-0.009277939,0.239855019,-0.008000279,-0.112324418,2.565252,1,Solve_Succeeded,-0.093972423,0.007374559,1.387778780781e-17
35.040000,0.064735078,-0.009357109,0.238917865,-0.007929460,-0.112324418,2.565252,1,Solve_Succeeded,-0.093972423,0.007374559,1.387778780781e-17
35.050000,0.067113216,-0.009435762,0.237979467,-0.007874958,-0.114189431,2.445825,1,Solve_Succeeded,-0.095527426,0.007391088,0.000000000000e+00
35.060000,0.069481802,-0.009513676,0.237026723,-0.007803926,-0.114189431,2.445825,1,Solve_Succeeded,-0.095527426,0.007391088,0.000000000000e+00
35.070000,0.071840846,-0.009591069,0.236072753,-0.007748952,-0.116024242,3.043169,1,Solve_Succeeded,-0.097057192,0.007406240,0.000000000000e+00
35.080000,0.074190185,-0.009667720,0.235104670,-0.007677721,-0.116024242,3.043169,1,Solve_Succeeded,-0.097057192,0.007406240,0.000000000000e+00
35.090000,0.076529828,-0.009743845,0.234135382,-0.007622288,-0.117828698,2.598764,1,Solve_Succeeded,-0.098561593,0.007420020,1.387778780781e-17
35.100000,0.078859615,-0.009819228,0.233152213,-0.007550871,-0.117828698,2.598764,1,Solve_Succeeded,-0.098561593,0.007420020,1.387778780781e-17
35.110000,0.081179557,-0.009894079,0.232167860,-0.007494991,-0.119602650,2.603806,1,Solve_Succeeded,-0.100040506,0.007432434,1.387778780781e-17
35.120000,0.083489494,-0.009968187,0.231169861,-0.007423401,-0.119602650,2.603806,1,Solve_Succeeded,-0.100040506,0.007432434,1.387778780781e-17
35.130000,0.085789438,-0.010041758,0.230170697,-0.007367086,-0.121345956,2.498154,1,Solve_Succeeded,-0.101493813,0.007443486,1.387778780781e-17
35.140000,0.088079232,-0.010114585,0.229158123,-0.007295337,-0.121345956,2.498154,1,Solve_Succeeded,-0.101493813,0.007443486,1.387778780781e-17
35.150000,0.090358887,-0.010186871,0.228144405,-0.007238600,-0.123058481,2.532476,1,Solve_Succeeded,-0.102921400,0.007453181,1.387778780781e-17
35.160000,0.092628250,-0.010258411,0.227117513,-0.007166705,-0.123058481,2.532476,1,Solve_Succeeded,-0.102921400,0.007453181,1.387778780781e-17
35.170000,0.094887331,-0.010329406,0.226089497,-0.007109558,-0.124740094,2.846900,1,Solve_Succeeded,-0.104323161,0.007461525,0.000000000000e+00
35.180000,0.097135980,-0.010399654,0.225048546,-0.007037530,-0.124740094,2.846900,1,Solve_Succeeded,-0.104323161,0.007461525,0.000000000000e+00
35.190000,0.099374206,-0.010469352,0.224006491,-0.006979984,-0.126390672,2.515404,1,Solve_Succeeded,-0.105698991,0.007468523,0.000000000000e+00
35.200000,0.101601862,-0.010538303,0.222951740,-0.006907838,-0.126390672,2.515404,1,Solve_Succeeded,-0.105698991,0.007468523,0.000000000000e+00
35.210000,0.103818957,-0.010606700,0.221895904,-0.006849906,-0.128010097,2.391544,1,Solve_Succeeded,-0.107048794,0.007474181,8.673617379884e-19
35.220000,0.106025348,-0.010674349,0.220827613,-0.006777653,-0.128010097,2.391544,1,Solve_Succeeded,-0.107048794,0.007474181,8.673617379884e-19
35.230000,0.108221044,-0.010741440,0.219758257,-0.006719348,-0.129598258,2.509719,1,Solve_Succeeded,-0.108372477,0.007478506,2.775557561563e-17
35.240000,0.110405902,-0.010807782,0.218676686,-0.006647003,-0.129598258,2.509719,1,Solve_Succeeded,-0.108372477,0.007478506,2.775557561563e-17
35.250000,0.112579932,-0.010873562,0.217594072,-0.006588335,-0.131155050,2.730265,1,Solve_Succeeded,-0.109669951,0.007481504,2.775557561563e-17
35.260000,0.114742995,-0.010938593,0.216499484,-0.006515910,-0.131155050,2.730265,1,Solve_Succeeded,-0.109669951,0.007481504,2.775557561563e-17
35.270000,0.116895101,-0.011003058,0.215403873,-0.006456894,-0.132680371,2.712757,1,Solve_Succeeded,-0.110941135,0.007483180,0.000000000000e+00
35.280000,0.119036112,-0.011066774,0.214296531,-0.006384402,-0.132680371,2.712757,1,Solve_Succeeded,-0.110941135,0.007483180,0.000000000000e+00
35.290000,0.121166038,-0.011129920,0.213188186,-0.006325048,-0.134174131,2.475484,1,Solve_Succeeded,-0.112185952,0.007483542,2.775557561563e-17
35.300000,0.123284745,-0.011192317,0.212068352,-0.006252503,-0.134174131,2.475484,1,Solve_Succeeded,-0.112185952,0.007483542,2.775557561563e-17
35.310000,0.125392243,-0.011254140,0.210947537,-0.006192824,-0.135636240,2.509863,1,Solve_Succeeded,-0.113404328,0.007482597,8.673617379884e-19
35.320000,0.127488400,-0.011315214,0.209815477,-0.006120238,-0.135636240,2.509863,1,Solve_Succeeded,-0.113404328,0.007482597,8.673617379884e-19
35.330000,0.129573225,-0.011375711,0.208682456,-0.006060246,-0.137066617,2.756197,1,Solve_Succeeded,-0.114596195,0.007480351,8.673617379884e-19
35.340000,0.131646590,-0.011435459,0.207538433,-0.005987632,-0.137066617,2.756197,1,Solve_Succeeded,-0.114596195,0.007480351,8.673617379884e-19
35.350000,0.133708504,-0.011494626,0.206393472,-0.005927340,-0.138465188,2.582133,1,Solve_Succeeded,-0.115761493,0.007476812,8.673617379884e-19
35.360000,0.135758842,-0.011553045,0.205237753,-0.005854711,-0.138465188,2.582133,1,Solve_Succeeded,-0.115761493,0.007476812,8.673617379884e-19
35.370000,0.137797613,-0.011610879,0.204081116,-0.005794131,-0.139831882,2.828952,1,Solve_Succeeded,-0.116900162,0.007471987,2.775557561563e-17
35.380000,0.139824693,-0.011667966,0.202913967,-0.005721499,-0.139831882,2.828952,1,Solve_Succeeded,-0.116900162,0.007471987,2.775557561563e-17
35.390000,0.141840090,-0.011724465,0.201745921,-0.005660643,-0.141166636,2.561206,1,Solve_Succeeded,-0.118012151,0.007465884,0.000000000000e+00
35.400000,0.143843687,-0.011780217,0.200567610,-0.005588022,-0.141166636,2.561206,1,Solve_Succeeded,-0.118012151,0.007465884,0.000000000000e+00
35.410000,0.145835490,-0.011835378,0.199388421,-0.005526901,-0.142469393,2.461674,1,Solve_Succeeded,-0.119097411,0.007458511,2.775557561563e-17
35.420000,0.147815384,-0.011889793,0.198199213,-0.005454303,-0.142469393,2.461674,1,Solve_Succeeded,-0.119097411,0.007458511,2.775557561563e-17
35.430000,0.149783375,-0.011943614,0.197009150,-0.005392930,-0.143740100,2.432711,1,Solve_Succeeded,-0.120155901,0.007449875,2.775557561563e-17
35.440000,0.151739351,-0.011996690,0.195809314,-0.005320367,-0.143740100,2.432711,1,Solve_Succeeded,-0.120155901,0.007449875,2.775557561563e-17
35.450000,0.153683319,-0.012049169,0.194608643,-0.005258755,-0.144978712,2.711370,1,Solve_Succeeded,-0.121187582,0.007439985,2.775557561563e-17
35.460000,0.155615168,-0.012100903,0.193398446,-0.005186240,-0.144978712,2.711370,1,Solve_Succeeded,-0.121187582,0.007439985,2.775557561563e-17
35.470000,0.157534905,-0.012152038,0.192187436,-0.005124400,-0.146185189,2.554145,1,Solve_Succeeded,-0.122192422,0.007428849,2.775557561563e-17
35.480000,0.159442423,-0.012202430,0.190967148,-0.005051946,-0.146185189,2.554145,1,Solve_Succeeded,-0.122192422,0.007428849,2.775557561563e-17
35.490000,0.161337729,-0.012252219,0.189746067,-0.004989889,-0.147359497,2.555592,1,Solve_Succeeded,-0.123170392,0.007416476,8.673617379884e-19
35.500000,0.163220718,-0.012301266,0.188515955,-0.004917508,-0.147359497,2.555592,1,Solve_Succeeded,-0.123170392,0.007416476,8.673617379884e-19
35.510000,0.165091396,-0.012349709,0.187285072,-0.004855248,-0.148501608,2.420730,1,Solve_Succeeded,-0.124121470,0.007402874,2.775557561563e-17
35.520000,0.166949662,-0.012397411,0.186045405,-0.004782952,-0.148501608,2.420730,1,Solve_Succeeded,-0.124121470,0.007402874,2.775557561563e-17
35.530000,0.168795523,-0.012444506,0.184804989,-0.004720500,-0.149611498,2.437026,1,Solve_Succeeded,-0.125045636,0.007388052,2.775557561563e-17
35.540000,0.170628880,-0.012490861,0.183556037,-0.004648301,-0.149611498,2.437026,1,Solve_Succeeded,-0.125045636,0.007388052,2.775557561563e-17
35.550000,0.172449738,-0.012536607,0.182306356,-0.004585670,-0.150689152,2.691767,1,Solve_Succeeded,-0.125942879,0.007372019,8.673617379884e-19
35.560000,0.174258002,-0.012581616,0.181048388,-0.004513580,-0.150689152,2.691767,1,Solve_Succeeded,-0.125942879,0.007372019,8.673617379884e-19
35.570000,0.176053678,-0.012626013,0.179789712,-0.004450781,-0.151734558,2.732664,1,Solve_Succeeded,-0.126813188,0.007354785,8.673617379884e-19
35.580000,0.177836672,-0.012669674,0.178522997,-0.004378812,-0.151734558,2.732664,1,Solve_Succeeded,-0.126813188,0.007354785,8.673617379884e-19
35.590000,0.179606992,-0.012712722,0.177255595,-0.004315857,-0.152747711,2.489288,1,Solve_Succeeded,-0.127656559,0.007336359,8.673617379884e-19
35.600000,0.181364545,-0.012755035,0.175980403,-0.004244022,-0.152747711,2.489288,1,Solve_Succeeded,-0.127656559,0.007336359,8.673617379884e-19
35.610000,0.183109339,-0.012796733,0.174704545,-0.004180922,-0.153728611,3.201318,1,Solve_Succeeded,-0.128472995,0.007316750,8.673617379884e-19
35.620000,0.184841286,-0.012837699,0.173421144,-0.004109232,-0.153728611,3.201318,1,Solve_Succeeded,-0.128472995,0.007316750,8.673617379884e-19
35.630000,0.186560391,-0.012878047,0.172137099,-0.004046001,-0.154677265,2.993838,1,Solve_Succeeded,-0.129262499,0.007295969,0.000000000000e+00
35.640000,0.188266570,-0.012917666,0.170845760,-0.003974468,-0.154677265,2.993838,1,Solve_Succeeded,-0.129262499,0.007295969,0.000000000000e+00
35.650000,0.189959828,-0.012956665,0.169553798,-0.003911115,-0.155593683,2.562846,1,Solve_Succeeded,-0.130025083,0.007274024,2.775557561563e-17
35.660000,0.191640083,-0.012994937,0.168254788,-0.003839751,-0.155593683,2.562846,1,Solve_Succeeded,-0.130025083,0.007274024,2.775557561563e-17
35.670000,0.193307342,-0.013032587,0.166955178,-0.003776290,-0.156477884,2.433608,1,Solve_Succeeded,-0.130760762,0.007250927,8.673617379884e-19
35.680000,0.194961524,-0.013069513,0.165648768,-0.003705105,-0.156477884,2.433608,1,Solve_Succeeded,-0.130760762,0.007250927,8.673617379884e-19
35.690000,0.196602635,-0.013105816,0.164341778,-0.003641547,-0.157329890,2.483588,1,Solve_Succeeded,-0.131469553,0.007226687,2.775557561563e-17
35.700000,0.198230600,-0.013141396,0.163028236,-0.003570554,-0.157329890,2.483588,1,Solve_Succeeded,-0.131469553,0.007226687,2.775557561563e-17
35.710000,0.199845422,-0.013176353,0.161714136,-0.003506911,-0.158149728,2.559303,1,Solve_Succeeded,-0.132151483,0.007201314,8.673617379884e-19
35.720000,0.201447029,-0.013210590,0.160393731,-0.003436120,-0.158149728,2.559303,1,Solve_Succeeded,-0.132151483,0.007201314,8.673617379884e-19
35.730000,0.203035426,-0.013244201,0.159072789,-0.003372404,-0.158937434,2.550815,1,Solve_Succeeded,-0.132806579,0.007174820,0.000000000000e+00
35.740000,0.204610542,-0.013277095,0.157745790,-0.003301827,-0.158937434,2.550815,1,Solve_Succeeded,-0.132806579,0.007174820,0.000000000000e+00
35.750000,0.206172382,-0.013309363,0.156418274,-0.003238049,-0.159693046,2.478125,1,Solve_Succeeded,-0.133434874,0.007147214,0.000000000000e+00
35.760000,0.207720879,-0.013340916,0.155084949,-0.003167698,-0.159693046,2.478125,1,Solve_Succeeded,-0.133434874,0.007147214,0.000000000000e+00
35.770000,0.209256036,-0.013371842,0.153751127,-0.003103868,-0.160416609,2.360898,1,Solve_Succeeded,-0.134036407,0.007118508,0.000000000000e+00
35.780000,0.210777790,-0.013402055,0.152411743,-0.003033753,-0.160416609,2.360898,1,Solve_Succeeded,-0.134036407,0.007118508,0.000000000000e+00
35.790000,0.212286144,-0.013431642,0.151071884,-0.002969885,-0.161108173,2.539839,1,Solve_Succeeded,-0.134611220,0.007088713,2.775557561563e-17
35.800000,0.213781038,-0.013460518,0.149726708,-0.002900018,-0.161108173,2.539839,1,Solve_Succeeded,-0.134611220,0.007088713,2.775557561563e-17
35.810000,0.215262474,-0.013488767,0.148381078,-0.002836121,-0.161767792,2.824838,1,Solve_Succeeded,-0.135159359,0.007057839,2.775557561563e-17
35.820000,0.216730394,-0.013516309,0.147030378,-0.002766512,-0.161767792,2.824838,1,Solve_Succeeded,-0.135159359,0.007057839,2.775557561563e-17
35.830000,0.218184802,-0.013543222,0.145679244,-0.002702599,-0.162395529,2.914815,1,Solve_Succeeded,-0.135680875,0.007025898,0.000000000000e+00
35.840000,0.219625642,-0.013569433,0.144323285,-0.002633259,-0.162395529,2.914815,1,Solve_Succeeded,-0.135680875,0.007025898,0.000000000000e+00
35.850000,0.221052918,-0.013595013,0.142966914,-0.002569342,-0.162991449,2.916264,1,Solve_Succeeded,-0.136175824,0.006992901,2.775557561563e-17
35.860000,0.222466576,-0.013619894,0.141605962,-0.002500281,-0.162991449,2.916264,1,Solve_Succeeded,-0.136175824,0.006992901,2.775557561563e-17
35.870000,0.223866619,-0.013644145,0.140244619,-0.002436370,-0.163555622,3.156767,1,Solve_Succeeded,-0.136644266,0.006958860,1.734723475977e-18
35.880000,0.225252999,-0.013667700,0.138878940,-0.002367600,-0.163555622,3.156767,1,Solve_Succeeded,-0.136644266,0.006958860,1.734723475977e-18
35.890000,0.226625717,-0.013690624,0.137512891,-0.002303705,-0.164088126,2.535193,1,Solve_Succeeded,-0.137086265,0.006923786,0.000000000000e+00
35.900000,0.227984727,-0.013712856,0.136142749,-0.002235236,-0.164088126,2.535193,1,Solve_Succeeded,-0.137086265,0.006923786,0.000000000000e+00
35.910000,0.229330031,-0.013734457,0.134772257,-0.002171370,-0.164589041,2.522337,1,Solve_Succeeded,-0.137501889,0.006887692,2.775557561563e-17
35.920000,0.230661584,-0.013755368,0.133397915,-0.002103211,-0.164589041,2.522337,1,Solve_Succeeded,-0.137501889,0.006887692,2.775557561563e-17
35.930000,0.231979391,-0.013775650,0.132023245,-0.002039385,-0.165058455,2.498216,1,Solve_Succeeded,-0.137891212,0.006850588,2.775557561563e-17
35.940000,0.233283408,-0.013795245,0.130644968,-0.001971548,-0.165058455,2.498216,1,Solve_Succeeded,-0.137891212,0.006850588,2.775557561563e-17
35.950000,0.234573640,-0.013814211,0.129266383,-0.001907772,-0.165496458,2.435722,1,Solve_Succeeded,-0.138254309,0.006812487,2.775557561563e-17
35.960000,0.235850045,-0.013832494,0.127884432,-0.001840266,-0.165496458,2.435722,1,Solve_Succeeded,-0.138254309,0.006812487,2.775557561563e-17
35.970000,0.237112628,-0.013850147,0.126502193,-0.001776551,-0.165903148,2.545790,1,Solve_Succeeded,-0.138591263,0.006773401,2.775557561563e-17
35.980000,0.238361351,-0.013867123,0.125116830,-0.001709387,-0.165903148,2.545790,1,Solve_Succeeded,-0.138591263,0.006773401,2.775557561563e-17
35.990000,0.239596218,-0.013883468,0.123731201,-0.001645745,-0.166278626,2.490793,1,Solve_Succeeded,-0.138902158,0.006733343,2.775557561563e-17
36.000000,0.240817195,-0.013899139,0.122342686,-0.001578932,-0.166278626,2.490793,1,Solve_Succeeded,-0.138902158,0.006733343,2.775557561563e-17
36.010000,0.242024283,-0.013914181,0.120953926,-0.001515372,-0.166622999,2.448055,1,Solve_Succeeded,-0.139187085,0.006692324,1.734723475977e-18
36.020000,0.243217453,-0.013928553,0.119562520,-0.001448920,-0.166622999,2.448055,1,Solve_Succeeded,-0.139187085,0.006692324,1.734723475977e-18
36.030000,0.244396706,-0.013942295,0.118170888,-0.001385454,-0.166936378,2.437892,1,Solve_Succeeded,-0.139446135,0.006650357,1.734723475977e-18
36.040000,0.245562014,-0.013955372,0.116776849,-0.001319373,-0.166936378,2.437892,1,Solve_Succeeded,-0.139446135,0.006650357,1.734723475977e-18
36.050000,0.246713380,-0.013967820,0.115382606,-0.001256011,-0.167218879,2.620805,1,Solve_Succeeded,-0.139679408,0.006607454,2.775557561563e-17
36.060000,0.247850778,-0.013979608,0.113986192,-0.001190310,-0.167218879,2.620805,1,Solve_Succeeded,-0.139679408,0.006607454,2.775557561563e-17
36.070000,0.248974209,-0.013990767,0.112589594,-0.001127063,-0.167470624,2.469951,1,Solve_Succeeded,-0.139887003,0.006563630,0.000000000000e+00
36.080000,0.250083652,-0.014001269,0.111191063,-0.001061752,-0.167470624,2.469951,1,Solve_Succeeded,-0.139887003,0.006563630,0.000000000000e+00
36.090000,0.251179107,-0.014011144,0.109792368,-0.000998630,-0.167691737,2.696467,1,Solve_Succeeded,-0.140069028,0.006518895,2.775557561563e-17
36.100000,0.252260556,-0.014020366,0.108391975,-0.000933718,-0.167691737,2.696467,1,Solve_Succeeded,-0.140069028,0.006518895,2.775557561563e-17
36.110000,0.253327998,-0.014028963,0.106991437,-0.000870732,-0.167882350,2.619633,1,Solve_Succeeded,-0.140225590,0.006473263,2.775557561563e-17
36.120000,0.254381419,-0.014036911,0.105589438,-0.000806228,-0.167882350,2.619633,1,Solve_Succeeded,-0.140225590,0.006473263,2.775557561563e-17
36.130000,0.255420817,-0.014044234,0.104187313,-0.000743388,-0.168042598,3.336029,1,Solve_Succeeded,-0.140356804,0.006426746,2.775557561563e-17
36.140000,0.256446181,-0.014050914,0.102783960,-0.000679301,-0.168042598,3.336029,1,Solve_Succeeded,-0.140356804,0.006426746,2.775557561563e-17
36.150000,0.257457509,-0.014056970,0.101380502,-0.000616617,-0.168172620,3.057162,1,Solve_Succeeded,-0.140462786,0.006379359,0.000000000000e+00
36.160000,0.258454791,-0.014062387,0.099976048,-0.000552957,-0.168172620,3.057162,1,Solve_Succeeded,-0.140462786,0.006379359,0.000000000000e+00
36.170000,0.259438027,-0.014067181,0.098571510,-0.000490439,-0.168272560,2.515063,1,Solve_Succeeded,-0.140543658,0.006331114,2.775557561563e-17
36.180000,0.260407210,-0.014071341,0.097166206,-0.000427214,-0.168272560,2.515063,1,Solve_Succeeded,-0.140543658,0.006331114,2.775557561563e-17
36.190000,0.261362338,-0.014074880,0.095760837,-0.000364872,-0.168342568,2.622380,1,Solve_Succeeded,-0.140599543,0.006282024,1.734723475977e-18
36.200000,0.262303406,-0.014077790,0.094354934,-0.000302090,-0.168342568,2.622380,1,Solve_Succeeded,-0.140599543,0.006282024,1.734723475977e-18
36.210000,0.263230415,-0.014080080,0.092948986,-0.000239935,-0.168382796,2.458271,1,Solve_Succeeded,-0.140630571,0.006232103,2.775557561563e-17
36.220000,0.264143361,-0.014081746,0.091542732,-0.000177606,-0.168382796,2.458271,1,Solve_Succeeded,-0.140630571,0.006232103,2.775557561563e-17
36.230000,0.265042243,-0.014082793,0.090136453,-0.000115646,-0.168393402,2.548990,1,Solve_Succeeded,-0.140636872,0.006181364,2.775557561563e-17
36.240000,0.265927063,-0.014083222,0.088730096,-0.000053778,-0.168393402,2.548990,1,Solve_Succeeded,-0.140636872,0.006181364,2.775557561563e-17
36.250000,0.266797818,-0.014083033,0.087323732,0.000007976,-0.168374547,2.466282,1,Solve_Succeeded,-0.140618583,0.006129820,2.775557561563e-17
36.260000,0.267654512,-0.014082231,0.085917518,0.000069375,-0.168374547,2.466282,1,Solve_Succeeded,-0.140618583,0.006129820,2.775557561563e-17
36.270000,0.268497143,-0.014080813,0.084511317,0.000130913,-0.168326399,2.477969,1,Solve_Succeeded,-0.140575843,0.006077485,2.775557561563e-17
36.280000,0.269325717,-0.014078787,0.083105491,0.000191835,-0.168326399,2.477969,1,Solve_Succeeded,-0.140575843,0.006077485,2.775557561563e-17
36.290000,0.270140234,-0.014076148,0.081699696,0.000253148,-0.168249127,2.742687,1,Solve_Succeeded,-0.140508794,0.006024373,0.000000000000e+00
36.300000,0.270940699,-0.014072905,0.080294501,0.000313585,-0.168249127,2.742687,1,Solve_Succeeded,-0.140508794,0.006024373,0.000000000000e+00
36.310000,0.271727113,-0.014069051,0.078889357,0.000374663,-0.168142905,3.171281,1,Solve_Succeeded,-0.140417583,0.005970497,2.775557561563e-17
36.320000,0.272499485,-0.014064599,0.077485034,0.000434607,-0.168142905,3.171281,1,Solve_Succeeded,-0.140417583,0.005970497,2.775557561563e-17
36.330000,0.273257815,-0.014059537,0.076080782,0.000495440,-0.168007913,2.912705,1,Solve_Succeeded,-0.140302359,0.005915871,2.775557561563e-17
36.340000,0.274002114,-0.014053883,0.074677572,0.000554884,-0.168007913,2.912705,1,Solve_Succeeded,-0.140302359,0.005915871,2.775557561563e-17
36.350000,0.274732382,-0.014047622,0.073274452,0.000615464,-0.167844334,2.767420,1,Solve_Succeeded,-0.140163275,0.005860509,2.775557561563e-17
36.360000,0.275448635,-0.014040774,0.071872594,0.000674398,-0.167844334,2.767420,1,Solve_Succeeded,-0.140163275,0.005860509,2.775557561563e-17
36.370000,0.276150869,-0.014033320,0.070470845,0.000734716,-0.167652353,2.569467,1,Solve_Succeeded,-0.140000488,0.005804425,0.000000000000e+00
36.380000,0.276839104,-0.014025286,0.069070577,0.000793134,-0.167652353,2.569467,1,Solve_Succeeded,-0.140000488,0.005804425,0.000000000000e+00
36.390000,0.277513338,-0.014016648,0.067670435,0.000853180,-0.167432163,2.586990,1,Solve_Succeeded,-0.139814156,0.005747632,0.000000000000e+00
36.400000,0.278173590,-0.014007435,0.066271992,0.000911075,-0.167432163,2.586990,1,Solve_Succeeded,-0.139814156,0.005747632,0.000000000000e+00
36.410000,0.278819859,-0.013997621,0.064873694,0.000970839,-0.167183956,2.433287,1,Solve_Succeeded,-0.139604444,0.005690145,2.775557561563e-17
36.420000,0.279452168,-0.013987238,0.063477310,0.001028204,-0.167183956,2.433287,1,Solve_Succeeded,-0.139604444,0.005690145,2.775557561563e-17
36.430000,0.280070515,-0.013976256,0.062081090,0.001087678,-0.166907933,2.554097,1,Solve_Succeeded,-0.139371516,0.005631978,2.775557561563e-17
36.440000,0.280674925,-0.013964711,0.060686997,0.001144505,-0.166907933,2.554097,1,Solve_Succeeded,-0.139371516,0.005631978,2.775557561563e-17
36.450000,0.281265396,-0.013952570,0.059293086,0.001203681,-0.166604294,2.428716,1,Solve_Succeeded,-0.139115543,0.005573144,0.000000000000e+00
36.460000,0.281841955,-0.013939871,0.057901516,0.001259963,-0.166604294,2.428716,1,Solve_Succeeded,-0.139115543,0.005573144,0.000000000000e+00
36.470000,0.282404601,-0.013926578,0.056510146,0.001318832,-0.166273246,3.107840,1,Solve_Succeeded,-0.138836696,0.005513658,2.775557561563e-17
36.480000,0.282953364,-0.013912735,0.055121327,0.001374562,-0.166273246,3.107840,1,Solve_Succeeded,-0.138836696,0.005513658,2.775557561563e-17
36.490000,0.283488240,-0.013898300,0.053732726,0.001433115,-0.165915000,2.887492,1,Solve_Succeeded,-0.138535151,0.005453534,1.734723475977e-18
36.500000,0.284009264,-0.013883320,0.052346885,0.001488286,-0.165915000,2.887492,1,Solve_Succeeded,-0.138535151,0.005453534,1.734723475977e-18
36.510000,0.284516431,-0.013867752,0.050961281,0.001546515,-0.165529767,2.433586,1,Solve_Succeeded,-0.138211087,0.005392786,0.000000000000e+00
36.520000,0.285009778,-0.013851644,0.049578644,0.001601121,-0.165529767,2.433586,1,Solve_Succeeded,-0.138211087,0.005392786,0.000000000000e+00
36.530000,0.285489301,-0.013834952,0.048196261,0.001659017,-0.165117764,2.526203,1,Solve_Succeeded,-0.137864685,0.005331429,0.000000000000e+00
36.540000,0.285955038,-0.013817726,0.046817052,0.001713052,-0.165117764,2.526203,1,Solve_Succeeded,-0.137864685,0.005331429,0.000000000000e+00
36.550000,0.286406985,-0.013799919,0.045438115,0.001770606,-0.164679213,2.818895,1,Solve_Succeeded,-0.137496128,0.005269476,1.734723475977e-18
36.560000,0.286845183,-0.013781584,0.044062555,0.001824063,-0.164679213,2.818895,1,Solve_Succeeded,-0.137496128,0.005269476,1.734723475977e-18
36.570000,0.287269629,-0.013762670,0.042687285,0.001881268,-0.164214337,2.825855,1,Solve_Succeeded,-0.137105605,0.005206942,5.551115123126e-17
36.580000,0.287680365,-0.013743235,0.041315595,0.001934142,-0.164214337,2.825855,1,Solve_Succeeded,-0.137105605,0.005206942,5.551115123126e-17
36.590000,0.288077387,-0.013723225,0.039944211,0.001990989,-0.163723362,3.778432,1,Solve_Succeeded,-0.136693306,0.005143842,0.000000000000e+00
36.600000,0.288460739,-0.013702700,0.038576609,0.002043273,-0.163723362,3.778432,1,Solve_Succeeded,-0.136693306,0.005143842,0.000000000000e+00
36.610000,0.288830420,-0.013681603,0.037209330,0.002099755,-0.163206520,2.841759,1,Solve_Succeeded,-0.136259422,0.005080189,2.775557561563e-17
36.620000,0.289186474,-0.013659997,0.035846031,0.002151443,-0.163206520,2.841759,1,Solve_Succeeded,-0.136259422,0.005080189,2.775557561563e-17
36.630000,0.289528900,-0.013637823,0.034483073,0.002207551,-0.162664044,2.694588,1,Solve_Succeeded,-0.135804150,0.005015998,2.775557561563e-17
36.640000,0.289857745,-0.013615146,0.033124292,0.002258637,-0.162664044,2.694588,1,Solve_Succeeded,-0.135804150,0.005015998,2.775557561563e-17
36.650000,0.290173006,-0.013591904,0.031765868,0.002314365,-0.162096171,2.454523,1,Solve_Succeeded,-0.135327687,0.004951283,2.775557561563e-17
36.660000,0.290474735,-0.013568167,0.030411818,0.002364844,-0.162096171,2.454523,1,Solve_Succeeded,-0.135327687,0.004951283,2.775557561563e-17
36.670000,0.290762928,-0.013543867,0.029058141,0.002420183,-0.161503141,2.473847,1,Solve_Succeeded,-0.134830235,0.004886059,1.734723475977e-18
36.680000,0.291037637,-0.013519079,0.027709031,0.002470049,-0.161503141,2.473847,1,Solve_Succeeded,-0.134830235,0.004886059,1.734723475977e-18
36.690000,0.291298860,-0.013493732,0.026360311,0.002524992,-0.160885197,2.457230,1,Solve_Succeeded,-0.134311997,0.004820339,2.775557561563e-17
36.700000,0.291546652,-0.013467902,0.025016349,0.002574240,-0.160885197,2.457230,1,Solve_Succeeded,-0.134311997,0.004820339,2.775557561563e-17
36.710000,0.291781009,-0.013441518,0.023672794,0.002628779,-0.160242585,2.405834,1,Solve_Succeeded,-0.133773178,0.004754140,2.775557561563e-17
36.720000,0.292001988,-0.013414659,0.022334187,0.002677404,-0.160242585,2.405834,1,Solve_Succeeded,-0.133773178,0.004754140,2.775557561563e-17
36.730000,0.292209587,-0.013387248,0.020996003,0.002731532,-0.159575555,2.465047,1,Solve_Succeeded,-0.133213987,0.004687474,2.775557561563e-17
36.740000,0.292403864,-0.013359368,0.019662955,0.002779529,-0.159575555,2.465047,1,Solve_Succeeded,-0.133213987,0.004687474,2.775557561563e-17
36.750000,0.292584816,-0.013330941,0.018330346,0.002833239,-0.158884358,2.564893,1,Solve_Succeeded,-0.132634634,0.004620356,0.000000000000e+00
36.760000,0.292752504,-0.013302051,0.017003059,0.002880602,-0.158884358,2.564893,1,Solve_Succeeded,-0.132634634,0.004620356,0.000000000000e+00
36.770000,0.292906925,-0.013272618,0.015676226,0.002933887,-0.158169249,3.409280,1,Solve_Succeeded,-0.132035333,0.004552801,2.775557561563e-17
36.780000,0.293048142,-0.013242729,0.014354899,0.002980612,-0.158169249,3.409280,1,Solve_Succeeded,-0.132035333,0.004552801,2.775557561563e-17
36.790000,0.293176152,-0.013212302,0.013034042,0.003033465,-0.157430486,2.851600,1,Solve_Succeeded,-0.131416300,0.004484824,2.775557561563e-17
36.800000,0.293291020,-0.013181425,0.011718874,0.003079547,-0.157430486,2.851600,1,Solve_Succeeded,-0.131416300,0.004484824,2.775557561563e-17
36.810000,0.293392741,-0.013150013,0.010404191,0.003131961,-0.156668330,3.015242,1,Solve_Succeeded,-0.130777751,0.004416437,8.673617379884e-19
36.820000,0.293481386,-0.013118158,0.009095376,0.003177396,-0.156668330,3.015242,1,Solve_Succeeded,-0.130777751,0.004416437,8.673617379884e-19
36.830000,0.293556947,-0.013085773,0.007787063,0.003229364,-0.155883042,2.486772,1,Solve_Succeeded,-0.130119906,0.004347657,2.775557561563e-17
36.840000,0.293619497,-0.013052953,0.006484795,0.003274148,-0.155883042,2.486772,1,Solve_Succeeded,-0.130119906,0.004347657,2.775557561563e-17
36.850000,0.293669030,-0.013019605,0.005183043,0.003325663,-0.155074889,2.555196,1,Solve_Succeeded,-0.129442988,0.004278496,2.775557561563e-17
36.860000,0.293705619,-0.012985829,0.003887514,0.003369792,-0.155074889,2.555196,1,Solve_Succeeded,-0.129442988,0.004278496,2.775557561563e-17
36.870000,0.293729259,-0.012951531,0.002592515,0.003420848,-0.154244139,2.492304,1,Solve_Succeeded,-0.128747221,0.004208971,2.775557561563e-17
36.880000,0.293740024,-0.012916811,0.001303913,0.003464316,-0.154244139,2.492304,1,Solve_Succeeded,-0.128747221,0.004208971,2.775557561563e-17
36.890000,0.293737910,-0.012881572,0.000015856,0.003514908,-0.153391062,2.550843,1,Solve_Succeeded,-0.128032831,0.004139094,2.775557561563e-17
36.900000,0.293722992,-0.012845920,-0.001265633,0.003557712,-0.153391062,2.550843,1,Solve_Succeeded,-0.128032831,0.004139094,2.775557561563e-17
36.910000,0.293695266,-0.012809753,-0.002546561,0.003607832,-0.152515932,2.517688,1,Solve_Succeeded,-0.127300045,0.004068880,8.673617379884e-19
36.920000,0.293654810,-0.012773179,-0.003820752,0.003649969,-0.152515932,2.517688,1,Solve_Succeeded,-0.127300045,0.004068880,8.673617379884e-19
36.930000,0.293601619,-0.012736095,-0.005094368,0.003699611,-0.151619023,3.163468,1,Solve_Succeeded,-0.126549095,0.003998344,0.000000000000e+00
36.940000,0.293535773,-0.012698611,-0.006361079,0.003741077,-0.151619023,3.163468,1,Solve_Succeeded,-0.126549095,0.003998344,0.000000000000e+00
36.950000,0.293457266,-0.012660622,-0.007627201,0.003790235,-0.150700613,2.556063,1,Solve_Succeeded,-0.125780212,0.003927500,2.775557561563e-17
36.960000,0.293366182,-0.012622240,-0.008886252,0.003831026,-0.150700613,2.556063,1,Solve_Succeeded,-0.125780212,0.003927500,2.775557561563e-17
36.970000,0.293262514,-0.012583357,-0.010144700,0.003879694,-0.149760982,2.451487,1,Solve_Succeeded,-0.124993631,0.003856362,0.000000000000e+00
36.980000,0.293146347,-0.012544088,-0.011395915,0.003919808,-0.149760982,2.451487,1,Solve_Succeeded,-0.124993631,0.003856362,0.000000000000e+00
36.990000,0.293017675,-0.012504323,-0.012646511,0.003967981,-0.148800412,2.608315,1,Solve_Succeeded,-0.124189586,0.003784944,8.673617379884e-19
37.000000,0.292876584,-0.012464180,-0.013889714,0.004007412,-0.148800412,2.608315,1,Solve_Succeeded,-0.124189586,0.003784944,8.673617379884e-19
37.010000,0.292723068,-0.012423545,-0.015132285,0.004055084,-0.147819187,2.472937,1,Solve_Succeeded,-0.123368315,0.003713260,0.000000000000e+00
37.020000,0.292557216,-0.012382538,-0.016367303,0.004093832,-0.147819187,2.472937,1,Solve_Succeeded,-0.123368315,0.003713260,0.000000000000e+00
37.030000,0.292379021,-0.012341045,-0.017601676,0.004140997,-0.146817593,2.532066,1,Solve_Succeeded,-0.122530057,0.003641326,2.775557561563e-17
37.040000,0.292188573,-0.012299187,-0.018828339,0.004179057,-0.146817593,2.532066,1,Solve_Succeeded,-0.122530057,0.003641326,2.775557561563e-17
37.050000,0.291985866,-0.012256848,-0.020054343,0.004225710,-0.145795918,2.537160,1,Solve_Succeeded,-0.121675053,0.003569153,0.000000000000e+00
37.060000,0.291770991,-0.012214151,-0.021272483,0.004263079,-0.145795918,2.537160,1,Solve_Succeeded,-0.121675053,0.003569153,0.000000000000e+00
37.070000,0.291543943,-0.012170977,-0.022489952,0.004309215,-0.144754451,3.097089,1,Solve_Succeeded,-0.120803546,0.003496758,8.673617379884e-19
37.080000,0.291304815,-0.012127454,-0.023699404,0.004345892,-0.144754451,3.097089,1,Solve_Succeeded,-0.120803546,0.003496758,8.673617379884e-19
37.090000,0.291053600,-0.012083458,-0.024908171,0.004391505,-0.143693486,2.775383,1,Solve_Succeeded,-0.119915779,0.003424153,1.734723475977e-18
37.100000,0.290790393,-0.012039120,-0.026108772,0.004427486,-0.143693486,2.775383,1,Solve_Succeeded,-0.119915779,0.003424153,1.734723475977e-18
37.110000,0.290515189,-0.011994315,-0.027308675,0.004472572,-0.142613315,3.057066,1,Solve_Succeeded,-0.119011997,0.003351353,2.775557561563e-17
37.120000,0.290228084,-0.011949174,-0.028500264,0.004507855,-0.142613315,3.057066,1,Solve_Succeeded,-0.119011997,0.003351353,2.775557561563e-17
37.130000,0.289929071,-0.011903571,-0.029691143,0.004552408,-0.141514234,2.561141,1,Solve_Succeeded,-0.118092447,0.003278372,8.673617379884e-19
37.140000,0.289618249,-0.011857640,-0.030873562,0.004586991,-0.141514234,2.561141,1,Solve_Succeeded,-0.118092447,0.003278372,8.673617379884e-19
37.150000,0.289295611,-0.011811252,-0.032055259,0.004631007,-0.140396539,2.636481,1,Solve_Succeeded,-0.117157378,0.003205224,0.000000000000e+00
37.160000,0.288961257,-0.011764544,-0.033228353,0.004664887,-0.140396539,2.636481,1,Solve_Succeeded,-0.117157378,0.003205224,0.000000000000e+00
37.170000,0.288615181,-0.011717383,-0.034400712,0.004708361,-0.139260529,2.691184,1,Solve_Succeeded,-0.116207039,0.003131921,2.775557561563e-17
37.180000,0.288257484,-0.011669910,-0.035564327,0.004741537,-0.139260529,2.691184,1,Solve_Succeeded,-0.116207039,0.003131921,2.775557561563e-17
37.190000,0.287888160,-0.011621989,-0.036727196,0.004784464,-0.138106505,2.480801,1,Solve_Succeeded,-0.115241681,0.003058479,0.000000000000e+00
37.200000,0.287507312,-0.011573762,-0.037881182,0.004816934,-0.138106505,2.480801,1,Solve_Succeeded,-0.115241681,0.003058479,0.000000000000e+00
37.210000,0.287114933,-0.011525095,-0.039034409,0.004859310,-0.136934767,2.551688,1,Solve_Succeeded,-0.114261555,0.002984911,8.673617379884e-19
37.220000,0.286711127,-0.011476128,-0.040178618,0.004891072,-0.136934767,2.551688,1,Solve_Succeeded,-0.114261555,0.002984911,8.673617379884e-19
37.230000,0.286295889,-0.011426725,-0.041322057,0.004932892,-0.135745619,2.457269,1,Solve_Succeeded,-0.113266915,0.002911230,2.775557561563e-17
37.240000,0.285869324,-0.011377031,-0.042456343,0.004963945,-0.135745619,2.457269,1,Solve_Succeeded,-0.113266915,0.002911230,2.775557561563e-17
37.250000,0.285431425,-0.011326906,-0.043589848,0.005005205,-0.134539364,2.480735,1,Solve_Succeeded,-0.112258015,0.002837451,8.673617379884e-19
37.260000,0.284982300,-0.011276497,-0.044714068,0.005035547,-0.134539364,2.480735,1,Solve_Succeeded,-0.112258015,0.002837451,8.673617379884e-19
37.270000,0.284521943,-0.011225663,-0.045837495,0.005076244,-0.133316310,2.524071,1,Solve_Succeeded,-0.111235110,0.002763586,2.775557561563e-17
37.280000,0.284050462,-0.011174552,-0.046951510,0.005105873,-0.133316310,2.524071,1,Solve_Succeeded,-0.111235110,0.002763586,2.775557561563e-17
37.290000,0.283567850,-0.011123021,-0.048064720,0.005146002,-0.132076762,2.441510,1,Solve_Succeeded,-0.110198457,0.002689649,2.775557561563e-17
37.300000,0.283074219,-0.011071221,-0.049168390,0.005174918,-0.132076762,2.441510,1,Solve_Succeeded,-0.110198457,0.002689649,2.775557561563e-17
37.310000,0.282569560,-0.011019006,-0.050271245,0.005214475,-0.130821028,2.655700,1,Solve_Succeeded,-0.109148313,0.002615654,2.775557561563e-17
37.320000,0.282053987,-0.010966530,-0.051364436,0.005242676,-0.130821028,2.655700,1,Solve_Succeeded,-0.109148313,0.002615654,2.775557561563e-17
37.330000,0.281527491,-0.010913644,-0.052456801,0.005281659,-0.129549418,2.408485,1,Solve_Succeeded,-0.108084936,0.002541614,2.775557561563e-17
37.340000,0.280990187,-0.010860504,-0.053539379,0.005309144,-0.129549418,2.408485,1,Solve_Succeeded,-0.108084936,0.002541614,2.775557561563e-17
37.350000,0.280442066,-0.010806961,-0.054621122,0.005347547,-0.128262241,2.494224,1,Solve_Succeeded,-0.107008586,0.002467541,2.775557561563e-17
37.360000,0.279883245,-0.010753171,-0.055692957,0.005374316,-0.128262241,2.494224,1,Solve_Succeeded,-0.107008586,0.002467541,2.775557561563e-17
37.370000,0.279313716,-0.010698983,-0.056763947,0.005412137,-0.126959809,2.549839,1,Solve_Succeeded,-0.105919522,0.002393450,2.775557561563e-17
37.380000,0.278733594,-0.010644555,-0.057824913,0.005438189,-0.126959809,2.549839,1,Solve_Succeeded,-0.105919522,0.002393450,2.775557561563e-17
37.390000,0.278142873,-0.010589735,-0.058885023,0.005475424,-0.125642434,2.490992,1,Solve_Succeeded,-0.104818005,0.002319354,2.775557561563e-17
37.400000,0.277541671,-0.010534682,-0.059934994,0.005500758,-0.125642434,2.490992,1,Solve_Succeeded,-0.104818005,0.002319354,2.775557561563e-17
37.410000,0.276929978,-0.010479244,-0.060984100,0.005537405,-0.124310429,2.514571,1,Solve_Succeeded,-0.103704297,0.002245264,8.673617379884e-19
37.420000,0.276307915,-0.010423580,-0.062022954,0.005562021,-0.124310429,2.514571,1,Solve_Succeeded,-0.103704297,0.002245264,8.673617379884e-19
37.430000,0.275675474,-0.010367536,-0.063060932,0.005598076,-0.122964107,2.818930,1,Solve_Succeeded,-0.102578659,0.002171196,8.673617379884e-19
37.440000,0.275032776,-0.010311274,-0.064088549,0.005621973,-0.122964107,2.818930,1,Solve_Succeeded,-0.102578659,0.002171196,8.673617379884e-19
37.450000,0.274379811,-0.010254637,-0.065115281,0.005657433,-0.121603782,2.796776,1,Solve_Succeeded,-0.101441354,0.002097160,1.387778780781e-17
37.460000,0.273716702,-0.010197790,-0.066131544,0.005680612,-0.121603782,2.796776,1,Solve_Succeeded,-0.101441354,0.002097160,1.387778780781e-17
37.470000,0.273043441,-0.010140574,-0.067146913,0.005715473,-0.120229771,2.581348,1,Solve_Succeeded,-0.100292646,0.002023171,0.000000000000e+00
37.480000,0.272360151,-0.010083155,-0.068151707,0.005737934,-0.120229771,2.581348,1,Solve_Succeeded,-0.100292646,0.002023171,0.000000000000e+00
37.490000,0.271666823,-0.010025372,-0.069155599,0.005772195,-0.118842389,2.572457,1,Solve_Succeeded,-0.099132798,0.001949240,8.673617379884e-19
37.500000,0.270963582,-0.009967394,-0.070148813,0.005793937,-0.118842389,2.572457,1,Solve_Succeeded,-0.099132798,0.001949240,8.673617379884e-19
37.510000,0.270250420,-0.009909059,-0.071141115,0.005827595,-0.117441952,2.477494,1,Solve_Succeeded,-0.097962074,0.001875380,1.387778780781e-17
37.520000,0.269527462,-0.009850536,-0.072122639,0.005848618,-0.117441952,2.477494,1,Solve_Succeeded,-0.097962074,0.001875380,1.387778780781e-17
37.530000,0.268794699,-0.009791661,-0.073103244,0.005881670,-0.116028776,2.670548,1,Solve_Succeeded,-0.096780740,0.001801605,8.673617379884e-19
37.540000,0.268052258,-0.009732605,-0.074072972,0.005901976,-0.116028776,2.670548,1,Solve_Succeeded,-0.096780740,0.001801605,8.673617379884e-19
37.550000,0.267300130,-0.009673204,-0.075041772,0.005934420,-0.114603180,2.561822,1,Solve_Succeeded,-0.095589059,0.001727925,1.387778780781e-17
37.560000,0.266538444,-0.009613629,-0.075999600,0.005954008,-0.114603180,2.561822,1,Solve_Succeeded,-0.095589059,0.001727925,1.387778780781e-17
37.570000,0.265767190,-0.009553715,-0.076956492,0.005985842,-0.113165481,2.599555,1,Solve_Succeeded,-0.094387298,0.001654355,1.387778780781e-17
37.580000,0.264986498,-0.009493634,-0.077902319,0.006004713,-0.113165481,2.599555,1,Solve_Succeeded,-0.094387298,0.001654355,1.387778780781e-17
37.590000,0.264196359,-0.009433220,-0.078847202,0.006035934,-0.111715996,2.689576,1,Solve_Succeeded,-0.093175723,0.001580905,0.000000000000e+00
37.600000,0.263396902,-0.009372647,-0.079780929,0.006054089,-0.111715996,2.689576,1,Solve_Succeeded,-0.093175723,0.001580905,0.000000000000e+00
37.610000,0.262588119,-0.009311746,-0.080713704,0.006084695,-0.110255045,3.879874,1,Solve_Succeeded,-0.091954598,0.001507588,1.387778780781e-17
37.620000,0.261770140,-0.009250694,-0.081635236,0.006102135,-0.110255045,3.879874,1,Solve_Succeeded,-0.091954598,0.001507588,1.387778780781e-17
37.630000,0.260942957,-0.009189319,-0.082555808,0.006132125,-0.108782946,2.623941,1,Solve_Succeeded,-0.090724190,0.001434417,0.000000000000e+00
37.640000,0.260106702,-0.009127801,-0.083465051,0.006148850,-0.108782946,2.623941,1,Solve_Succeeded,-0.090724190,0.001434417,0.000000000000e+00
37.650000,0.259261366,-0.009065967,-0.084373327,0.006178222,-0.107300017,2.422107,1,Solve_Succeeded,-0.089484765,0.001361402,1.387778780781e-17
37.660000,0.258407082,-0.009003997,-0.085270190,0.006194234,-0.107300017,2.422107,1,Solve_Succeeded,-0.089484765,0.001361402,1.387778780781e-17
37.670000,0.257543840,-0.008941716,-0.086166079,0.006222985,-0.105806577,2.479880,1,Solve_Succeeded,-0.088236590,0.001288557,0.000000000000e+00
37.680000,0.256671774,-0.008879306,-0.087050475,0.006238285,-0.105806577,2.479880,1,Solve_Succeeded,-0.088236590,0.001288557,0.000000000000e+00
37.690000,0.255790876,-0.008816593,-0.087933889,0.006266415,-0.104302945,2.577827,1,Solve_Succeeded,-0.086979930,0.001215892,1.387778780781e-17
37.700000,0.254901281,-0.008753757,-0.088805733,0.006281004,-0.104302945,2.577827,1,Solve_Succeeded,-0.086979930,0.001215892,1.387778780781e-17
37.710000,0.254002978,-0.008690623,-0.089676588,0.006308511,-0.102789440,2.405388,1,Solve_Succeeded,-0.085715053,0.001143419,8.673617379884e-19
37.720000,0.253096104,-0.008627375,-0.090535795,0.006322391,-0.102789440,2.405388,1,Solve_Succeeded,-0.085715053,0.001143419,8.673617379884e-19
37.730000,0.252180649,-0.008563835,-0.091394009,0.006349274,-0.101266380,2.487798,1,Solve_Succeeded,-0.084442223,0.001071151,1.387778780781e-17
37.740000,0.251256750,-0.008500187,-0.092240501,0.006362445,-0.101266380,2.487798,1,Solve_Succeeded,-0.084442223,0.001071151,1.387778780781e-17
37.750000,0.250324398,-0.008436254,-0.093085993,0.006388703,-0.099734085,2.413180,1,Solve_Succeeded,-0.083161708,0.000999098,1.387778780781e-17
37.760000,0.249383730,-0.008372220,-0.093919693,0.006401168,-0.099734085,2.413180,1,Solve_Succeeded,-0.083161708,0.000999098,1.387778780781e-17
37.770000,0.248434737,-0.008307907,-0.094752385,0.006426799,-0.098192872,2.635660,1,Solve_Succeeded,-0.081873773,0.000927272,2.775557561563e-17
37.780000,0.247477556,-0.008243500,-0.095573218,0.006438559,-0.098192872,2.635660,1,Solve_Succeeded,-0.081873773,0.000927272,2.775557561563e-17
37.790000,0.246512179,-0.008178821,-0.096393038,0.006463563,-0.096643060,3.006191,1,Solve_Succeeded,-0.080578684,0.000855683,1.387778780781e-17
37.800000,0.245538744,-0.008114055,-0.097200931,0.006474621,-0.096643060,3.006191,1,Solve_Succeeded,-0.080578684,0.000855683,1.387778780781e-17
37.810000,0.244557242,-0.008049022,-0.098007806,0.006498996,-0.095084967,2.499388,1,Solve_Succeeded,-0.079276706,0.000784344,1.387778780781e-17
37.820000,0.243567812,-0.007983910,-0.098802691,0.006509353,-0.095084967,2.499388,1,Solve_Succeeded,-0.079276706,0.000784344,1.387778780781e-17
37.830000,0.242570446,-0.007918537,-0.099596552,0.006533099,-0.093518911,2.818195,1,Solve_Succeeded,-0.077968105,0.000713265,1.387778780781e-17
37.840000,0.241565283,-0.007853093,-0.100378362,0.006542758,-0.093518911,2.818195,1,Solve_Succeeded,-0.077968105,0.000713265,1.387778780781e-17
37.850000,0.240552313,-0.007787393,-0.101159142,0.006565874,-0.091945208,2.861479,1,Solve_Succeeded,-0.076653146,0.000642457,1.387778780781e-17
37.860000,0.239531679,-0.007721629,-0.101927813,0.006574836,-0.091945208,2.861479,1,Solve_Succeeded,-0.076653146,0.000642457,1.387778780781e-17
37.870000,0.238503370,-0.007655616,-0.102695449,0.006597322,-0.090364176,2.581765,1,Solve_Succeeded,-0.075332093,0.000571931,0.000000000000e+00
37.880000,0.237467527,-0.007589545,-0.103450919,0.006605590,-0.090364176,2.581765,1,Solve_Succeeded,-0.075332093,0.000571931,0.000000000000e+00
37.890000,0.236424142,-0.007523232,-0.104205350,0.006627446,-0.088776131,2.397590,1,Solve_Succeeded,-0.074005210,0.000501698,8.673617379884e-19
37.900000,0.235373357,-0.007456869,-0.104947560,0.006635022,-0.088776131,2.397590,1,Solve_Succeeded,-0.074005210,0.000501698,8.673617379884e-19
37.910000,0.234315162,-0.007390269,-0.105688727,0.006656247,-0.087181388,2.561853,1,Solve_Succeeded,-0.072672761,0.000431767,8.673617379884e-19
37.920000,0.233249699,-0.007323625,-0.106417622,0.006663134,-0.087181388,2.561853,1,Solve_Succeeded,-0.072672761,0.000431767,8.673617379884e-19
37.930000,0.232176960,-0.007256752,-0.107145469,0.006683727,-0.085580263,2.813680,1,Solve_Succeeded,-0.071335009,0.000362150,1.387778780781e-17
37.940000,0.231097088,-0.007189842,-0.107860996,0.006689929,-0.085580263,2.813680,1,Solve_Succeeded,-0.071335009,0.000362150,1.387778780781e-17
37.950000,0.230010072,-0.007122707,-0.108575470,0.006709890,-0.083973071,2.631036,1,Solve_Succeeded,-0.069992217,0.000292857,1.387778780781e-17
37.960000,0.228916057,-0.007055544,-0.109277576,0.006715408,-0.083973071,2.631036,1,Solve_Succeeded,-0.069992217,0.000292857,1.387778780781e-17
37.970000,0.227815034,-0.006988162,-0.109978627,0.006734738,-0.082360124,2.508631,1,Solve_Succeeded,-0.068644647,0.000223899,8.673617379884e-19
37.980000,0.226707146,-0.006920758,-0.110667266,0.006739575,-0.082360124,2.508631,1,Solve_Succeeded,-0.068644647,0.000223899,8.673617379884e-19
37.990000,0.225592384,-0.006853142,-0.111354844,0.006758275,-0.080741737,2.438666,1,Solve_Succeeded,-0.067292560,0.000155284,8.673617379884e-19
38.000000,0.224470893,-0.006785510,-0.112029970,0.006762434,-0.080741737,2.438666,1,Solve_Succeeded,-0.067292560,0.000155284,8.673617379884e-19
38.010000,0.223342663,-0.006717673,-0.112704031,0.006780502,-0.079118221,2.452670,1,Solve_Succeeded,-0.065936217,0.000087024,0.000000000000e+00
38.020000,0.222207840,-0.006649827,-0.113365600,0.006783986,-0.079118221,2.452670,1,Solve_Succeeded,-0.065936217,0.000087024,0.000000000000e+00
38.030000,0.221066413,-0.006581782,-0.114026102,0.006801425,-0.077489887,2.554922,1,Solve_Succeeded,-0.064575878,0.000019128,1.387778780781e-17
38.040000,0.219918529,-0.006513735,-0.114674074,0.006804237,-0.077489887,2.554922,1,Solve_Succeeded,-0.064575878,0.000019128,1.387778780781e-17
38.050000,0.218764178,-0.006445495,-0.115320976,0.006821045,-0.075857048,2.508164,1,Solve_Succeeded,-0.063211802,-0.000048394,0.000000000000e+00
38.060000,0.217603505,-0.006377259,-0.115955313,0.006823189,-0.075857048,2.508164,1,Solve_Succeeded,-0.063211802,-0.000048394,0.000000000000e+00
38.070000,0.216436502,-0.006308837,-0.116588577,0.006839368,-0.074220011,2.569267,1,Solve_Succeeded,-0.061844247,-0.000115533,4.336808689942e-19
38.080000,0.215263314,-0.006240426,-0.117209245,0.006840847,-0.074220011,2.569267,1,Solve_Succeeded,-0.061844247,-0.000115533,4.336808689942e-19
38.090000,0.214083932,-0.006171835,-0.117828836,0.006856397,-0.072579086,2.449156,1,Solve_Succeeded,-0.060473472,-0.000182279,0.000000000000e+00
38.100000,0.212898503,-0.006103261,-0.118435801,0.006857214,-0.072579086,2.449156,1,Solve_Succeeded,-0.060473472,-0.000182279,0.000000000000e+00
38.110000,0.211707017,-0.006034513,-0.119041688,0.006872136,-0.070934580,2.507453,1,Solve_Succeeded,-0.059099733,-0.000248622,0.000000000000e+00
38.120000,0.210509621,-0.005965790,-0.119634920,0.006872295,-0.070934580,2.507453,1,Solve_Succeeded,-0.059099733,-0.000248622,0.000000000000e+00
38.130000,0.209306305,-0.005896899,-0.120227072,0.006886590,-0.069286799,3.119463,1,Solve_Succeeded,-0.057723286,-0.000314554,1.387778780781e-17
38.140000,0.208097217,-0.005828039,-0.120806544,0.006886095,-0.069286799,3.119463,1,Solve_Succeeded,-0.057723286,-0.000314554,1.387778780781e-17
38.150000,0.206882347,-0.005759017,-0.121384934,0.006899764,-0.067636049,2.853922,1,Solve_Succeeded,-0.056344385,-0.000380065,8.673617379884e-19
38.160000,0.205661843,-0.005690033,-0.121950621,0.006898618,-0.067636049,2.853922,1,Solve_Succeeded,-0.056344385,-0.000380065,8.673617379884e-19
38.170000,0.204435694,-0.005620893,-0.122515224,0.006911662,-0.065982634,2.471163,1,Solve_Succeeded,-0.054963285,-0.000445146,1.387778780781e-17
38.180000,0.203204049,-0.005551798,-0.123067104,0.006909869,-0.065982634,2.471163,1,Solve_Succeeded,-0.054963285,-0.000445146,1.387778780781e-17
38.190000,0.201966898,-0.005482553,-0.123617898,0.006922290,-0.064326857,2.567379,1,Solve_Succeeded,-0.053580238,-0.000509789,4.336808689942e-19
38.200000,0.200724389,-0.005413359,-0.124155950,0.006919854,-0.064326857,2.567379,1,Solve_Succeeded,-0.053580238,-0.000509789,4.336808689942e-19
38.210000,0.199476512,-0.005344021,-0.124692915,0.006931651,-0.062669020,2.506137,1,Solve_Succeeded,-0.052195497,-0.000573984,1.387778780781e-17
38.220000,0.198223416,-0.005274741,-0.125217123,0.006928576,-0.062669020,2.506137,1,Solve_Succeeded,-0.052195497,-0.000573984,1.387778780781e-17
38.230000,0.196965091,-0.005205324,-0.125740242,0.006939753,-0.061009422,2.864071,1,Solve_Succeeded,-0.050809312,-0.000637723,6.938893903907e-18
38.240000,0.195701684,-0.005135970,-0.126250590,0.006936043,-0.061009422,2.864071,1,Solve_Succeeded,-0.050809312,-0.000637723,6.938893903907e-18
38.250000,0.194433187,-0.005066485,-0.126759849,0.006946601,-0.059348363,2.698772,1,Solve_Succeeded,-0.049421932,-0.000700998,0.000000000000e+00
38.260000,0.193159747,-0.004997070,-0.127256325,0.006942260,-0.059348363,2.698772,1,Solve_Succeeded,-0.049421932,-0.000700998,0.000000000000e+00
38.270000,0.191881356,-0.004927531,-0.127751711,0.006952199,-0.057686140,2.435993,1,Solve_Succeeded,-0.048033606,-0.000763799,6.938893903907e-18
38.280000,0.190598161,-0.004858067,-0.128234306,0.006947232,-0.057686140,2.435993,1,Solve_Succeeded,-0.048033606,-0.000763799,6.938893903907e-18
38.290000,0.189310154,-0.004788485,-0.128715809,0.006956555,-0.056023049,2.458763,1,Solve_Succeeded,-0.046644580,-0.000826120,0.000000000000e+00
38.300000,0.188017481,-0.004718985,-0.129184515,0.006950966,-0.056023049,2.458763,1,Solve_Succeeded,-0.046644580,-0.000826120,0.000000000000e+00
38.310000,0.186720135,-0.004649373,-0.129652128,0.006959674,-0.054359386,3.276898,1,Solve_Succeeded,-0.045255102,-0.000887951,1.387778780781e-17
38.320000,0.185418263,-0.004579850,-0.130106940,0.006953467,-0.054359386,3.276898,1,Solve_Succeeded,-0.045255102,-0.000887951,1.387778780781e-17
38.330000,0.184111856,-0.004510220,-0.130560659,0.006961564,-0.052695442,2.899102,1,Solve_Succeeded,-0.043865415,-0.000949285,4.336808689942e-19
38.340000,0.182801062,-0.004440684,-0.131001574,0.006954743,-0.052695442,2.899102,1,Solve_Succeeded,-0.043865415,-0.000949285,4.336808689942e-19
38.350000,0.181485872,-0.004371049,-0.131441397,0.006962229,-0.051031510,2.916829,1,Solve_Succeeded,-0.042475763,-0.001010115,6.938893903907e-18
38.360000,0.180166434,-0.004301514,-0.131868416,0.006954800,-0.051031510,2.916829,1,Solve_Succeeded,-0.042475763,-0.001010115,6.938893903907e-18
38.370000,0.178842739,-0.004231885,-0.132294341,0.006961677,-0.049367878,2.670680,1,Solve_Succeeded,-0.041086388,-0.001070431,6.938893903907e-18
38.380000,0.177514935,-0.004162363,-0.132707466,0.006953644,-0.049367878,2.670680,1,Solve_Succeeded,-0.041086388,-0.001070431,6.938893903907e-18
38.390000,0.176183013,-0.004092753,-0.133119498,0.006959915,-0.047704837,3.007795,1,Solve_Succeeded,-0.039697530,-0.001130227,0.000000000000e+00
38.400000,0.174847121,-0.004023255,-0.133518733,0.006951283,-0.047704837,3.007795,1,Solve_Succeeded,-0.039697530,-0.001130227,0.000000000000e+00
38.410000,0.173507250,-0.003953675,-0.133916876,0.006956950,-0.046042671,2.727651,1,Solve_Succeeded,-0.038309428,-0.001189495,6.938893903907e-18
38.420000,0.172163548,-0.003884215,-0.134302229,0.006947723,-0.046042671,2.727651,1,Solve_Succeeded,-0.038309428,-0.001189495,6.938893903907e-18
38.430000,0.170816005,-0.003814678,-0.134686490,0.006952788,-0.044381666,3.154768,1,Solve_Succeeded,-0.036922320,-0.001248228,6.938893903907e-18
38.440000,0.169464769,-0.003745265,-0.135057971,0.006942972,-0.044381666,3.154768,1,Solve_Succeeded,-0.036922320,-0.001248228,6.938893903907e-18
38.450000,0.168109832,-0.003675783,-0.135428360,0.006947438,-0.042722104,2.803587,1,Solve_Succeeded,-0.035536442,-0.001306419,0.000000000000e+00
38.460000,0.166751341,-0.003606431,-0.135785980,0.006937037,-0.042722104,2.803587,1,Solve_Succeeded,-0.035536442,-0.001306419,0.000000000000e+00
38.470000,0.165389287,-0.003537015,-0.136142509,0.006940907,-0.041064268,3.162665,1,Solve_Succeeded,-0.034152029,-0.001364060,6.938893903907e-18
38.480000,0.164023817,-0.003467735,-0.136486283,0.006929927,-0.041064268,3.162665,1,Solve_Succeeded,-0.034152029,-0.001364060,6.938893903907e-18
38.490000,0.162654923,-0.003398397,-0.136828967,0.006933202,-0.039408435,2.623726,1,Solve_Succeeded,-0.032769314,-0.001421146,0.000000000000e+00
38.500000,0.161282752,-0.003329201,-0.137158910,0.006921648,-0.039408435,2.623726,1,Solve_Succeeded,-0.032769314,-0.001421146,0.000000000000e+00
38.510000,0.159907294,-0.003259953,-0.137487766,0.006924332,-0.037754884,2.822605,1,Solve_Succeeded,-0.031388528,-0.001477668,0.000000000000e+00
38.520000,0.158528697,-0.003190853,-0.137803898,0.006912208,-0.037754884,2.822605,1,Solve_Succeeded,-0.031388528,-0.001477668,0.000000000000e+00
38.530000,0.157146951,-0.003121706,-0.138118944,0.006914304,-0.036103889,2.774895,1,Solve_Succeeded,-0.030009901,-0.001533620,6.938893903907e-18
38.540000,0.155762205,-0.003052712,-0.138421287,0.006901616,-0.036103889,2.774895,1,Solve_Succeeded,-0.030009901,-0.001533620,6.938893903907e-18
38.550000,0.154374448,-0.002983678,-0.138722545,0.006903126,-0.034455725,3.082376,1,Solve_Succeeded,-0.028633662,-0.001588996,0.000000000000e+00
38.560000,0.152983827,-0.002914803,-0.139011121,0.006889880,-0.034455725,3.082376,1,Solve_Succeeded,-0.028633662,-0.001588996,0.000000000000e+00
38.570000,0.151590334,-0.002845893,-0.139298615,0.006890807,-0.032810663,3.112019,1,Solve_Succeeded,-0.027260037,-0.001643790,0.000000000000e+00
38.580000,0.150194114,-0.002777147,-0.139573451,0.006877008,-0.032810663,3.112019,1,Solve_Succeeded,-0.027260037,-0.001643790,0.000000000000e+00
38.590000,0.148795159,-0.002708373,-0.139847206,0.006877356,-0.031168972,3.199076,1,Solve_Succeeded,-0.025889250,-0.001697995,2.168404344971e-19
38.600000,0.147393615,-0.002639768,-0.140108330,0.006863009,-0.031168972,3.199076,1,Solve_Succeeded,-0.025889250,-0.001697995,2.168404344971e-19
38.610000,0.145989472,-0.002571141,-0.140368375,0.006862780,-0.029530919,3.057410,1,Solve_Succeeded,-0.024521526,-0.001751605,0.000000000000e+00
38.620000,0.144582878,-0.002502688,-0.140615816,0.006847891,-0.029530919,3.057410,1,Solve_Succeeded,-0.024521526,-0.001751605,0.000000000000e+00
38.630000,0.143173821,-0.002434219,-0.140862181,0.006847089,-0.027896771,3.292831,1,Solve_Succeeded,-0.023157084,-0.001804614,0.000000000000e+00
38.640000,0.141762449,-0.002365929,-0.141095973,0.006831664,-0.027896771,3.292831,1,Solve_Succeeded,-0.023157084,-0.001804614,0.000000000000e+00
38.650000,0.140348751,-0.002297629,-0.141328691,0.006830292,-0.026266789,2.809066,1,Solve_Succeeded,-0.021796146,-0.001857016,3.469446951954e-18
38.660000,0.138932874,-0.002229514,-0.141548868,0.006814336,-0.026266789,2.809066,1,Solve_Succeeded,-0.021796146,-0.001857016,3.469446951954e-18
38.670000,0.137514808,-0.002161393,-0.141767973,0.006812397,-0.024641235,2.630391,1,Solve_Succeeded,-0.020438928,-0.001908806,3.469446951954e-18
38.680000,0.136094697,-0.002093463,-0.141974572,0.006795915,-0.024641235,2.630391,1,Solve_Succeeded,-0.020438928,-0.001908806,3.469446951954e-18
38.690000,0.134672534,-0.002025533,-0.142180102,0.006793414,-0.023020368,2.751870,1,Solve_Succeeded,-0.019085646,-0.001959977,3.469446951954e-18
38.700000,0.133248461,-0.001957799,-0.142373161,0.006776413,-0.023020368,2.751870,1,Solve_Succeeded,-0.019085646,-0.001959977,3.469446951954e-18
38.710000,0.131822471,-0.001890071,-0.142565156,0.006773352,-0.021404444,4.396258,1,Solve_Succeeded,-0.017736515,-0.002010526,0.000000000000e+00
38.720000,0.130394707,-0.001822544,-0.142744717,0.006755837,-0.021404444,4.396258,1,Solve_Succeeded,-0.017736515,-0.002010526,0.000000000000e+00
38.730000,0.128965160,-0.001755028,-0.142923216,0.006752221,-0.019793717,2.708663,1,Solve_Succeeded,-0.016391746,-0.002060445,0.000000000000e+00
38.740000,0.127533973,-0.001687718,-0.143089323,0.006734198,-0.019793717,2.708663,1,Solve_Succeeded,-0.016391746,-0.002060445,0.000000000000e+00
38.750000,0.126101138,-0.001620425,-0.143254371,0.006730029,-0.018188438,3.515355,1,Solve_Succeeded,-0.015051549,-0.002109731,0.000000000000e+00
38.760000,0.124666798,-0.001553342,-0.143407068,0.006711505,-0.018188438,3.515355,1,Solve_Succeeded,-0.015051549,-0.002109731,0.000000000000e+00
38.770000,0.123230943,-0.001486283,-0.143558711,0.006706788,-0.016588859,2.560252,1,Solve_Succeeded,-0.013716134,-0.002158378,1.084202172486e-19
38.780000,0.121793717,-0.001419439,-0.143698046,0.006687768,-0.016588859,2.560252,1,Solve_Succeeded,-0.013716134,-0.002158378,1.084202172486e-19
38.790000,0.120355110,-0.001352623,-0.143836330,0.006682506,-0.014995225,2.560635,1,Solve_Succeeded,-0.012385705,-0.002206381,0.000000000000e+00
38.800000,0.118915264,-0.001286027,-0.143962353,0.006662996,-0.014995225,2.560635,1,Solve_Succeeded,-0.012385705,-0.002206381,0.000000000000e+00
38.810000,0.117474170,-0.001219466,-0.144087329,0.006657194,-0.013407782,2.634137,1,Solve_Succeeded,-0.011060468,-0.002253736,0.000000000000e+00
38.820000,0.116031970,-0.001153129,-0.144200091,0.006637201,-0.013407782,2.634137,1,Solve_Succeeded,-0.011060468,-0.002253736,0.000000000000e+00
38.830000,0.114588655,-0.001086832,-0.144311810,0.006630861,-0.011826772,2.490930,1,Solve_Succeeded,-0.009740624,-0.002300437,1.734723475977e-18
38.840000,0.113144366,-0.001020764,-0.144411365,0.006610391,-0.011826772,2.490930,1,Solve_Succeeded,-0.009740624,-0.002300437,1.734723475977e-18
38.850000,0.111699093,-0.000954741,-0.144509881,0.006603519,-0.010252434,2.503061,1,Solve_Succeeded,-0.008426373,-0.002346481,0.000000000000e+00
38.860000,0.110252978,-0.000888952,-0.144596284,0.006582577,-0.010252434,2.503061,1,Solve_Succeeded,-0.008426373,-0.002346481,0.000000000000e+00
38.870000,0.108806010,-0.000823213,-0.144681653,0.006575177,-0.008685007,2.971563,1,Solve_Succeeded,-0.007117914,-0.002391863,0.000000000000e+00
38.880000,0.107358331,-0.000757713,-0.144754962,0.006553770,-0.008685007,2.971563,1,Solve_Succeeded,-0.007117914,-0.002391863,0.000000000000e+00
38.890000,0.105909931,-0.000692269,-0.144827242,0.006545846,-0.007124724,5.370776,1,Solve_Succeeded,-0.005815443,-0.002436579,8.673617379884e-19
38.900000,0.104460950,-0.000627068,-0.144887517,0.006523980,-0.007124724,5.370776,1,Solve_Succeeded,-0.005815443,-0.002436579,8.673617379884e-19
38.910000,0.103011378,-0.000561927,-0.144946767,0.006515535,-0.005571820,2.674849,1,Solve_Succeeded,-0.004519153,-0.002480625,5.421010862428e-20
38.920000,0.101561354,-0.000497034,-0.144994068,0.006493217,-0.005571820,2.674849,1,Solve_Succeeded,-0.004519153,-0.002480625,5.421010862428e-20
38.930000,0.100110868,-0.000432208,-0.145040350,0.006484257,-0.004026522,2.540827,1,Solve_Succeeded,-0.003229236,-0.002523996,0.000000000000e+00
38.940000,0.098660060,-0.000367633,-0.145074743,0.006461493,-0.004026522,2.540827,1,Solve_Succeeded,-0.003229236,-0.002523996,0.000000000000e+00
38.950000,0.097208920,-0.000303129,-0.145108120,0.006452022,-0.002489059,2.642093,1,Solve_Succeeded,-0.001945882,-0.002566690,4.336808689942e-19
38.960000,0.095757585,-0.000238882,-0.145129668,0.006428818,-0.002489059,2.642093,1,Solve_Succeeded,-0.001945882,-0.002566690,4.336808689942e-19
38.970000,0.094306047,-0.000174711,-0.145150206,0.006418840,-0.000959654,2.428124,1,Solve_Succeeded,-0.000669277,-0.002608702,1.084202172486e-19
38.980000,0.092854442,-0.000110801,-0.145158978,0.006395204,-0.000959654,2.428124,1,Solve_Succeeded,-0.000669277,-0.002608702,1.084202172486e-19
38.990000,0.091402761,-0.000046972,-0.145166744,0.006384723,0.000561469,2.422491,1,Solve_Succeeded,0.000600392,-0.002650029,1.084202172486e-19
39.000000,0.089951140,0.000016592,-0.145162808,0.006360660,0.000561469,2.422491,1,Solve_Succeeded,0.000600392,-0.002650029,1.084202172486e-19
39.010000,0.088499570,0.000080069,-0.145157872,0.006349682,0.002074092,2.559690,1,Solve_Succeeded,0.001862944,-0.002690668,4.336808689942e-19
39.020000,0.087048186,0.000143278,-0.145141298,0.006325199,0.002074092,2.559690,1,Solve_Succeeded,0.001862944,-0.002690668,4.336808689942e-19
39.030000,0.085596980,0.000206395,-0.145123730,0.006313728,0.003577999,3.428385,1,Solve_Succeeded,0.003118197,-0.002730615,4.336808689942e-19
39.040000,0.084146085,0.000269240,-0.145094592,0.006288831,0.003577999,3.428385,1,Solve_Succeeded,0.003118197,-0.002730615,4.336808689942e-19
39.050000,0.082695494,0.000331987,-0.145064466,0.006276871,0.005072974,2.504089,1,Solve_Succeeded,0.004365972,-0.002769867,8.673617379884e-19
39.060000,0.081245339,0.000394458,-0.145022838,0.006251568,0.005072974,2.504089,1,Solve_Succeeded,0.004365972,-0.002769867,8.673617379884e-19
39.070000,0.079795612,0.000456827,-0.144980228,0.006239125,0.006558808,2.903490,1,Solve_Succeeded,0.005606095,-0.002808422,0.000000000000e+00
39.080000,0.078346445,0.000518916,-0.144926186,0.006213421,0.006558808,2.903490,1,Solve_Succeeded,0.005606095,-0.002808422,0.000000000000e+00
39.090000,0.076897830,0.000580899,-0.144871169,0.006200499,0.008035291,2.685415,1,Solve_Succeeded,0.006838391,-0.002846276,0.000000000000e+00
39.100000,0.075449900,0.000642597,-0.144804791,0.006174402,0.008035291,2.685415,1,Solve_Succeeded,0.006838391,-0.002846276,0.000000000000e+00
39.110000,0.074002644,0.000704183,-0.144737444,0.006161007,0.009502218,2.581400,1,Solve_Succeeded,0.008062688,-0.002883426,5.421010862428e-20
39.120000,0.072556195,0.000765481,-0.144658811,0.006134522,0.009502218,2.581400,1,Solve_Succeeded,0.008062688,-0.002883426,5.421010862428e-20
39.130000,0.071110543,0.000826664,-0.144579214,0.006120658,0.010959387,2.617080,1,Solve_Succeeded,0.009278818,-0.002919871,5.421010862428e-20
39.140000,0.069665819,0.000887554,-0.144488406,0.006093793,0.010959387,2.617080,1,Solve_Succeeded,0.009278818,-0.002919871,5.421010862428e-20
39.150000,0.068222015,0.000948323,-0.144396641,0.006079465,0.012406597,2.451547,1,Solve_Succeeded,0.010486613,-0.002955607,1.734723475977e-18
39.160000,0.066779259,0.001008798,-0.144293742,0.006052228,0.012406597,2.451547,1,Solve_Succeeded,0.010486613,-0.002955607,1.734723475977e-18
39.170000,0.065337543,0.001069146,-0.144189892,0.006037441,0.013843650,2.442578,1,Solve_Succeeded,0.011685909,-0.002990633,0.000000000000e+00
39.180000,0.063896996,0.001129196,-0.144074986,0.006009836,0.013843650,2.442578,1,Solve_Succeeded,0.011685909,-0.002990633,0.000000000000e+00
39.190000,0.062457609,0.001189115,-0.143959136,0.005994596,0.015270354,2.623946,1,Solve_Succeeded,0.012876544,-0.003024946,1.734723475977e-18
39.200000,0.061019510,0.001248732,-0.143832309,0.005966632,0.015270354,2.623946,1,Solve_Succeeded,0.012876544,-0.003024946,1.734723475977e-18
39.210000,0.059582690,0.001308213,-0.143704546,0.005950943,0.016686515,3.080453,1,Solve_Succeeded,0.014058359,-0.003058545,1.084202172486e-19
39.220000,0.058147276,0.001367390,-0.143565887,0.005922626,0.016686515,3.080453,1,Solve_Succeeded,0.014058359,-0.003058545,1.084202172486e-19
39.230000,0.056713259,0.001426426,-0.143426297,0.005906493,0.018091946,2.807486,1,Solve_Succeeded,0.015231195,-0.003091426,1.084202172486e-19
39.240000,0.055280766,0.001485154,-0.143275896,0.005877830,0.018091946,2.807486,1,Solve_Succeeded,0.015231195,-0.003091426,1.084202172486e-19
39.250000,0.053849787,0.001543737,-0.143124570,0.005861259,0.019486461,2.555906,1,Solve_Succeeded,0.016394899,-0.003123589,3.469446951954e-18
39.260000,0.052420448,0.001602009,-0.142962517,0.005832257,0.019486461,2.555906,1,Solve_Succeeded,0.016394899,-0.003123589,3.469446951954e-18
39.270000,0.050992740,0.001660131,-0.142799547,0.005815254,0.020869877,2.615532,1,Solve_Succeeded,0.017549318,-0.003155032,3.469446951954e-18
39.280000,0.049566787,0.001717939,-0.142625934,0.005785920,0.020869877,2.615532,1,Solve_Succeeded,0.017549318,-0.003155032,3.469446951954e-18
39.290000,0.048142581,0.001775593,-0.142451412,0.005768489,0.022242014,4.245589,1,Solve_Succeeded,0.018694302,-0.003185754,0.000000000000e+00
39.300000,0.046720244,0.001832929,-0.142266334,0.005738829,0.022242014,4.245589,1,Solve_Succeeded,0.018694302,-0.003185754,0.000000000000e+00
39.310000,0.045299769,0.001890107,-0.142080355,0.005720976,0.023602695,2.910202,1,Solve_Succeeded,0.019829703,-0.003215752,6.938893903907e-18
39.320000,0.043881276,0.001946964,-0.141883907,0.005690998,0.023602695,2.910202,1,Solve_Succeeded,0.019829703,-0.003215752,6.938893903907e-18
39.330000,0.042464759,0.002003659,-0.141686565,0.005672729,0.024951747,2.809722,1,Solve_Succeeded,0.020955376,-0.003245026,3.469446951954e-18
39.340000,0.041050337,0.002060030,-0.141478845,0.005642439,0.024951747,2.809722,1,Solve_Succeeded,0.020955376,-0.003245026,3.469446951954e-18
39.350000,0.039638003,0.002116235,-0.141270239,0.005623759,0.026288998,2.496938,1,Solve_Succeeded,0.022071180,-0.003273575,6.938893903907e-18
39.360000,0.038227876,0.002172112,-0.141051344,0.005593165,0.026288998,2.496938,1,Solve_Succeeded,0.022071180,-0.003273575,6.938893903907e-18
39.370000,0.036819948,0.002227819,-0.140831572,0.005574078,0.027614280,2.730139,1,Solve_Succeeded,0.023176973,-0.003301397,0.000000000000e+00
39.380000,0.035414338,0.002283197,-0.140601603,0.005543187,0.027614280,2.730139,1,Solve_Succeeded,0.023176973,-0.003301397,0.000000000000e+00
39.390000,0.034011037,0.002338399,-0.140370764,0.005523701,0.028927430,2.678942,1,Solve_Succeeded,0.024272619,-0.003328493,3.469446951954e-18
39.400000,0.032610164,0.002393269,-0.140129823,0.005492519,0.028927430,2.678942,1,Solve_Succeeded,0.024272619,-0.003328493,3.469446951954e-18
39.410000,0.031211711,0.002447961,-0.139888019,0.005472638,0.030228283,2.508183,1,Solve_Succeeded,0.025357982,-0.003354860,6.938893903907e-18
39.420000,0.029815793,0.002502317,-0.139636207,0.005441174,0.030228283,2.508183,1,Solve_Succeeded,0.025357982,-0.003354860,6.938893903907e-18
39.430000,0.028422404,0.002556490,-0.139383540,0.005420904,0.031516683,2.507808,1,Solve_Succeeded,0.026432930,-0.003380499,2.168404344971e-19
39.440000,0.027031657,0.002610326,-0.139120962,0.005389163,0.031516683,2.507808,1,Solve_Succeeded,0.026432930,-0.003380499,2.168404344971e-19
39.450000,0.025643547,0.002663975,-0.138857538,0.005368509,0.032792472,3.580846,1,Solve_Succeeded,0.027497334,-0.003405409,0.000000000000e+00
39.460000,0.024258186,0.002717283,-0.138584298,0.005336499,0.032792472,3.580846,1,Solve_Succeeded,0.027497334,-0.003405409,0.000000000000e+00
39.470000,0.022875567,0.002770401,-0.138310221,0.005315468,0.034055498,2.872589,1,Solve_Succeeded,0.028551065,-0.003429590,0.000000000000e+00
39.480000,0.021495804,0.002823176,-0.138026427,0.005283196,0.034055498,2.872589,1,Solve_Succeeded,0.028551065,-0.003429590,0.000000000000e+00
39.490000,0.020118888,0.002875756,-0.137741804,0.005261794,0.035305612,2.754128,1,Solve_Succeeded,0.029593999,-0.003453041,6.938893903907e-18
39.500000,0.018744932,0.002927991,-0.137447563,0.005229266,0.035305612,2.754128,1,Solve_Succeeded,0.029593999,-0.003453041,6.938893903907e-18
39.510000,0.017373928,0.002980028,-0.137152501,0.005207497,0.036542666,2.503622,1,Solve_Succeeded,0.030626013,-0.003475763,0.000000000000e+00
39.520000,0.016005986,0.003031717,-0.136847922,0.005174722,0.036542666,2.503622,1,Solve_Succeeded,0.030626013,-0.003475763,0.000000000000e+00
39.530000,0.014641099,0.003083204,-0.136542531,0.005152593,0.037766517,2.709302,1,Solve_Succeeded,0.031646989,-0.003497755,0.000000000000e+00
39.540000,0.013279378,0.003134341,-0.136227724,0.005119577,0.037766517,2.709302,1,Solve_Succeeded,0.031646989,-0.003497755,0.000000000000e+00
39.550000,0.011920814,0.003185273,-0.135912114,0.005097093,0.038977025,2.498606,1,Solve_Succeeded,0.032656808,-0.003519018,6.938893903907e-18
39.560000,0.010565515,0.003235852,-0.135587191,0.005063843,0.038977025,2.498606,1,Solve_Succeeded,0.032656808,-0.003519018,6.938893903907e-18
39.570000,0.009213475,0.003286222,-0.135261473,0.005041011,0.040174051,2.947903,1,Solve_Succeeded,0.033655357,-0.003539551,2.168404344971e-19
39.580000,0.007864801,0.003336238,-0.134926547,0.005007534,0.040174051,2.947903,1,Solve_Succeeded,0.033655357,-0.003539551,2.168404344971e-19
39.590000,0.006519485,0.003386041,-0.134590834,0.004984360,0.041357463,3.653619,1,Solve_Succeeded,0.034642523,-0.003559356,6.938893903907e-18
39.600000,0.005177633,0.003435488,-0.134246017,0.004950663,0.041357463,3.653619,1,Solve_Succeeded,0.034642523,-0.003559356,6.938893903907e-18
39.610000,0.003839239,0.003484718,-0.133900423,0.004927152,0.042527127,3.057324,1,Solve_Succeeded,0.035618198,-0.003578433,6.938893903907e-18
39.620000,0.002504406,0.003533591,-0.133545831,0.004893242,0.042527127,3.057324,1,Solve_Succeeded,0.035618198,-0.003578433,6.938893903907e-18
39.630000,0.001173129,0.003582243,-0.133190471,0.004869400,0.043682918,2.633646,1,Solve_Succeeded,0.036582274,-0.003596783,6.938893903907e-18
39.640000,-0.000154491,0.003630535,-0.132826219,0.004835285,0.043682918,2.633646,1,Solve_Succeeded,0.036582274,-0.003596783,6.938893903907e-18
39.650000,-0.001478459,0.003678604,-0.132461208,0.004811119,0.044824708,2.451797,1,Solve_Succeeded,0.037534647,-0.003614405,4.336808689942e-19
39.660000,-0.002798673,0.003726312,-0.132087414,0.004776805,0.044824708,2.451797,1,Solve_Succeeded,0.037534647,-0.003614405,4.336808689942e-19
39.670000,-0.004115141,0.003773792,-0.131712870,0.004752319,0.045952377,2.536497,1,Solve_Succeeded,0.038475216,-0.003631302,6.938893903907e-18
39.680000,-0.005427761,0.003820909,-0.131329650,0.004717814,0.045952377,2.536497,1,Solve_Succeeded,0.038475216,-0.003631302,6.938893903907e-18
39.690000,-0.006736541,0.003867795,-0.130945690,0.004693016,0.047065806,2.402519,1,Solve_Succeeded,0.039403882,-0.003647474,6.938893903907e-18
39.700000,-0.008041379,0.003914317,-0.130553165,0.004658327,0.047065806,2.402519,1,Solve_Succeeded,0.039403882,-0.003647474,6.938893903907e-18
39.710000,-0.009342285,0.003960605,-0.130159908,0.004633222,0.048164879,2.607208,1,Solve_Succeeded,0.040320548,-0.003662923,6.938893903907e-18
39.720000,-0.010639158,0.004006527,-0.129758197,0.004598355,0.048164879,2.607208,1,Solve_Succeeded,0.040320548,-0.003662923,6.938893903907e-18
39.730000,-0.011932005,0.004052212,-0.129355763,0.004572949,0.049249484,2.381687,1,Solve_Succeeded,0.041225122,-0.003677649,1.387778780781e-17
39.740000,-0.013220730,0.004097529,-0.128944987,0.004537912,0.049249484,2.381687,1,Solve_Succeeded,0.041225122,-0.003677649,1.387778780781e-17
39.750000,-0.014505339,0.004142606,-0.128533497,0.004512212,0.050319511,2.447789,1,Solve_Succeeded,0.042117511,-0.003691654,4.336808689942e-19
39.760000,-0.015785736,0.004187314,-0.128113777,0.004477011,0.050319511,2.447789,1,Solve_Succeeded,0.042117511,-0.003691654,4.336808689942e-19
39.770000,-0.017061928,0.004231778,-0.127693353,0.004451023,0.051374854,3.472160,1,Solve_Succeeded,0.042997628,-0.003704940,0.000000000000e+00
39.780000,-0.018333819,0.004275872,-0.127264812,0.004415666,0.051374854,3.472160,1,Solve_Succeeded,0.042997628,-0.003704940,0.000000000000e+00
39.790000,-0.019601418,0.004319720,-0.126835577,0.004389395,0.052415411,2.635603,1,Solve_Succeeded,0.043865387,-0.003717507,4.336808689942e-19
39.800000,-0.020864630,0.004363196,-0.126398338,0.004353889,0.052415411,2.635603,1,Solve_Succeeded,0.043865387,-0.003717507,4.336808689942e-19
39.810000,-0.022123461,0.004406423,-0.125960415,0.004327342,0.053441080,2.437547,1,Solve_Succeeded,0.044720704,-0.003729359,0.000000000000e+00
39.820000,-0.023377820,0.004449277,-0.125514602,0.004291694,0.053441080,2.437547,1,Solve_Succeeded,0.044720704,-0.003729359,0.000000000000e+00
39.830000,-0.024627713,0.004491878,-0.125068116,0.004264877,0.054451766,2.579794,1,Solve_Succeeded,0.045563499,-0.003740496,6.938893903907e-18
39.840000,-0.025873050,0.004534106,-0.124613855,0.004229093,0.054451766,2.579794,1,Solve_Succeeded,0.045563499,-0.003740496,6.938893903907e-18
39.850000,-0.027113837,0.004576078,-0.124158930,0.004202012,0.055447376,2.606791,1,Solve_Succeeded,0.046393694,-0.003750921,6.938893903907e-18
39.860000,-0.028349984,0.004617676,-0.123696347,0.004166101,0.055447376,2.606791,1,Solve_Succeeded,0.046393694,-0.003750921,6.938893903907e-18
39.870000,-0.029581498,0.004659015,-0.123233109,0.004138762,0.056427817,2.798227,1,Solve_Succeeded,0.047211214,-0.003760635,6.938893903907e-18
39.880000,-0.030808290,0.004699979,-0.122762330,0.004102729,0.056427817,2.798227,1,Solve_Succeeded,0.047211214,-0.003760635,6.938893903907e-18
39.890000,-0.032030367,0.004740682,-0.122290907,0.004075138,0.057393003,2.930925,1,Solve_Succeeded,0.048015987,-0.003769642,4.336808689942e-19
39.900000,-0.033247643,0.004781008,-0.121812059,0.004038991,0.057393003,2.930925,1,Solve_Succeeded,0.048015987,-0.003769642,4.336808689942e-19
39.910000,-0.034460122,0.004821070,-0.121332578,0.004011155,0.058342851,2.431058,1,Solve_Succeeded,0.048807941,-0.003777942,6.938893903907e-18
39.920000,-0.035667721,0.004860755,-0.120845790,0.003974901,0.058342851,2.431058,1,Solve_Succeeded,0.048807941,-0.003777942,6.938893903907e-18
39.930000,-0.036870445,0.004900174,-0.120358378,0.003946826,0.059277278,2.470069,1,Solve_Succeeded,0.049587010,-0.003785540,6.938893903907e-18
39.940000,-0.038068210,0.004939215,-0.119863778,0.003910471,0.059277278,2.470069,1,Solve_Succeeded,0.049587010,-0.003785540,6.938893903907e-18
39.950000,-0.039261022,0.004977986,-0.119368565,0.003882162,0.060196206,2.406702,1,Solve_Succeeded,0.050353129,-0.003792436,6.938893903907e-18
39.960000,-0.040448798,0.005016379,-0.118866283,0.003845714,0.060196206,2.406702,1,Solve_Succeeded,0.050353129,-0.003792436,6.938893903907e-18
39.970000,-0.041631545,0.005054501,-0.118363397,0.003817179,0.061099562,2.393023,1,Solve_Succeeded,0.051106235,-0.003798634,1.387778780781e-17
39.980000,-0.042809181,0.005092243,-0.117853563,0.003780644,0.061099562,2.393023,1,Solve_Succeeded,0.051106235,-0.003798634,1.387778780781e-17
39.990000,-0.043981711,0.005129711,-0.117343136,0.003751888,0.061987273,2.425343,1,Solve_Succeeded,0.051846269,-0.003804136,6.938893903907e-18
40.000000,-0.045149057,0.005166799,-0.116825880,0.003715273,0.061987273,2.425343,1,Solve_Succeeded,0.051846269,-0.003804136,6.938893903907e-18
40.010000,-0.046311224,0.005203611,-0.116308041,0.003686304,0.062859271,2.411432,1,Solve_Succeeded,0.052573174,-0.003808946,4.336808689942e-19
40.020000,-0.047468133,0.005240042,-0.115783495,0.003649616,0.062859271,2.411432,1,Solve_Succeeded,0.052573174,-0.003808946,4.336808689942e-19
40.030000,-0.048619790,0.005276195,-0.115258376,0.003620438,0.063715491,2.480863,1,Solve_Succeeded,0.053286896,-0.003813065,4.336808689942e-19
40.040000,-0.049766118,0.005311967,-0.114726672,0.003583683,0.063715491,2.480863,1,Solve_Succeeded,0.053286896,-0.003813065,4.336808689942e-19
40.050000,-0.050907123,0.005347458,-0.114194405,0.003554304,0.064555869,2.422464,1,Solve_Succeeded,0.053987383,-0.003816498,4.336808689942e-19
40.060000,-0.052042729,0.005382568,-0.113655674,0.003517490,0.064555869,2.422464,1,Solve_Succeeded,0.053987383,-0.003816498,4.336808689942e-19
40.070000,-0.053172941,0.005417395,-0.113116390,0.003487914,0.065380347,4.288751,1,Solve_Succeeded,0.054674585,-0.003819248,0.000000000000e+00
40.080000,-0.054297686,0.005451841,-0.112570766,0.003451048,0.065380347,4.288751,1,Solve_Succeeded,0.054674585,-0.003819248,0.000000000000e+00
40.090000,-0.055416968,0.005486001,-0.112024600,0.003421283,0.066188868,2.554599,1,Solve_Succeeded,0.055348456,-0.003821317,0.000000000000e+00
40.100000,-0.056530716,0.005519779,-0.111472214,0.003384371,0.066188868,2.554599,1,Solve_Succeeded,0.055348456,-0.003821317,0.000000000000e+00
40.110000,-0.057638933,0.005553271,-0.110919298,0.003354423,0.066981381,2.859322,1,Solve_Succeeded,0.056008953,-0.003822709,4.336808689942e-19
40.120000,-0.058741549,0.005586380,-0.110360287,0.003317471,0.066981381,2.859322,1,Solve_Succeeded,0.056008953,-0.003822709,4.336808689942e-19
40.130000,-0.059838570,0.005619201,-0.109800754,0.003287346,0.067757833,2.602070,1,Solve_Succeeded,0.056656033,-0.003823427,4.336808689942e-19
40.140000,-0.060929924,0.005651639,-0.109235250,0.003250362,0.067757833,2.602070,1,Solve_Succeeded,0.056656033,-0.003823427,4.336808689942e-19
40.150000,-0.062015618,0.005683786,-0.108669236,0.003220066,0.068518180,2.504733,1,Solve_Succeeded,0.057289657,-0.003823476,1.301042606983e-18
40.160000,-0.063095582,0.005715551,-0.108097373,0.003183056,0.068518180,2.504733,1,Solve_Succeeded,0.057289657,-0.003823476,1.301042606983e-18
40.170000,-0.064169822,0.005747024,-0.107525011,0.003152596,0.069262376,2.598910,1,Solve_Succeeded,0.057909790,-0.003822858,4.336808689942e-19
40.180000,-0.065238271,0.005778114,-0.106946925,0.003115566,0.069262376,2.598910,1,Solve_Succeeded,0.057909790,-0.003822858,4.336808689942e-19
40.190000,-0.066300934,0.005808909,-0.106368351,0.003084948,0.069990382,2.555421,1,Solve_Succeeded,0.058516397,-0.003821577,4.336808689942e-19
40.200000,-0.067357745,0.005839323,-0.105784177,0.003047905,0.069990382,2.555421,1,Solve_Succeeded,0.058516397,-0.003821577,4.336808689942e-19
40.210000,-0.068408708,0.005869440,-0.105199525,0.003017135,0.070702159,2.400288,1,Solve_Succeeded,0.059109447,-0.003819638,1.387778780781e-17
40.220000,-0.069453761,0.005899176,-0.104609399,0.002980086,0.070702159,2.400288,1,Solve_Succeeded,0.059109447,-0.003819638,1.387778780781e-17
40.230000,-0.070492907,0.005928613,-0.104018805,0.002949169,0.071397673,3.072851,1,Solve_Succeeded,0.059688913,-0.003817043,1.387778780781e-17
40.240000,-0.071526084,0.005957669,-0.103422862,0.002912121,0.071397673,3.072851,1,Solve_Succeeded,0.059688913,-0.003817043,1.387778780781e-17
40.250000,-0.072553296,0.005986424,-0.102826462,0.002881065,0.072076893,2.520897,1,Solve_Succeeded,0.060254766,-0.003813798,4.336808689942e-19
40.260000,-0.073574482,0.006014799,-0.102224838,0.002844023,0.072076893,2.520897,1,Solve_Succeeded,0.060254766,-0.003813798,4.336808689942e-19
40.270000,-0.074589648,0.006042873,-0.101622768,0.002812833,0.072739788,2.436675,1,Solve_Succeeded,0.060806984,-0.003809906,4.336808689942e-19
40.280000,-0.075598732,0.006070565,-0.101015600,0.002775804,0.072739788,2.436675,1,Solve_Succeeded,0.060806984,-0.003809906,4.336808689942e-19
40.290000,-0.076601740,0.006097955,-0.100407997,0.002744488,0.073386335,2.503259,1,Solve_Succeeded,0.061345546,-0.003805372,1.387778780781e-17
40.300000,-0.077598613,0.006124964,-0.099795421,0.002707478,0.073386335,2.503259,1,Solve_Succeeded,0.061345546,-0.003805372,1.387778780781e-17
40.310000,-0.078589356,0.006151669,-0.099182420,0.002676040,0.074016510,2.596199,1,Solve_Succeeded,0.061870434,-0.003800199,4.336808689942e-19
40.320000,-0.079573911,0.006177995,-0.098564573,0.002639056,0.074016510,2.596199,1,Solve_Succeeded,0.061870434,-0.003800199,4.336808689942e-19
40.330000,-0.080552283,0.006204014,-0.097946312,0.002607504,0.074630294,2.400977,1,Solve_Succeeded,0.062381629,-0.003794392,0.000000000000e+00
40.340000,-0.081524417,0.006229654,-0.097323331,0.002570552,0.074630294,2.400977,1,Solve_Succeeded,0.062381629,-0.003794392,0.000000000000e+00
40.350000,-0.082490316,0.006254987,-0.096699947,0.002538891,0.075227669,2.472936,1,Solve_Succeeded,0.062879121,-0.003787957,1.387778780781e-17
40.360000,-0.083449928,0.006279942,-0.096071968,0.002501977,0.075227669,2.472936,1,Solve_Succeeded,0.062879121,-0.003787957,1.387778780781e-17
40.370000,-0.084403255,0.006304588,-0.095443598,0.002470213,0.075808623,2.356679,1,Solve_Succeeded,0.063362896,-0.003780896,1.387778780781e-17
40.380000,-0.085350246,0.006328856,-0.094810759,0.002433344,0.075808623,2.356679,1,Solve_Succeeded,0.063362896,-0.003780896,1.387778780781e-17
40.390000,-0.086290904,0.006352815,-0.094177539,0.002401484,0.076373145,2.834842,1,Solve_Succeeded,0.063832946,-0.003773215,1.387778780781e-17
40.400000,-0.087225178,0.006376397,-0.093539978,0.002364666,0.076373145,2.834842,1,Solve_Succeeded,0.063832946,-0.003773215,1.387778780781e-17
40.410000,-0.088153073,0.006399667,-0.092902046,0.002332715,0.076921226,2.774488,1,Solve_Succeeded,0.064289265,-0.003764919,1.387778780781e-17
40.420000,-0.089074539,0.006422562,-0.092259899,0.002295953,0.076921226,2.774488,1,Solve_Succeeded,0.064289265,-0.003764919,1.387778780781e-17
40.430000,-0.089989579,0.006445145,-0.091617392,0.002263918,0.077452862,2.549238,1,Solve_Succeeded,0.064731850,-0.003756012,1.387778780781e-17
40.440000,-0.090898146,0.006467352,-0.090970797,0.002227220,0.077452862,2.549238,1,Solve_Succeeded,0.064731850,-0.003756012,1.387778780781e-17
40.450000,-0.091800243,0.006489246,-0.090323853,0.002195106,0.077968050,2.446455,1,Solve_Succeeded,0.065160698,-0.003746499,4.336808689942e-19
40.460000,-0.092695823,0.006510767,-0.089672947,0.002158477,0.077968050,2.446455,1,Solve_Succeeded,0.065160698,-0.003746499,4.336808689942e-19
40.470000,-0.093584891,0.006531973,-0.089021703,0.002126291,0.078466792,2.466564,1,Solve_Succeeded,0.065575810,-0.003736386,1.387778780781e-17
40.480000,-0.094467401,0.006552806,-0.088366624,0.002089737,0.078466792,2.466564,1,Solve_Succeeded,0.065575810,-0.003736386,1.387778780781e-17
40.490000,-0.095343357,0.006573324,-0.087711217,0.002057485,0.078949092,2.741416,1,Solve_Succeeded,0.065977191,-0.003725676,1.387778780781e-17
40.500000,-0.096212715,0.006593469,-0.087052102,0.002021012,0.078949092,2.741416,1,Solve_Succeeded,0.065977191,-0.003725676,1.387778780781e-17
40.510000,-0.097075478,0.006613299,-0.086392670,0.001988699,0.079414955,2.842516,1,Solve_Succeeded,0.066364845,-0.003714377,0.000000000000e+00
40.520000,-0.097931604,0.006632758,-0.085729655,0.001952313,0.079414955,2.842516,1,Solve_Succeeded,0.066364845,-0.003714377,0.000000000000e+00
40.530000,-0.098781097,0.006651901,-0.085066335,0.001919946,0.079864392,3.484876,1,Solve_Succeeded,0.066738781,-0.003702492,0.000000000000e+00
40.540000,-0.099623916,0.006670673,-0.084399559,0.001883653,0.079864392,3.484876,1,Solve_Succeeded,0.066738781,-0.003702492,0.000000000000e+00
40.550000,-0.100460064,0.006689128,-0.083732488,0.001851238,0.080297414,2.379856,1,Solve_Succeeded,0.067099010,-0.003690026,0.000000000000e+00
40.560000,-0.101289502,0.006707215,-0.083062088,0.001815044,0.080297414,2.379856,1,Solve_Succeeded,0.067099010,-0.003690026,0.000000000000e+00
40.570000,-0.102112232,0.006724983,-0.082391403,0.001782586,0.080714036,2.730903,1,Solve_Succeeded,0.067445543,-0.003676986,0.000000000000e+00
40.580000,-0.102928218,0.006742385,-0.081717515,0.001746496,0.080714036,2.730903,1,Solve_Succeeded,0.067445543,-0.003676986,0.000000000000e+00
40.590000,-0.103737462,0.006759467,-0.081043353,0.001714002,0.081114277,3.274462,1,Solve_Succeeded,0.067778396,-0.003663377,0.000000000000e+00
40.600000,-0.104539928,0.006776184,-0.080366114,0.001678022,0.081114277,3.274462,1,Solve_Succeeded,0.067778396,-0.003663377,0.000000000000e+00
40.610000,-0.105335618,0.006792582,-0.079688613,0.001645497,0.081498156,2.526849,1,Solve_Succeeded,0.068097587,-0.003649204,1.387778780781e-17
40.620000,-0.106124499,0.006808615,-0.079008160,0.001609633,0.081498156,2.526849,1,Solve_Succeeded,0.068097587,-0.003649204,1.387778780781e-17
40.630000,-0.106906573,0.006824328,-0.078327455,0.001577083,0.081865698,2.425109,1,Solve_Succeeded,0.068403135,-0.003634473,1.387778780781e-17
40.640000,-0.107681806,0.006839678,-0.077643924,0.001541341,0.081865698,2.425109,1,Solve_Succeeded,0.068403135,-0.003634473,1.387778780781e-17
40.650000,-0.108450200,0.006854709,-0.076960152,0.001508772,0.082216928,2.478571,1,Solve_Succeeded,0.068695062,-0.003619189,1.387778780781e-17
40.660000,-0.109211726,0.006869377,-0.076273680,0.001473157,0.082216928,2.478571,1,Solve_Succeeded,0.068695062,-0.003619189,1.387778780781e-17
40.670000,-0.109966384,0.006883726,-0.075586977,0.001440575,0.082551874,3.522534,1,Solve_Succeeded,0.068973393,-0.003603358,8.673617379884e-19
40.680000,-0.110714144,0.006897714,-0.074897700,0.001405092,0.082551874,3.522534,1,Solve_Succeeded,0.068973393,-0.003603358,8.673617379884e-19
40.690000,-0.111455010,0.006911381,-0.074208202,0.001372503,0.082870569,2.535860,1,Solve_Succeeded,0.069238154,-0.003586986,0.000000000000e+00
40.700000,-0.112188951,0.006924691,-0.073516255,0.001337158,0.082870569,2.535860,1,Solve_Succeeded,0.069238154,-0.003586986,0.000000000000e+00
40.710000,-0.112915971,0.006937679,-0.072824099,0.001304567,0.083173047,2.460157,1,Solve_Succeeded,0.069489373,-0.003570079,1.387778780781e-17
40.720000,-0.113636041,0.006950310,-0.072129617,0.001269366,0.083173047,2.460157,1,Solve_Succeeded,0.069489373,-0.003570079,1.387778780781e-17
40.730000,-0.114349165,0.006962621,-0.071434938,0.001236778,0.083459344,2.503517,1,Solve_Succeeded,0.069727081,-0.003552642,1.387778780781e-17
40.740000,-0.115055316,0.006974576,-0.070738057,0.001201726,0.083459344,2.503517,1,Solve_Succeeded,0.069727081,-0.003552642,1.387778780781e-17
40.750000,-0.115754495,0.006986210,-0.070040989,0.001169148,0.083729499,2.581281,1,Solve_Succeeded,0.069951313,-0.003534682,1.387778780781e-17
40.760000,-0.116446680,0.006997491,-0.069341844,0.001134250,0.083729499,2.581281,1,Solve_Succeeded,0.069951313,-0.003534682,1.387778780781e-17
40.770000,-0.117131871,0.007008450,-0.068642522,0.001101688,0.083983554,2.472747,1,Solve_Succeeded,0.070162102,-0.003516204,0.000000000000e+00
40.780000,-0.117810046,0.007019058,-0.067941248,0.001066949,0.083983554,2.472747,1,Solve_Succeeded,0.070162102,-0.003516204,0.000000000000e+00
40.790000,-0.118481206,0.007029345,-0.067239807,0.001034408,0.084221555,2.359792,1,Solve_Succeeded,0.070359486,-0.003497215,0.000000000000e+00
40.800000,-0.119145331,0.007039282,-0.066536536,0.000999833,0.084221555,2.359792,1,Solve_Succeeded,0.070359486,-0.003497215,0.000000000000e+00
40.810000,-0.119802420,0.007048898,-0.065833110,0.000967318,0.084443548,2.434392,1,Solve_Succeeded,0.070543505,-0.003477721,0.000000000000e+00
40.820000,-0.120452456,0.007058167,-0.065127978,0.000932914,0.084443548,2.434392,1,Solve_Succeeded,0.070543505,-0.003477721,0.000000000000e+00
40.830000,-0.121095438,0.007067114,-0.064422701,0.000900431,0.084649582,2.751411,1,Solve_Succeeded,0.070714201,-0.003457727,1.387778780781e-17
40.840000,-0.121731349,0.007075715,-0.063715840,0.000866201,0.084649582,2.751411,1,Solve_Succeeded,0.070714201,-0.003457727,1.387778780781e-17
40.850000,-0.122360190,0.007083996,-0.063008844,0.000833755,0.084839711,3.864157,1,Solve_Succeeded,0.070871617,-0.003437241,0.000000000000e+00
40.860000,-0.122981944,0.007091932,-0.062300388,0.000799705,0.084839711,3.864157,1,Solve_Succeeded,0.070871617,-0.003437241,0.000000000000e+00
40.870000,-0.123596611,0.007099548,-0.061591807,0.000767303,0.085013988,2.529742,1,Solve_Succeeded,0.071015799,-0.003416268,1.387778780781e-17
40.880000,-0.124204177,0.007106823,-0.060881887,0.000733437,0.085013988,2.529742,1,Solve_Succeeded,0.071015799,-0.003416268,1.387778780781e-17
40.890000,-0.124804643,0.007113777,-0.060171853,0.000701083,0.085172471,2.530760,1,Solve_Succeeded,0.071146796,-0.003394815,1.387778780781e-17
40.900000,-0.125397994,0.007120391,-0.059460602,0.000667407,0.085172471,2.530760,1,Solve_Succeeded,0.071146796,-0.003394815,1.387778780781e-17
40.910000,-0.125984231,0.007126685,-0.058749247,0.000635107,0.085315219,2.469852,1,Solve_Succeeded,0.071264656,-0.003372889,0.000000000000e+00
40.920000,-0.126563342,0.007132643,-0.058036796,0.000601625,0.085315219,2.469852,1,Solve_Succeeded,0.071264656,-0.003372889,0.000000000000e+00
40.930000,-0.127135327,0.007138279,-0.057324251,0.000569384,0.085442294,2.409359,1,Solve_Succeeded,0.071369432,-0.003350494,1.387778780781e-17
40.940000,-0.127700175,0.007143582,-0.056610731,0.000536102,0.085442294,2.409359,1,Solve_Succeeded,0.071369432,-0.003350494,1.387778780781e-17
40.950000,-0.128257887,0.007148564,-0.055897127,0.000503925,0.085553761,2.432669,1,Solve_Succeeded,0.071461178,-0.003327639,1.387778780781e-17
40.960000,-0.128808453,0.007153214,-0.055182669,0.000470847,0.085553761,2.432669,1,Solve_Succeeded,0.071461178,-0.003327639,1.387778780781e-17
40.970000,-0.129351873,0.007157545,-0.054468137,0.000438739,0.085649686,2.626076,1,Solve_Succeeded,0.071539951,-0.003304330,1.387778780781e-17
40.980000,-0.129888139,0.007161546,-0.053752869,0.000405870,0.085649686,2.626076,1,Solve_Succeeded,0.071539951,-0.003304330,1.387778780781e-17
40.990000,-0.130417253,0.007165228,-0.053037539,0.000373837,0.085730139,2.468245,1,Solve_Succeeded,0.071605807,-0.003280573,2.775557561563e-17
41.000000,-0.130939205,0.007168582,-0.052321591,0.000341181,0.085730139,2.468245,1,Solve_Succeeded,0.071605807,-0.003280573,2.775557561563e-17
41.010000,-0.131453997,0.007171618,-0.051605592,0.000309229,0.085795190,2.438590,1,Solve_Succeeded,0.071658806,-0.003256375,8.673617379884e-19
41.020000,-0.131961624,0.007174328,-0.050889094,0.000276790,0.085795190,2.438590,1,Solve_Succeeded,0.071658806,-0.003256375,8.673617379884e-19
41.030000,-0.132462085,0.007176721,-0.050172553,0.000244923,0.085844914,2.454934,1,Solve_Succeeded,0.071699011,-0.003231742,0.000000000000e+00
41.040000,-0.132955376,0.007178792,-0.049455632,0.000212706,0.085844914,2.454934,1,Solve_Succeeded,0.071699011,-0.003231742,0.000000000000e+00
41.050000,-0.133441498,0.007180545,-0.048738679,0.000180929,0.085879387,2.776576,1,Solve_Succeeded,0.071726486,-0.003206682,1.387778780781e-17
41.060000,-0.133920447,0.007181978,-0.048021462,0.000148939,0.085879387,2.776576,1,Solve_Succeeded,0.071726486,-0.003206682,1.387778780781e-17
41.070000,-0.134392223,0.007183094,-0.047304223,0.000117258,0.085898686,2.888129,1,Solve_Succeeded,0.071741294,-0.003181200,0.000000000000e+00
41.080000,-0.134856826,0.007183893,-0.046586838,0.000085499,0.085898686,2.888129,1,Solve_Succeeded,0.071741294,-0.003181200,0.000000000000e+00
41.090000,-0.135314254,0.007184377,-0.045869441,0.000053918,0.085902893,2.627073,1,Solve_Succeeded,0.071743505,-0.003155305,8.673617379884e-19
41.100000,-0.135764508,0.007184545,-0.045152013,0.000022394,0.085902893,2.627073,1,Solve_Succeeded,0.071743505,-0.003155305,8.673617379884e-19
41.110000,-0.136207588,0.007184399,-0.044434583,-0.000009082,0.085892090,2.762812,1,Solve_Succeeded,0.071733187,-0.003129002,1.387778780781e-17
41.120000,-0.136643494,0.007183940,-0.043717238,-0.000040367,0.085892090,2.762812,1,Solve_Succeeded,0.071733187,-0.003129002,1.387778780781e-17
41.130000,-0.137072227,0.007183167,-0.042999900,-0.000071732,0.085866361,2.471018,1,Solve_Succeeded,0.071710412,-0.003102298,1.387778780781e-17
41.140000,-0.137493790,0.007182085,-0.042282763,-0.000102773,0.085866361,2.471018,1,Solve_Succeeded,0.071710412,-0.003102298,1.387778780781e-17
41.150000,-0.137908180,0.007180689,-0.041565642,-0.000134024,0.085825794,2.485330,1,Solve_Succeeded,0.071675251,-0.003075201,0.000000000000e+00
41.160000,-0.138315404,0.007178987,-0.040848836,-0.000164817,0.085825794,2.485330,1,Solve_Succeeded,0.071675251,-0.003075201,0.000000000000e+00
41.170000,-0.138715460,0.007176972,-0.040132057,-0.000195947,0.085770478,2.483118,1,Solve_Succeeded,0.071627780,-0.003047717,0.000000000000e+00
41.180000,-0.139108352,0.007174654,-0.039415706,-0.000226490,0.085770478,2.483118,1,Solve_Succeeded,0.071627780,-0.003047717,0.000000000000e+00
41.190000,-0.139494082,0.007172024,-0.038699391,-0.000257495,0.085700503,2.519765,1,Solve_Succeeded,0.071568075,-0.003019853,8.673617379884e-19
41.200000,-0.139872655,0.007169093,-0.037983617,-0.000287782,0.085700503,2.519765,1,Solve_Succeeded,0.071568075,-0.003019853,8.673617379884e-19
41.210000,-0.140244071,0.007165852,-0.037267889,-0.000318658,0.085615964,2.414593,1,Solve_Succeeded,0.071496214,-0.002991617,1.387778780781e-17
41.220000,-0.140608337,0.007162312,-0.036552814,-0.000348685,0.085615964,2.414593,1,Solve_Succeeded,0.071496214,-0.002991617,1.387778780781e-17
41.230000,-0.140965454,0.007158463,-0.035837794,-0.000379427,0.085516955,3.334922,1,Solve_Succeeded,0.071412276,-0.002963014,1.387778780781e-17
41.240000,-0.141315428,0.007154319,-0.035123539,-0.000409191,0.085516955,3.334922,1,Solve_Succeeded,0.071412276,-0.002963014,1.387778780781e-17
41.250000,-0.141658262,0.007149867,-0.034409349,-0.000439794,0.085403574,2.399135,1,Solve_Succeeded,0.071316344,-0.002934053,1.387778780781e-17
41.260000,-0.141993963,0.007145122,-0.033696033,-0.000469291,0.085403574,2.399135,1,Solve_Succeeded,0.071316344,-0.002934053,1.387778780781e-17
41.270000,-0.142322532,0.007140071,-0.032982792,-0.000499751,0.085275919,2.476067,1,Solve_Succeeded,0.071208499,-0.002904740,8.673617379884e-19
41.280000,-0.142643981,0.007134729,-0.032270535,-0.000528977,0.085275919,2.476067,1,Solve_Succeeded,0.071208499,-0.002904740,8.673617379884e-19
41.290000,-0.142958308,0.007129083,-0.031558363,-0.000559289,0.085134092,2.494506,1,Solve_Succeeded,0.071088828,-0.002875082,1.387778780781e-17
41.300000,-0.143265526,0.007123149,-0.030847283,-0.000588241,0.085134092,2.494506,1,Solve_Succeeded,0.071088828,-0.002875082,1.387778780781e-17
41.310000,-0.143565634,0.007116912,-0.030136298,-0.000618400,0.084978197,2.946783,1,Solve_Succeeded,0.070957415,-0.002845087,0.000000000000e+00
41.320000,-0.143858647,0.007110391,-0.029426513,-0.000647075,0.084978197,2.946783,1,Solve_Succeeded,0.070957415,-0.002845087,0.000000000000e+00
41.330000,-0.144144562,0.007103567,-0.028716832,-0.000677078,0.084808337,2.565285,1,Solve_Succeeded,0.070814349,-0.002814761,1.387778780781e-17
41.340000,-0.144423397,0.007096462,-0.028008459,-0.000705470,0.084808337,2.565285,1,Solve_Succeeded,0.070814349,-0.002814761,1.387778780781e-17
41.350000,-0.144695149,0.007089056,-0.027300199,-0.000735312,0.084624620,2.617003,1,Solve_Succeeded,0.070659719,-0.002784112,0.000000000000e+00
41.360000,-0.144959835,0.007081373,-0.026593354,-0.000763420,0.084624620,2.617003,1,Solve_Succeeded,0.070659719,-0.002784112,0.000000000000e+00
41.370000,-0.145217454,0.007073389,-0.025886630,-0.000793097,0.084427155,3.084852,1,Solve_Succeeded,0.070493617,-0.002753147,1.387778780781e-17
41.380000,-0.145468024,0.007065131,-0.025181427,-0.000820917,0.084427155,3.084852,1,Solve_Succeeded,0.070493617,-0.002753147,1.387778780781e-17
41.390000,-0.145711544,0.007056575,-0.024476354,-0.000850424,0.084216051,3.354622,1,Solve_Succeeded,0.070316133,-0.002721873,0.000000000000e+00
41.400000,-0.145948031,0.007047747,-0.023772908,-0.000877952,0.084216051,3.354622,1,Solve_Succeeded,0.070316133,-0.002721873,0.000000000000e+00
41.410000,-0.146177486,0.007038622,-0.023069601,-0.000907285,0.083991422,2.481125,1,Solve_Succeeded,0.070127364,-0.002690297,0.000000000000e+00
41.420000,-0.146399928,0.007029229,-0.022368024,-0.000934520,0.083991422,2.481125,1,Solve_Succeeded,0.070127364,-0.002690297,0.000000000000e+00
41.430000,-0.146615356,0.007019541,-0.021666594,-0.000963674,0.083753381,2.386467,1,Solve_Succeeded,0.069927403,-0.002658426,1.387778780781e-17
41.440000,-0.146823792,0.007009587,-0.020966999,-0.000990611,0.083753381,2.386467,1,Solve_Succeeded,0.069927403,-0.002658426,1.387778780781e-17
41.450000,-0.147025233,0.006999340,-0.020267560,-0.001019583,0.083502044,2.482208,1,Solve_Succeeded,0.069716347,-0.002626269,0.000000000000e+00
41.460000,-0.147219703,0.006988831,-0.019570057,-0.001046219,0.083502044,2.482208,1,Solve_Succeeded,0.069716347,-0.002626269,0.000000000000e+00
41.470000,-0.147407199,0.006978030,-0.018872719,-0.001075005,0.083237527,2.485714,1,Solve_Succeeded,0.069494295,-0.002593830,8.673617379884e-19
41.480000,-0.147587747,0.006966970,-0.018177418,-0.001101338,0.083237527,2.485714,1,Solve_Succeeded,0.069494295,-0.002593830,8.673617379884e-19
41.490000,-0.147761343,0.006955620,-0.017482292,-0.001129934,0.082959951,2.416887,1,Solve_Succeeded,0.069261346,-0.002561119,1.387778780781e-17
41.500000,-0.147928013,0.006944015,-0.016789303,-0.001155960,0.082959951,2.416887,1,Solve_Succeeded,0.069261346,-0.002561119,1.387778780781e-17
41.510000,-0.148087755,0.006932121,-0.016096497,-0.001184361,0.082669436,2.407044,1,Solve_Succeeded,0.069017602,-0.002528143,0.000000000000e+00
41.520000,-0.148240596,0.006919975,-0.015405928,-0.001210078,0.082669436,2.407044,1,Solve_Succeeded,0.069017602,-0.002528143,0.000000000000e+00
41.530000,-0.148386533,0.006907542,-0.014715551,-0.001238281,0.082366104,2.736680,1,Solve_Succeeded,0.068763163,-0.002494908,1.387778780781e-17
41.540000,-0.148525594,0.006894861,-0.014027509,-0.001263686,0.082366104,2.736680,1,Solve_Succeeded,0.068763163,-0.002494908,1.387778780781e-17
41.550000,-0.148657777,0.006881894,-0.013339666,-0.001291687,0.082050079,3.106290,1,Solve_Succeeded,0.068498135,-0.002461421,1.387778780781e-17
41.560000,-0.148783110,0.006868682,-0.012654258,-0.001316777,0.082050079,3.106290,1,Solve_Succeeded,0.068498135,-0.002461421,1.387778780781e-17
41.570000,-0.148901591,0.006855187,-0.011969057,-0.001344573,0.081721486,3.095238,1,Solve_Succeeded,0.068222621,-0.002427691,1.387778780781e-17
41.580000,-0.149013250,0.006841450,-0.011286386,-0.001369345,0.081721486,3.095238,1,Solve_Succeeded,0.068222621,-0.002427691,1.387778780781e-17
41.590000,-0.149118085,0.006827432,-0.010603931,-0.001396931,0.081380452,2.515480,1,Solve_Succeeded,0.067936727,-0.002393724,0.000000000000e+00
41.600000,-0.149216127,0.006813175,-0.009924103,-0.001421383,0.081380452,2.515480,1,Solve_Succeeded,0.067936727,-0.002393724,0.000000000000e+00
41.610000,-0.149307372,0.006798639,-0.009244498,-0.001448756,0.081027105,2.454989,1,Solve_Succeeded,0.067640562,-0.002359527,1.387778780781e-17
41.620000,-0.149391854,0.006783868,-0.008567615,-0.001472885,0.081027105,2.454989,1,Solve_Succeeded,0.067640562,-0.002359527,1.387778780781e-17
41.630000,-0.149469570,0.006768820,-0.007890963,-0.001500042,0.080661576,2.504289,1,Solve_Succeeded,0.067334233,-0.002325109,0.000000000000e+00
41.640000,-0.149540552,0.006753539,-0.007217126,-0.001523846,0.080661576,2.504289,1,Solve_Succeeded,0.067334233,-0.002325109,0.000000000000e+00
41.650000,-0.149604798,0.006737984,-0.006543530,-0.001550783,0.080283995,2.563243,1,Solve_Succeeded,0.067017851,-0.002290475,8.673617379884e-19
41.660000,-0.149662343,0.006722200,-0.005872840,-0.001574260,0.080283995,2.563243,1,Solve_Succeeded,0.067017851,-0.002290475,8.673617379884e-19
41.670000,-0.149713184,0.006706143,-0.005202399,-0.001600973,0.079894494,2.392258,1,Solve_Succeeded,0.066691525,-0.002255634,1.387778780781e-17
41.680000,-0.149757356,0.006689861,-0.004534956,-0.001624119,0.079894494,2.392258,1,Solve_Succeeded,0.066691525,-0.002255634,1.387778780781e-17
41.690000,-0.149794856,0.006673308,-0.003867770,-0.001650605,0.079493208,2.449817,1,Solve_Succeeded,0.066355368,-0.002220593,8.673617379884e-19
41.700000,-0.149825721,0.006656534,-0.003203673,-0.001673420,0.079493208,2.449817,1,Solve_Succeeded,0.066355368,-0.002220593,8.673617379884e-19
41.710000,-0.149849948,0.006639491,-0.002539840,-0.001699676,0.079080272,2.539629,1,Solve_Succeeded,0.066009493,-0.002185358,1.387778780781e-17
41.720000,-0.149867574,0.006622229,-0.001879186,-0.001722157,0.079080272,2.539629,1,Solve_Succeeded,0.066009493,-0.002185358,1.387778780781e-17
41.730000,-0.149878596,0.006604702,-0.001218804,-0.001748178,0.078655823,2.442278,1,Solve_Succeeded,0.065654014,-0.002149937,4.336808689942e-19
41.740000,-0.149883054,0.006586959,-0.000561689,-0.001770323,0.078655823,2.442278,1,Solve_Succeeded,0.065654014,-0.002149937,4.336808689942e-19
41.750000,-0.149880943,0.006568953,0.000095147,-0.001796108,0.078219997,2.438137,1,Solve_Succeeded,0.065289046,-0.002114338,1.387778780781e-17
41.760000,-0.149872304,0.006550735,0.000748627,-0.001817914,0.078219997,2.438137,1,Solve_Succeeded,0.065289046,-0.002114338,1.387778780781e-17
41.770000,-0.149857133,0.006532255,0.001401821,-0.001843459,0.077772934,2.474707,1,Solve_Succeeded,0.064914706,-0.002078567,1.387778780781e-17
41.780000,-0.149835470,0.006513568,0.002051574,-0.001864925,0.077772934,2.474707,1,Solve_Succeeded,0.064914706,-0.002078567,1.387778780781e-17
41.790000,-0.149807314,0.006494621,0.002701032,-0.001890226,0.077314775,2.379442,1,Solve_Succeeded,0.064531110,-0.002042632,4.336808689942e-19
41.800000,-0.149772704,0.006475471,0.003346964,-0.001911351,0.077314775,2.379442,1,Solve_Succeeded,0.064531110,-0.002042632,4.336808689942e-19
41.810000,-0.149731639,0.006456062,0.003992594,-0.001936405,0.076845660,3.411602,1,Solve_Succeeded,0.064138376,-0.002006540,1.387778780781e-17
41.820000,-0.149684160,0.006436454,0.004634613,-0.001957186,0.076845660,3.411602,1,Solve_Succeeded,0.064138376,-0.002006540,1.387778780781e-17
41.830000,-0.149630264,0.006416590,0.005276324,-0.001981991,0.076365732,2.600445,1,Solve_Succeeded,0.063736624,-0.001970298,1.387778780781e-17
41.840000,-0.149569995,0.006396530,0.005914340,-0.002002427,0.076365732,2.600445,1,Solve_Succeeded,0.063736624,-0.001970298,1.387778780781e-17
41.850000,-0.149503349,0.006376217,0.006552040,-0.002026980,0.075875135,2.537908,1,Solve_Succeeded,0.063325974,-0.001933913,0.000000000000e+00
41.860000,-0.149430371,0.006355711,0.007185965,-0.002047068,0.075875135,2.537908,1,Solve_Succeeded,0.063325974,-0.001933913,0.000000000000e+00
41.870000,-0.149351057,0.006334954,0.007819566,-0.002071365,0.075374012,2.760372,1,Solve_Succeeded,0.062906546,-0.001897393,0.000000000000e+00
41.880000,-0.149265453,0.006314008,0.008449310,-0.002091105,0.075374012,2.760372,1,Solve_Succeeded,0.062906546,-0.001897393,0.000000000000e+00
41.890000,-0.149173555,0.006292814,0.009078725,-0.002115144,0.074862511,2.900164,1,Solve_Succeeded,0.062478462,-0.001860744,4.336808689942e-19
41.900000,-0.149075409,0.006271435,0.009704203,-0.002134534,0.074862511,2.900164,1,Solve_Succeeded,0.062478462,-0.001860744,4.336808689942e-19
41.910000,-0.148971012,0.006249810,0.010329344,-0.002158312,0.074340776,2.596942,1,Solve_Succeeded,0.062041845,-0.001823974,1.387778780781e-17
41.920000,-0.148860412,0.006228003,0.010950469,-0.002177350,0.074340776,2.596942,1,Solve_Succeeded,0.062041845,-0.001823974,1.387778780781e-17
41.930000,-0.148743604,0.006205952,0.011571251,-0.002200865,0.073808957,2.457804,1,Solve_Succeeded,0.061596819,-0.001787090,0.000000000000e+00
41.940000,-0.148620636,0.006183724,0.012187940,-0.002219549,0.073808957,2.457804,1,Solve_Succeeded,0.061596819,-0.001787090,0.000000000000e+00
41.950000,-0.148491505,0.006161255,0.012804279,-0.002242798,0.073267202,2.520809,1,Solve_Succeeded,0.061143506,-0.001750099,0.000000000000e+00
41.960000,-0.148356261,0.006138611,0.013416448,-0.002261129,0.073267202,2.520809,1,Solve_Succeeded,0.061143506,-0.001750099,0.000000000000e+00
41.970000,-0.148214898,0.006115730,0.014028261,-0.002284108,0.072715659,3.038702,1,Solve_Succeeded,0.060682033,-0.001713008,1.387778780781e-17
41.980000,-0.148067468,0.006092677,0.014635828,-0.002302083,0.072715659,3.038702,1,Solve_Succeeded,0.060682033,-0.001713008,1.387778780781e-17
41.990000,-0.147913966,0.006069389,0.015243033,-0.002324792,0.072154480,2.770188,1,Solve_Succeeded,0.060212525,-0.001675824,4.336808689942e-19
42.000000,-0.147754443,0.006045934,0.015845919,-0.002342410,0.072154480,2.770188,1,Solve_Succeeded,0.060212525,-0.001675824,4.336808689942e-19
42.010000,-0.147588895,0.006022246,0.016448435,-0.002364844,0.071583816,2.400111,1,Solve_Succeeded,0.059735108,-0.001638554,8.673617379884e-19
42.020000,-0.147417374,0.005998394,0.017046559,-0.002382105,0.071583816,2.400111,1,Solve_Succeeded,0.059735108,-0.001638554,8.673617379884e-19
42.030000,-0.147239876,0.005974313,0.017644309,-0.002404263,0.071003818,2.755923,1,Solve_Succeeded,0.059249909,-0.001601205,1.387778780781e-17
42.040000,-0.147056453,0.005950071,0.018237593,-0.002421164,0.071003818,2.755923,1,Solve_Succeeded,0.059249909,-0.001601205,1.387778780781e-17
42.050000,-0.146867102,0.005925602,0.018830497,-0.002443045,0.070414640,2.442783,1,Solve_Succeeded,0.058757056,-0.001563783,0.000000000000e+00
42.060000,-0.146671875,0.005900977,0.019418866,-0.002459586,0.070414640,2.442783,1,Solve_Succeeded,0.058757056,-0.001563783,0.000000000000e+00
42.070000,-0.146470769,0.005876127,0.020006848,-0.002481185,0.069816435,2.567779,1,Solve_Succeeded,0.058256678,-0.001526297,4.336808689942e-19
42.080000,-0.146263837,0.005851125,0.020590225,-0.002497366,0.069816435,2.567779,1,Solve_Succeeded,0.058256678,-0.001526297,4.336808689942e-19
42.090000,-0.146051076,0.005825900,0.021173209,-0.002518682,0.069209358,2.603347,1,Solve_Succeeded,0.057748903,-0.001488753,4.336808689942e-19
42.100000,-0.145832541,0.005800528,0.021751521,-0.002534501,0.069209358,2.603347,1,Solve_Succeeded,0.057748903,-0.001488753,4.336808689942e-19
42.110000,-0.145608226,0.005774935,0.022329433,-0.002555532,0.068593562,2.455051,1,Solve_Succeeded,0.057233860,-0.001451157,0.000000000000e+00
42.120000,-0.145378189,0.005749198,0.022902606,-0.002570989,0.068593562,2.455051,1,Solve_Succeeded,0.057233860,-0.001451157,0.000000000000e+00
42.130000,-0.145142424,0.005723244,0.023475374,-0.002591733,0.067969205,2.519225,1,Solve_Succeeded,0.056711681,-0.001413517,8.673617379884e-19
42.140000,-0.144900989,0.005697149,0.024043337,-0.002606827,0.067969205,2.519225,1,Solve_Succeeded,0.056711681,-0.001413517,8.673617379884e-19
42.150000,-0.144653878,0.005670840,0.024610890,-0.002627281,0.067336442,2.659104,1,Solve_Succeeded,0.056182495,-0.001375840,0.000000000000e+00
42.160000,-0.144401150,0.005644394,0.025173572,-0.002642011,0.067336442,2.659104,1,Solve_Succeeded,0.056182495,-0.001375840,0.000000000000e+00
42.170000,-0.144142799,0.005617737,0.025735839,-0.002662175,0.066695430,3.298543,1,Solve_Succeeded,0.055646433,-0.001338132,1.387778780781e-17
42.180000,-0.143878884,0.005590946,0.026293172,-0.002676541,0.066695430,3.298543,1,Solve_Succeeded,0.055646433,-0.001338132,1.387778780781e-17
42.190000,-0.143609400,0.005563947,0.026850083,-0.002696411,0.066046327,2.524687,1,Solve_Succeeded,0.055103627,-0.001300399,1.387778780781e-17
42.200000,-0.143334406,0.005536818,0.027401999,-0.002710412,0.066046327,2.524687,1,Solve_Succeeded,0.055103627,-0.001300399,1.387778780781e-17
42.210000,-0.143053898,0.005509484,0.027953488,-0.002729987,0.065389291,2.463725,1,Solve_Succeeded,0.054554209,-0.001262650,1.387778780781e-17
42.220000,-0.142767935,0.005482023,0.028499921,-0.002743623,0.065389291,2.463725,1,Solve_Succeeded,0.054554209,-0.001262650,1.387778780781e-17
42.230000,-0.142476512,0.005454360,0.029045921,-0.002762902,0.064724479,2.561274,1,Solve_Succeeded,0.053998312,-0.001224889,4.336808689942e-19
42.240000,-0.142179689,0.005426575,0.029586805,-0.002776172,0.064724479,2.561274,1,Solve_Succeeded,0.053998312,-0.001224889,4.336808689942e-19
42.250000,-0.141877463,0.005398590,0.030127253,-0.002795152,0.064052052,2.419996,1,Solve_Succeeded,0.053436068,-0.001187125,1.387778780781e-17
42.260000,-0.141569893,0.005370487,0.030662525,-0.002808057,0.064052052,2.419996,1,Solve_Succeeded,0.053436068,-0.001187125,1.387778780781e-17
42.270000,-0.141256976,0.005342186,0.031197355,-0.002826737,0.063372168,2.593948,1,Solve_Succeeded,0.052867610,-0.001149364,1.387778780781e-17
42.280000,-0.140938772,0.005313771,0.031726952,-0.002839276,0.063372168,2.593948,1,Solve_Succeeded,0.052867610,-0.001149364,1.387778780781e-17
42.290000,-0.140615277,0.005285163,0.032256103,-0.002857654,0.062684988,2.439101,1,Solve_Succeeded,0.052293072,-0.001111611,0.000000000000e+00
42.300000,-0.140286553,0.005256443,0.032779965,-0.002869826,0.062684988,2.439101,1,Solve_Succeeded,0.052293072,-0.001111611,0.000000000000e+00
42.310000,-0.139952595,0.005227532,0.033303375,-0.002887901,0.061990671,2.541161,1,Solve_Succeeded,0.051712588,-0.001073875,6.938893903907e-18
42.320000,-0.139613467,0.005198514,0.033821442,-0.002899707,0.061990671,2.541161,1,Solve_Succeeded,0.051712588,-0.001073875,6.938893903907e-18
42.330000,-0.139269163,0.005169308,0.034339053,-0.002917477,0.061289379,2.854400,1,Solve_Succeeded,0.051126292,-0.001036161,0.000000000000e+00
42.340000,-0.138919746,0.005139998,0.034851266,-0.002928918,0.061289379,2.854400,1,Solve_Succeeded,0.051126292,-0.001036161,0.000000000000e+00
42.350000,-0.138565213,0.005110504,0.035363018,-0.002946381,0.060581272,2.507616,1,Solve_Succeeded,0.050534318,-0.000998475,6.938893903907e-18
42.360000,-0.138205626,0.005080910,0.035869321,-0.002957455,0.060581272,2.507616,1,Solve_Succeeded,0.050534318,-0.000998475,6.938893903907e-18
42.370000,-0.137840982,0.005051133,0.036375159,-0.002974612,0.059866510,2.503913,1,Solve_Succeeded,0.049936802,-0.000960825,6.938893903907e-18
42.380000,-0.137471344,0.005021261,0.036875496,-0.002985319,0.059866510,2.503913,1,Solve_Succeeded,0.049936802,-0.000960825,6.938893903907e-18
42.390000,-0.137096708,0.004991210,0.037375363,-0.003002167,0.059145257,2.539515,1,Solve_Succeeded,0.049333877,-0.000923216,6.938893903907e-18
42.400000,-0.136717139,0.004961067,0.037869679,-0.003012508,0.059145257,2.539515,1,Solve_Succeeded,0.049333877,-0.000923216,6.938893903907e-18
42.410000,-0.136332632,0.004930747,0.038363521,-0.003029046,0.058417674,2.403290,1,Solve_Succeeded,0.048725679,-0.000885656,6.938893903907e-18
42.420000,-0.135943253,0.004900339,0.038851764,-0.003039022,0.058417674,2.403290,1,Solve_Succeeded,0.048725679,-0.000885656,6.938893903907e-18
42.430000,-0.135548997,0.004869758,0.039339529,-0.003055248,0.057683921,2.484344,1,Solve_Succeeded,0.048112344,-0.000848149,6.938893903907e-18
42.440000,-0.135149930,0.004839092,0.039821647,-0.003064859,0.057683921,2.484344,1,Solve_Succeeded,0.048112344,-0.000848149,6.938893903907e-18
42.450000,-0.134746047,0.004808257,0.040303283,-0.003080773,0.056944163,2.479094,1,Solve_Succeeded,0.047494006,-0.000810703,0.000000000000e+00
42.460000,-0.134337415,0.004777340,0.040779225,-0.003090018,0.056944163,2.479094,1,Solve_Succeeded,0.047494006,-0.000810703,0.000000000000e+00
42.470000,-0.133924029,0.004746256,0.041254682,-0.003105619,0.056198560,2.555292,1,Solve_Succeeded,0.046870801,-0.000773323,0.000000000000e+00
42.480000,-0.133505956,0.004715096,0.041724401,-0.003114499,0.056198560,2.555292,1,Solve_Succeeded,0.046870801,-0.000773323,0.000000000000e+00
42.490000,-0.133083192,0.004683771,0.042193629,-0.003129785,0.055447275,2.520019,1,Solve_Succeeded,0.046242865,-0.000736016,0.000000000000e+00
42.500000,-0.132655803,0.004652373,0.042657076,-0.003138302,0.055447275,2.520019,1,Solve_Succeeded,0.046242865,-0.000736016,0.000000000000e+00
42.510000,-0.132223786,0.004620814,0.043120029,-0.003153273,0.054690471,2.482668,1,Solve_Succeeded,0.045610334,-0.000698788,6.938893903907e-18
42.520000,-0.131787208,0.004589185,0.043577159,-0.003161425,0.054690471,2.482668,1,Solve_Succeeded,0.045610334,-0.000698788,6.938893903907e-18
42.530000,-0.131346064,0.004557398,0.044033790,-0.003176080,0.053928310,3.135827,1,Solve_Succeeded,0.044973343,-0.000661645,6.938893903907e-18
42.540000,-0.130900423,0.004525546,0.044484557,-0.003183870,0.053928310,3.135827,1,Solve_Succeeded,0.044973343,-0.000661645,6.938893903907e-18
42.550000,-0.130450280,0.004493539,0.044934822,-0.003198208,0.053160955,2.509883,1,Solve_Succeeded,0.044332028,-0.000624593,4.336808689942e-19
42.560000,-0.129995704,0.004461469,0.045379183,-0.003205635,0.053160955,2.509883,1,Solve_Succeeded,0.044332028,-0.000624593,4.336808689942e-19
42.570000,-0.129536690,0.004429248,0.045823039,-0.003219655,0.052388568,3.063343,1,Solve_Succeeded,0.043686524,-0.000587638,6.938893903907e-18
42.580000,-0.129073308,0.004396968,0.046260951,-0.003226720,0.052388568,3.063343,1,Solve_Succeeded,0.043686524,-0.000587638,6.938893903907e-18
42.590000,-0.128605553,0.004364540,0.046698356,-0.003240422,0.051611312,3.796646,1,Solve_Succeeded,0.043036968,-0.000550786,4.336808689942e-19
42.600000,-0.128133494,0.004332057,0.047129779,-0.003247126,0.051611312,3.796646,1,Solve_Succeeded,0.043036968,-0.000550786,4.336808689942e-19
42.610000,-0.127657126,0.004299428,0.047560692,-0.003260509,0.050829349,2.516133,1,Solve_Succeeded,0.042383495,-0.000514042,0.000000000000e+00
42.620000,-0.127176521,0.004266748,0.047985586,-0.003266853,0.050829349,2.516133,1,Solve_Succeeded,0.042383495,-0.000514042,0.000000000000e+00
42.630000,-0.126691672,0.004233926,0.048409967,-0.003279916,0.050042842,2.531388,1,Solve_Succeeded,0.041726241,-0.000477413,0.000000000000e+00
42.640000,-0.126202651,0.004201056,0.048828296,-0.003285901,0.050042842,2.531388,1,Solve_Succeeded,0.041726241,-0.000477413,0.000000000000e+00
42.650000,-0.125709452,0.004168048,0.049246108,-0.003298644,0.049251954,2.566367,1,Solve_Succeeded,0.041065342,-0.000440904,4.336808689942e-19
42.660000,-0.125212148,0.004134995,0.049657833,-0.003304271,0.049251954,2.566367,1,Solve_Succeeded,0.041065342,-0.000440904,4.336808689942e-19
42.670000,-0.124710731,0.004101806,0.050069039,-0.003316694,0.048456845,2.386670,1,Solve_Succeeded,0.040400932,-0.000404521,4.336808689942e-19
42.680000,-0.124205275,0.004068577,0.050474126,-0.003321963,0.048456845,2.386670,1,Solve_Succeeded,0.040400932,-0.000404521,4.336808689942e-19
42.690000,-0.123695775,0.004035215,0.050878691,-0.003334064,0.047657678,2.935691,1,Solve_Succeeded,0.039733147,-0.000368269,4.336808689942e-19
42.700000,-0.123182300,0.004001817,0.051277105,-0.003338977,0.047657678,2.935691,1,Solve_Succeeded,0.039733147,-0.000368269,4.336808689942e-19
42.710000,-0.122664848,0.003968288,0.051674995,-0.003350758,0.046854616,3.061435,1,Solve_Succeeded,0.039062123,-0.000332155,6.938893903907e-18
42.720000,-0.122143490,0.003934727,0.052066705,-0.003355316,0.046854616,3.061435,1,Solve_Succeeded,0.039062123,-0.000332155,6.938893903907e-18
42.730000,-0.121618221,0.003901039,0.052457887,-0.003366775,0.046047819,2.489168,1,Solve_Succeeded,0.038387994,-0.000296183,1.387778780781e-17
42.740000,-0.121089113,0.003867322,0.052842861,-0.003370978,0.046047819,2.489168,1,Solve_Succeeded,0.038387994,-0.000296183,1.387778780781e-17
42.750000,-0.120556161,0.003833481,0.053227304,-0.003382116,0.045237449,2.443434,1,Solve_Succeeded,0.037710894,-0.000260360,0.000000000000e+00
42.760000,-0.120019439,0.003799615,0.053605511,-0.003385966,0.045237449,2.443434,1,Solve_Succeeded,0.037710894,-0.000260360,0.000000000000e+00
42.770000,-0.119478940,0.003765628,0.053983186,-0.003396782,0.044423667,2.713383,1,Solve_Succeeded,0.037030959,-0.000224690,6.938893903907e-18
42.780000,-0.118934739,0.003731619,0.054354599,-0.003400281,0.044423667,2.713383,1,Solve_Succeeded,0.037030959,-0.000224690,6.938893903907e-18
42.790000,-0.118386830,0.003697492,0.054725477,-0.003410775,0.043606634,2.578956,1,Solve_Succeeded,0.036348323,-0.000189179,6.938893903907e-18
42.800000,-0.117835286,0.003663348,0.055090068,-0.003413924,0.043606634,2.578956,1,Solve_Succeeded,0.036348323,-0.000189179,6.938893903907e-18
42.810000,-0.117280102,0.003629089,0.055454122,-0.003424095,0.042786510,2.568133,1,Solve_Succeeded,0.035663119,-0.000153832,6.938893903907e-18
42.820000,-0.116721352,0.003594815,0.055811865,-0.003426896,0.042786510,2.568133,1,Solve_Succeeded,0.035663119,-0.000153832,6.938893903907e-18
42.830000,-0.116159031,0.003560430,0.056169069,-0.003436745,0.041963456,2.507558,1,Solve_Succeeded,0.034975481,-0.000118655,6.938893903907e-18
42.840000,-0.115593212,0.003526034,0.056519939,-0.003439198,0.041963456,2.507558,1,Solve_Succeeded,0.034975481,-0.000118655,6.938893903907e-18
42.850000,-0.115023892,0.003491530,0.056870269,-0.003448726,0.041137631,2.640073,1,Solve_Succeeded,0.034285544,-0.000083652,0.000000000000e+00
42.860000,-0.114451142,0.003457018,0.057214244,-0.003450833,0.041137631,2.640073,1,Solve_Succeeded,0.034285544,-0.000083652,0.000000000000e+00
42.870000,-0.113874959,0.003422401,0.057557676,-0.003460039,0.040309194,3.519282,1,Solve_Succeeded,0.033593439,-0.000048830,6.938893903907e-18
42.880000,-0.113295417,0.003387780,0.057894733,-0.003461802,0.040309194,3.519282,1,Solve_Succeeded,0.033593439,-0.000048830,6.938893903907e-18
42.890000,-0.112712511,0.003353057,0.058231246,-0.003470685,0.039478305,3.114187,1,Solve_Succeeded,0.032899299,-0.000014192,0.000000000000e+00
42.900000,-0.112126315,0.003318334,0.058561366,-0.003472106,0.039478305,3.114187,1,Solve_Succeeded,0.032899299,-0.000014192,0.000000000000e+00
42.910000,-0.111536824,0.003283512,0.058890939,-0.003480668,0.038645121,2.465452,1,Solve_Succeeded,0.032203257,0.000020256,0.000000000000e+00
42.920000,-0.110944112,0.003248693,0.059214101,-0.003481748,0.038645121,2.465452,1,Solve_Succeeded,0.032203257,0.000020256,0.000000000000e+00
42.930000,-0.110348176,0.003213778,0.059536716,-0.003489989,0.037809802,2.482535,1,Solve_Succeeded,0.031505444,0.000054509,2.168404344971e-19
42.940000,-0.109749089,0.003178870,0.059852902,-0.003490729,0.037809802,2.482535,1,Solve_Succeeded,0.031505444,0.000054509,2.168404344971e-19
42.950000,-0.109146846,0.003143869,0.060168540,-0.003498649,0.036972503,2.469280,1,Solve_Succeeded,0.030805993,0.000088562,0.000000000000e+00
42.960000,-0.108541523,0.003108878,0.060477735,-0.003499052,0.036972503,2.469280,1,Solve_Succeeded,0.030805993,0.000088562,0.000000000000e+00
42.970000,-0.107933115,0.003073798,0.060786380,-0.003506652,0.036133383,2.519594,1,Solve_Succeeded,0.030105034,0.000122411,6.938893903907e-18
42.980000,-0.107321696,0.003038731,0.061088568,-0.003506719,0.036133383,2.519594,1,Solve_Succeeded,0.030105034,0.000122411,6.938893903907e-18
42.990000,-0.106707262,0.003003578,0.061390204,-0.003513998,0.035292597,2.668217,1,Solve_Succeeded,0.029402697,0.000156050,6.938893903907e-18
43.000000,-0.106089887,0.002968441,0.061685371,-0.003513731,0.035292597,2.668217,1,Solve_Succeeded,0.029402697,0.000156050,6.938893903907e-18
43.010000,-0.105469567,0.002933222,0.061979985,-0.003520692,0.034450302,2.470589,1,Solve_Succeeded,0.028699113,0.000189475,2.168404344971e-19
43.020000,-0.104846378,0.002898022,0.062268118,-0.003520093,0.034450302,2.470589,1,Solve_Succeeded,0.028699113,0.000189475,2.168404344971e-19
43.030000,-0.104220313,0.002862743,0.062555698,-0.003526734,0.033606653,2.394740,1,Solve_Succeeded,0.027994412,0.000222682,6.938893903907e-18
43.040000,-0.103591449,0.002827486,0.062836786,-0.003525805,0.033606653,2.394740,1,Solve_Succeeded,0.027994412,0.000222682,6.938893903907e-18
43.050000,-0.102959781,0.002792154,0.063117319,-0.003532128,0.032761804,2.676639,1,Solve_Succeeded,0.027288722,0.000255666,0.000000000000e+00
43.060000,-0.102325384,0.002756848,0.063391351,-0.003530871,0.032761804,2.676639,1,Solve_Succeeded,0.027288722,0.000255666,0.000000000000e+00
43.070000,-0.101688253,0.002721468,0.063664829,-0.003536876,0.031915909,2.629725,1,Solve_Succeeded,0.026582171,0.000288421,6.938893903907e-18
43.080000,-0.101048464,0.002686118,0.063931797,-0.003535293,0.031915909,2.629725,1,Solve_Succeeded,0.026582171,0.000288421,6.938893903907e-18
43.090000,-0.100406012,0.002650698,0.064198210,-0.003540981,0.031069121,3.232971,1,Solve_Succeeded,0.025874889,0.000320945,3.469446951954e-18
43.100000,-0.099760972,0.002615311,0.064458107,-0.003539074,0.031069121,3.232971,1,Solve_Succeeded,0.025874889,0.000320945,3.469446951954e-18
43.110000,-0.099113340,0.002579857,0.064717447,-0.003544446,0.030221594,2.647999,1,Solve_Succeeded,0.025167002,0.000353232,3.469446951954e-18
43.120000,-0.098463191,0.002544439,0.064970266,-0.003542217,0.030221594,2.647999,1,Solve_Succeeded,0.025167002,0.000353232,3.469446951954e-18
43.130000,-0.097810521,0.002508957,0.065222528,-0.003547274,0.029373479,2.554788,1,Solve_Succeeded,0.024458637,0.000385278,3.469446951954e-18
43.140000,-0.097155404,0.002473514,0.065468264,-0.003544725,0.029373479,2.554788,1,Solve_Succeeded,0.024458637,0.000385278,3.469446951954e-18
43.150000,-0.096497837,0.002438011,0.065713443,-0.003549467,0.028524926,2.949533,1,Solve_Succeeded,0.023749920,0.000417079,0.000000000000e+00
43.160000,-0.095837895,0.002402550,0.065952092,-0.003546601,0.028524926,2.949533,1,Solve_Succeeded,0.023749920,0.000417079,0.000000000000e+00
43.170000,-0.095175573,0.002367032,0.066190184,-0.003551029,0.027676088,2.897531,1,Solve_Succeeded,0.023040976,0.000448630,3.469446951954e-18
